[0.182s] DEBUG:colcon:Command line arguments: ['/usr/bin/colcon', 'build']
[0.183s] DEBUG:colcon:Parsed command line arguments: Namespace(log_base=None, log_level=None, verb_name='build', build_base='build', install_base='install', merge_install=False, symlink_install=False, test_result_base=None, continue_on_error=False, executor='parallel', parallel_workers=14, event_handlers=None, ignore_user_meta=False, metas=['./colcon.meta'], base_paths=['.'], packages_ignore=None, packages_ignore_regex=None, paths=None, packages_up_to=None, packages_up_to_regex=None, packages_above=None, packages_above_and_dependencies=None, packages_above_depth=None, packages_select_by_dep=None, packages_skip_by_dep=None, packages_skip_up_to=None, packages_select_build_failed=False, packages_skip_build_finished=False, packages_select_test_failures=False, packages_skip_test_passed=False, packages_select=None, packages_skip=None, packages_select_regex=None, packages_skip_regex=None, packages_start=None, packages_end=None, allow_overriding=[], cmake_args=None, cmake_target=None, cmake_target_skip_unavailable=False, cmake_clean_cache=False, cmake_clean_first=False, cmake_force_configure=False, ament_cmake_args=None, catkin_cmake_args=None, catkin_skip_building_tests=False, mixin_files=None, mixin=None, verb_parser=<colcon_mixin.mixin.mixin_argument.MixinArgumentDecorator object at 0x76ee73ddc440>, verb_extension=<colcon_core.verb.build.BuildVerb object at 0x76ee73ef86e0>, main=<bound method BuildVerb.main of <colcon_core.verb.build.BuildVerb object at 0x76ee73ef86e0>>, mixin_verb=('build',))
[0.239s] Level 1:colcon.colcon_core.package_discovery:discover_packages(colcon_meta) check parameters
[0.239s] Level 1:colcon.colcon_core.package_discovery:discover_packages(recursive) check parameters
[0.239s] Level 1:colcon.colcon_core.package_discovery:discover_packages(ignore) check parameters
[0.239s] Level 1:colcon.colcon_core.package_discovery:discover_packages(path) check parameters
[0.239s] Level 1:colcon.colcon_core.package_discovery:discover_packages(colcon_meta) discover
[0.239s] Level 1:colcon.colcon_core.package_discovery:discover_packages(recursive) discover
[0.239s] INFO:colcon.colcon_core.package_discovery:Crawling recursively for packages in '/home/intern1/ros2_ws'
[0.240s] Level 1:colcon.colcon_core.package_identification:_identify(.) by extensions ['ignore', 'ignore_ament_install']
[0.240s] Level 1:colcon.colcon_core.package_identification:_identify(.) by extension 'ignore'
[0.240s] Level 1:colcon.colcon_core.package_identification:_identify(.) by extension 'ignore_ament_install'
[0.240s] Level 1:colcon.colcon_core.package_identification:_identify(.) by extensions ['colcon_pkg']
[0.240s] Level 1:colcon.colcon_core.package_identification:_identify(.) by extension 'colcon_pkg'
[0.240s] Level 1:colcon.colcon_core.package_identification:_identify(.) by extensions ['colcon_meta']
[0.240s] Level 1:colcon.colcon_core.package_identification:_identify(.) by extension 'colcon_meta'
[0.240s] Level 1:colcon.colcon_core.package_identification:_identify(.) by extensions ['ros']
[0.240s] Level 1:colcon.colcon_core.package_identification:_identify(.) by extension 'ros'
[0.287s] Level 1:colcon.colcon_core.package_identification:_identify(.) by extensions ['cmake', 'python']
[0.287s] Level 1:colcon.colcon_core.package_identification:_identify(.) by extension 'cmake'
[0.288s] Level 1:colcon.colcon_core.package_identification:_identify(.) by extension 'python'
[0.288s] Level 1:colcon.colcon_core.package_identification:_identify(.) by extensions ['python_setup_py']
[0.288s] Level 1:colcon.colcon_core.package_identification:_identify(.) by extension 'python_setup_py'
[0.288s] Level 1:colcon.colcon_core.package_identification:_identify(build) by extensions ['ignore', 'ignore_ament_install']
[0.289s] Level 1:colcon.colcon_core.package_identification:_identify(build) by extension 'ignore'
[0.289s] Level 1:colcon.colcon_core.package_identification:_identify(build) ignored
[0.289s] Level 1:colcon.colcon_core.package_identification:_identify(install) by extensions ['ignore', 'ignore_ament_install']
[0.290s] Level 1:colcon.colcon_core.package_identification:_identify(install) by extension 'ignore'
[0.290s] Level 1:colcon.colcon_core.package_identification:_identify(install) ignored
[0.291s] Level 1:colcon.colcon_core.package_identification:_identify(log) by extensions ['ignore', 'ignore_ament_install']
[0.291s] Level 1:colcon.colcon_core.package_identification:_identify(log) by extension 'ignore'
[0.291s] Level 1:colcon.colcon_core.package_identification:_identify(log) ignored
[0.291s] Level 1:colcon.colcon_core.package_identification:_identify(src) by extensions ['ignore', 'ignore_ament_install']
[0.292s] Level 1:colcon.colcon_core.package_identification:_identify(src) by extension 'ignore'
[0.292s] Level 1:colcon.colcon_core.package_identification:_identify(src) by extension 'ignore_ament_install'
[0.292s] Level 1:colcon.colcon_core.package_identification:_identify(src) by extensions ['colcon_pkg']
[0.292s] Level 1:colcon.colcon_core.package_identification:_identify(src) by extension 'colcon_pkg'
[0.292s] Level 1:colcon.colcon_core.package_identification:_identify(src) by extensions ['colcon_meta']
[0.292s] Level 1:colcon.colcon_core.package_identification:_identify(src) by extension 'colcon_meta'
[0.292s] Level 1:colcon.colcon_core.package_identification:_identify(src) by extensions ['ros']
[0.292s] Level 1:colcon.colcon_core.package_identification:_identify(src) by extension 'ros'
[0.293s] Level 1:colcon.colcon_core.package_identification:_identify(src) by extensions ['cmake', 'python']
[0.293s] Level 1:colcon.colcon_core.package_identification:_identify(src) by extension 'cmake'
[0.293s] Level 1:colcon.colcon_core.package_identification:_identify(src) by extension 'python'
[0.293s] Level 1:colcon.colcon_core.package_identification:_identify(src) by extensions ['python_setup_py']
[0.293s] Level 1:colcon.colcon_core.package_identification:_identify(src) by extension 'python_setup_py'
[0.293s] Level 1:colcon.colcon_core.package_identification:_identify(src/amr_ws) by extensions ['ignore', 'ignore_ament_install']
[0.294s] Level 1:colcon.colcon_core.package_identification:_identify(src/amr_ws) by extension 'ignore'
[0.294s] Level 1:colcon.colcon_core.package_identification:_identify(src/amr_ws) by extension 'ignore_ament_install'
[0.294s] Level 1:colcon.colcon_core.package_identification:_identify(src/amr_ws) by extensions ['colcon_pkg']
[0.294s] Level 1:colcon.colcon_core.package_identification:_identify(src/amr_ws) by extension 'colcon_pkg'
[0.294s] Level 1:colcon.colcon_core.package_identification:_identify(src/amr_ws) by extensions ['colcon_meta']
[0.294s] Level 1:colcon.colcon_core.package_identification:_identify(src/amr_ws) by extension 'colcon_meta'
[0.294s] Level 1:colcon.colcon_core.package_identification:_identify(src/amr_ws) by extensions ['ros']
[0.294s] Level 1:colcon.colcon_core.package_identification:_identify(src/amr_ws) by extension 'ros'
[0.300s] DEBUG:colcon.colcon_core.package_identification:Package 'src/amr_ws' with type 'ros.ament_python' and name 'amr_ws'
[0.300s] Level 1:colcon.colcon_core.package_identification:_identify(src/build) by extensions ['ignore', 'ignore_ament_install']
[0.301s] Level 1:colcon.colcon_core.package_identification:_identify(src/build) by extension 'ignore'
[0.301s] Level 1:colcon.colcon_core.package_identification:_identify(src/build) ignored
[0.301s] Level 1:colcon.colcon_core.package_identification:_identify(src/camera_follow) by extensions ['ignore', 'ignore_ament_install']
[0.301s] Level 1:colcon.colcon_core.package_identification:_identify(src/camera_follow) by extension 'ignore'
[0.301s] Level 1:colcon.colcon_core.package_identification:_identify(src/camera_follow) by extension 'ignore_ament_install'
[0.301s] Level 1:colcon.colcon_core.package_identification:_identify(src/camera_follow) by extensions ['colcon_pkg']
[0.301s] Level 1:colcon.colcon_core.package_identification:_identify(src/camera_follow) by extension 'colcon_pkg'
[0.302s] Level 1:colcon.colcon_core.package_identification:_identify(src/camera_follow) by extensions ['colcon_meta']
[0.302s] Level 1:colcon.colcon_core.package_identification:_identify(src/camera_follow) by extension 'colcon_meta'
[0.302s] Level 1:colcon.colcon_core.package_identification:_identify(src/camera_follow) by extensions ['ros']
[0.302s] Level 1:colcon.colcon_core.package_identification:_identify(src/camera_follow) by extension 'ros'
[0.303s] DEBUG:colcon.colcon_core.package_identification:Package 'src/camera_follow' with type 'ros.ament_python' and name 'camera_follow'
[0.303s] Level 1:colcon.colcon_core.package_identification:_identify(src/education_material) by extensions ['ignore', 'ignore_ament_install']
[0.303s] Level 1:colcon.colcon_core.package_identification:_identify(src/education_material) by extension 'ignore'
[0.303s] Level 1:colcon.colcon_core.package_identification:_identify(src/education_material) by extension 'ignore_ament_install'
[0.304s] Level 1:colcon.colcon_core.package_identification:_identify(src/education_material) by extensions ['colcon_pkg']
[0.304s] Level 1:colcon.colcon_core.package_identification:_identify(src/education_material) by extension 'colcon_pkg'
[0.304s] Level 1:colcon.colcon_core.package_identification:_identify(src/education_material) by extensions ['colcon_meta']
[0.304s] Level 1:colcon.colcon_core.package_identification:_identify(src/education_material) by extension 'colcon_meta'
[0.304s] Level 1:colcon.colcon_core.package_identification:_identify(src/education_material) by extensions ['ros']
[0.304s] Level 1:colcon.colcon_core.package_identification:_identify(src/education_material) by extension 'ros'
[0.305s] DEBUG:colcon.colcon_core.package_identification:Package 'src/education_material' with type 'ros.ament_python' and name 'education_material'
[0.305s] Level 1:colcon.colcon_core.package_identification:_identify(src/examples) by extensions ['ignore', 'ignore_ament_install']
[0.305s] Level 1:colcon.colcon_core.package_identification:_identify(src/examples) by extension 'ignore'
[0.306s] Level 1:colcon.colcon_core.package_identification:_identify(src/examples) by extension 'ignore_ament_install'
[0.306s] Level 1:colcon.colcon_core.package_identification:_identify(src/examples) by extensions ['colcon_pkg']
[0.306s] Level 1:colcon.colcon_core.package_identification:_identify(src/examples) by extension 'colcon_pkg'
[0.306s] Level 1:colcon.colcon_core.package_identification:_identify(src/examples) by extensions ['colcon_meta']
[0.306s] Level 1:colcon.colcon_core.package_identification:_identify(src/examples) by extension 'colcon_meta'
[0.306s] Level 1:colcon.colcon_core.package_identification:_identify(src/examples) by extensions ['ros']
[0.306s] Level 1:colcon.colcon_core.package_identification:_identify(src/examples) by extension 'ros'
[0.306s] Level 1:colcon.colcon_core.package_identification:_identify(src/examples) by extensions ['cmake', 'python']
[0.306s] Level 1:colcon.colcon_core.package_identification:_identify(src/examples) by extension 'cmake'
[0.306s] Level 1:colcon.colcon_core.package_identification:_identify(src/examples) by extension 'python'
[0.306s] Level 1:colcon.colcon_core.package_identification:_identify(src/examples) by extensions ['python_setup_py']
[0.306s] Level 1:colcon.colcon_core.package_identification:_identify(src/examples) by extension 'python_setup_py'
[0.307s] Level 1:colcon.colcon_core.package_identification:_identify(src/examples/launch_testing) by extensions ['ignore', 'ignore_ament_install']
[0.307s] Level 1:colcon.colcon_core.package_identification:_identify(src/examples/launch_testing) by extension 'ignore'
[0.307s] Level 1:colcon.colcon_core.package_identification:_identify(src/examples/launch_testing) by extension 'ignore_ament_install'
[0.307s] Level 1:colcon.colcon_core.package_identification:_identify(src/examples/launch_testing) by extensions ['colcon_pkg']
[0.307s] Level 1:colcon.colcon_core.package_identification:_identify(src/examples/launch_testing) by extension 'colcon_pkg'
[0.307s] Level 1:colcon.colcon_core.package_identification:_identify(src/examples/launch_testing) by extensions ['colcon_meta']
[0.307s] Level 1:colcon.colcon_core.package_identification:_identify(src/examples/launch_testing) by extension 'colcon_meta'
[0.307s] Level 1:colcon.colcon_core.package_identification:_identify(src/examples/launch_testing) by extensions ['ros']
[0.307s] Level 1:colcon.colcon_core.package_identification:_identify(src/examples/launch_testing) by extension 'ros'
[0.308s] Level 1:colcon.colcon_core.package_identification:_identify(src/examples/launch_testing) by extensions ['cmake', 'python']
[0.308s] Level 1:colcon.colcon_core.package_identification:_identify(src/examples/launch_testing) by extension 'cmake'
[0.308s] Level 1:colcon.colcon_core.package_identification:_identify(src/examples/launch_testing) by extension 'python'
[0.308s] Level 1:colcon.colcon_core.package_identification:_identify(src/examples/launch_testing) by extensions ['python_setup_py']
[0.308s] Level 1:colcon.colcon_core.package_identification:_identify(src/examples/launch_testing) by extension 'python_setup_py'
[0.308s] Level 1:colcon.colcon_core.package_identification:_identify(src/examples/launch_testing/launch_testing_examples) by extensions ['ignore', 'ignore_ament_install']
[0.308s] Level 1:colcon.colcon_core.package_identification:_identify(src/examples/launch_testing/launch_testing_examples) by extension 'ignore'
[0.308s] Level 1:colcon.colcon_core.package_identification:_identify(src/examples/launch_testing/launch_testing_examples) by extension 'ignore_ament_install'
[0.309s] Level 1:colcon.colcon_core.package_identification:_identify(src/examples/launch_testing/launch_testing_examples) by extensions ['colcon_pkg']
[0.309s] Level 1:colcon.colcon_core.package_identification:_identify(src/examples/launch_testing/launch_testing_examples) by extension 'colcon_pkg'
[0.309s] Level 1:colcon.colcon_core.package_identification:_identify(src/examples/launch_testing/launch_testing_examples) by extensions ['colcon_meta']
[0.309s] Level 1:colcon.colcon_core.package_identification:_identify(src/examples/launch_testing/launch_testing_examples) by extension 'colcon_meta'
[0.309s] Level 1:colcon.colcon_core.package_identification:_identify(src/examples/launch_testing/launch_testing_examples) by extensions ['ros']
[0.309s] Level 1:colcon.colcon_core.package_identification:_identify(src/examples/launch_testing/launch_testing_examples) by extension 'ros'
[0.310s] DEBUG:colcon.colcon_core.package_identification:Package 'src/examples/launch_testing/launch_testing_examples' with type 'ros.ament_python' and name 'launch_testing_examples'
[0.311s] Level 1:colcon.colcon_core.package_identification:_identify(src/examples/rclcpp) by extensions ['ignore', 'ignore_ament_install']
[0.311s] Level 1:colcon.colcon_core.package_identification:_identify(src/examples/rclcpp) by extension 'ignore'
[0.311s] Level 1:colcon.colcon_core.package_identification:_identify(src/examples/rclcpp) by extension 'ignore_ament_install'
[0.311s] Level 1:colcon.colcon_core.package_identification:_identify(src/examples/rclcpp) by extensions ['colcon_pkg']
[0.311s] Level 1:colcon.colcon_core.package_identification:_identify(src/examples/rclcpp) by extension 'colcon_pkg'
[0.311s] Level 1:colcon.colcon_core.package_identification:_identify(src/examples/rclcpp) by extensions ['colcon_meta']
[0.311s] Level 1:colcon.colcon_core.package_identification:_identify(src/examples/rclcpp) by extension 'colcon_meta'
[0.312s] Level 1:colcon.colcon_core.package_identification:_identify(src/examples/rclcpp) by extensions ['ros']
[0.312s] Level 1:colcon.colcon_core.package_identification:_identify(src/examples/rclcpp) by extension 'ros'
[0.312s] Level 1:colcon.colcon_core.package_identification:_identify(src/examples/rclcpp) by extensions ['cmake', 'python']
[0.312s] Level 1:colcon.colcon_core.package_identification:_identify(src/examples/rclcpp) by extension 'cmake'
[0.312s] Level 1:colcon.colcon_core.package_identification:_identify(src/examples/rclcpp) by extension 'python'
[0.312s] Level 1:colcon.colcon_core.package_identification:_identify(src/examples/rclcpp) by extensions ['python_setup_py']
[0.312s] Level 1:colcon.colcon_core.package_identification:_identify(src/examples/rclcpp) by extension 'python_setup_py'
[0.312s] Level 1:colcon.colcon_core.package_identification:_identify(src/examples/rclcpp/actions) by extensions ['ignore', 'ignore_ament_install']
[0.313s] Level 1:colcon.colcon_core.package_identification:_identify(src/examples/rclcpp/actions) by extension 'ignore'
[0.313s] Level 1:colcon.colcon_core.package_identification:_identify(src/examples/rclcpp/actions) by extension 'ignore_ament_install'
[0.313s] Level 1:colcon.colcon_core.package_identification:_identify(src/examples/rclcpp/actions) by extensions ['colcon_pkg']
[0.313s] Level 1:colcon.colcon_core.package_identification:_identify(src/examples/rclcpp/actions) by extension 'colcon_pkg'
[0.313s] Level 1:colcon.colcon_core.package_identification:_identify(src/examples/rclcpp/actions) by extensions ['colcon_meta']
[0.313s] Level 1:colcon.colcon_core.package_identification:_identify(src/examples/rclcpp/actions) by extension 'colcon_meta'
[0.313s] Level 1:colcon.colcon_core.package_identification:_identify(src/examples/rclcpp/actions) by extensions ['ros']
[0.314s] Level 1:colcon.colcon_core.package_identification:_identify(src/examples/rclcpp/actions) by extension 'ros'
[0.314s] Level 1:colcon.colcon_core.package_identification:_identify(src/examples/rclcpp/actions) by extensions ['cmake', 'python']
[0.314s] Level 1:colcon.colcon_core.package_identification:_identify(src/examples/rclcpp/actions) by extension 'cmake'
[0.314s] Level 1:colcon.colcon_core.package_identification:_identify(src/examples/rclcpp/actions) by extension 'python'
[0.314s] Level 1:colcon.colcon_core.package_identification:_identify(src/examples/rclcpp/actions) by extensions ['python_setup_py']
[0.314s] Level 1:colcon.colcon_core.package_identification:_identify(src/examples/rclcpp/actions) by extension 'python_setup_py'
[0.314s] Level 1:colcon.colcon_core.package_identification:_identify(src/examples/rclcpp/actions/minimal_action_client) by extensions ['ignore', 'ignore_ament_install']
[0.314s] Level 1:colcon.colcon_core.package_identification:_identify(src/examples/rclcpp/actions/minimal_action_client) by extension 'ignore'
[0.314s] Level 1:colcon.colcon_core.package_identification:_identify(src/examples/rclcpp/actions/minimal_action_client) by extension 'ignore_ament_install'
[0.314s] Level 1:colcon.colcon_core.package_identification:_identify(src/examples/rclcpp/actions/minimal_action_client) by extensions ['colcon_pkg']
[0.314s] Level 1:colcon.colcon_core.package_identification:_identify(src/examples/rclcpp/actions/minimal_action_client) by extension 'colcon_pkg'
[0.315s] Level 1:colcon.colcon_core.package_identification:_identify(src/examples/rclcpp/actions/minimal_action_client) by extensions ['colcon_meta']
[0.315s] Level 1:colcon.colcon_core.package_identification:_identify(src/examples/rclcpp/actions/minimal_action_client) by extension 'colcon_meta'
[0.315s] Level 1:colcon.colcon_core.package_identification:_identify(src/examples/rclcpp/actions/minimal_action_client) by extensions ['ros']
[0.315s] Level 1:colcon.colcon_core.package_identification:_identify(src/examples/rclcpp/actions/minimal_action_client) by extension 'ros'
[0.316s] DEBUG:colcon.colcon_core.package_identification:Package 'src/examples/rclcpp/actions/minimal_action_client' with type 'ros.ament_cmake' and name 'examples_rclcpp_minimal_action_client'
[0.316s] Level 1:colcon.colcon_core.package_identification:_identify(src/examples/rclcpp/actions/minimal_action_server) by extensions ['ignore', 'ignore_ament_install']
[0.316s] Level 1:colcon.colcon_core.package_identification:_identify(src/examples/rclcpp/actions/minimal_action_server) by extension 'ignore'
[0.316s] Level 1:colcon.colcon_core.package_identification:_identify(src/examples/rclcpp/actions/minimal_action_server) by extension 'ignore_ament_install'
[0.316s] Level 1:colcon.colcon_core.package_identification:_identify(src/examples/rclcpp/actions/minimal_action_server) by extensions ['colcon_pkg']
[0.316s] Level 1:colcon.colcon_core.package_identification:_identify(src/examples/rclcpp/actions/minimal_action_server) by extension 'colcon_pkg'
[0.316s] Level 1:colcon.colcon_core.package_identification:_identify(src/examples/rclcpp/actions/minimal_action_server) by extensions ['colcon_meta']
[0.316s] Level 1:colcon.colcon_core.package_identification:_identify(src/examples/rclcpp/actions/minimal_action_server) by extension 'colcon_meta'
[0.316s] Level 1:colcon.colcon_core.package_identification:_identify(src/examples/rclcpp/actions/minimal_action_server) by extensions ['ros']
[0.316s] Level 1:colcon.colcon_core.package_identification:_identify(src/examples/rclcpp/actions/minimal_action_server) by extension 'ros'
[0.317s] DEBUG:colcon.colcon_core.package_identification:Package 'src/examples/rclcpp/actions/minimal_action_server' with type 'ros.ament_cmake' and name 'examples_rclcpp_minimal_action_server'
[0.317s] Level 1:colcon.colcon_core.package_identification:_identify(src/examples/rclcpp/composition) by extensions ['ignore', 'ignore_ament_install']
[0.317s] Level 1:colcon.colcon_core.package_identification:_identify(src/examples/rclcpp/composition) by extension 'ignore'
[0.318s] Level 1:colcon.colcon_core.package_identification:_identify(src/examples/rclcpp/composition) by extension 'ignore_ament_install'
[0.318s] Level 1:colcon.colcon_core.package_identification:_identify(src/examples/rclcpp/composition) by extensions ['colcon_pkg']
[0.318s] Level 1:colcon.colcon_core.package_identification:_identify(src/examples/rclcpp/composition) by extension 'colcon_pkg'
[0.318s] Level 1:colcon.colcon_core.package_identification:_identify(src/examples/rclcpp/composition) by extensions ['colcon_meta']
[0.318s] Level 1:colcon.colcon_core.package_identification:_identify(src/examples/rclcpp/composition) by extension 'colcon_meta'
[0.318s] Level 1:colcon.colcon_core.package_identification:_identify(src/examples/rclcpp/composition) by extensions ['ros']
[0.318s] Level 1:colcon.colcon_core.package_identification:_identify(src/examples/rclcpp/composition) by extension 'ros'
[0.318s] Level 1:colcon.colcon_core.package_identification:_identify(src/examples/rclcpp/composition) by extensions ['cmake', 'python']
[0.318s] Level 1:colcon.colcon_core.package_identification:_identify(src/examples/rclcpp/composition) by extension 'cmake'
[0.318s] Level 1:colcon.colcon_core.package_identification:_identify(src/examples/rclcpp/composition) by extension 'python'
[0.319s] Level 1:colcon.colcon_core.package_identification:_identify(src/examples/rclcpp/composition) by extensions ['python_setup_py']
[0.319s] Level 1:colcon.colcon_core.package_identification:_identify(src/examples/rclcpp/composition) by extension 'python_setup_py'
[0.319s] Level 1:colcon.colcon_core.package_identification:_identify(src/examples/rclcpp/composition/minimal_composition) by extensions ['ignore', 'ignore_ament_install']
[0.319s] Level 1:colcon.colcon_core.package_identification:_identify(src/examples/rclcpp/composition/minimal_composition) by extension 'ignore'
[0.319s] Level 1:colcon.colcon_core.package_identification:_identify(src/examples/rclcpp/composition/minimal_composition) by extension 'ignore_ament_install'
[0.320s] Level 1:colcon.colcon_core.package_identification:_identify(src/examples/rclcpp/composition/minimal_composition) by extensions ['colcon_pkg']
[0.320s] Level 1:colcon.colcon_core.package_identification:_identify(src/examples/rclcpp/composition/minimal_composition) by extension 'colcon_pkg'
[0.320s] Level 1:colcon.colcon_core.package_identification:_identify(src/examples/rclcpp/composition/minimal_composition) by extensions ['colcon_meta']
[0.320s] Level 1:colcon.colcon_core.package_identification:_identify(src/examples/rclcpp/composition/minimal_composition) by extension 'colcon_meta'
[0.320s] Level 1:colcon.colcon_core.package_identification:_identify(src/examples/rclcpp/composition/minimal_composition) by extensions ['ros']
[0.320s] Level 1:colcon.colcon_core.package_identification:_identify(src/examples/rclcpp/composition/minimal_composition) by extension 'ros'
[0.322s] DEBUG:colcon.colcon_core.package_identification:Package 'src/examples/rclcpp/composition/minimal_composition' with type 'ros.ament_cmake' and name 'examples_rclcpp_minimal_composition'
[0.322s] Level 1:colcon.colcon_core.package_identification:_identify(src/examples/rclcpp/executors) by extensions ['ignore', 'ignore_ament_install']
[0.322s] Level 1:colcon.colcon_core.package_identification:_identify(src/examples/rclcpp/executors) by extension 'ignore'
[0.323s] Level 1:colcon.colcon_core.package_identification:_identify(src/examples/rclcpp/executors) by extension 'ignore_ament_install'
[0.323s] Level 1:colcon.colcon_core.package_identification:_identify(src/examples/rclcpp/executors) by extensions ['colcon_pkg']
[0.323s] Level 1:colcon.colcon_core.package_identification:_identify(src/examples/rclcpp/executors) by extension 'colcon_pkg'
[0.323s] Level 1:colcon.colcon_core.package_identification:_identify(src/examples/rclcpp/executors) by extensions ['colcon_meta']
[0.323s] Level 1:colcon.colcon_core.package_identification:_identify(src/examples/rclcpp/executors) by extension 'colcon_meta'
[0.323s] Level 1:colcon.colcon_core.package_identification:_identify(src/examples/rclcpp/executors) by extensions ['ros']
[0.323s] Level 1:colcon.colcon_core.package_identification:_identify(src/examples/rclcpp/executors) by extension 'ros'
[0.324s] Level 1:colcon.colcon_core.package_identification:_identify(src/examples/rclcpp/executors) by extensions ['cmake', 'python']
[0.324s] Level 1:colcon.colcon_core.package_identification:_identify(src/examples/rclcpp/executors) by extension 'cmake'
[0.324s] Level 1:colcon.colcon_core.package_identification:_identify(src/examples/rclcpp/executors) by extension 'python'
[0.324s] Level 1:colcon.colcon_core.package_identification:_identify(src/examples/rclcpp/executors) by extensions ['python_setup_py']
[0.324s] Level 1:colcon.colcon_core.package_identification:_identify(src/examples/rclcpp/executors) by extension 'python_setup_py'
[0.324s] Level 1:colcon.colcon_core.package_identification:_identify(src/examples/rclcpp/executors/cbg_executor) by extensions ['ignore', 'ignore_ament_install']
[0.325s] Level 1:colcon.colcon_core.package_identification:_identify(src/examples/rclcpp/executors/cbg_executor) by extension 'ignore'
[0.325s] Level 1:colcon.colcon_core.package_identification:_identify(src/examples/rclcpp/executors/cbg_executor) by extension 'ignore_ament_install'
[0.325s] Level 1:colcon.colcon_core.package_identification:_identify(src/examples/rclcpp/executors/cbg_executor) by extensions ['colcon_pkg']
[0.325s] Level 1:colcon.colcon_core.package_identification:_identify(src/examples/rclcpp/executors/cbg_executor) by extension 'colcon_pkg'
[0.325s] Level 1:colcon.colcon_core.package_identification:_identify(src/examples/rclcpp/executors/cbg_executor) by extensions ['colcon_meta']
[0.325s] Level 1:colcon.colcon_core.package_identification:_identify(src/examples/rclcpp/executors/cbg_executor) by extension 'colcon_meta'
[0.326s] Level 1:colcon.colcon_core.package_identification:_identify(src/examples/rclcpp/executors/cbg_executor) by extensions ['ros']
[0.326s] Level 1:colcon.colcon_core.package_identification:_identify(src/examples/rclcpp/executors/cbg_executor) by extension 'ros'
[0.327s] DEBUG:colcon.colcon_core.package_identification:Package 'src/examples/rclcpp/executors/cbg_executor' with type 'ros.ament_cmake' and name 'examples_rclcpp_cbg_executor'
[0.328s] Level 1:colcon.colcon_core.package_identification:_identify(src/examples/rclcpp/executors/multithreaded_executor) by extensions ['ignore', 'ignore_ament_install']
[0.328s] Level 1:colcon.colcon_core.package_identification:_identify(src/examples/rclcpp/executors/multithreaded_executor) by extension 'ignore'
[0.328s] Level 1:colcon.colcon_core.package_identification:_identify(src/examples/rclcpp/executors/multithreaded_executor) by extension 'ignore_ament_install'
[0.328s] Level 1:colcon.colcon_core.package_identification:_identify(src/examples/rclcpp/executors/multithreaded_executor) by extensions ['colcon_pkg']
[0.328s] Level 1:colcon.colcon_core.package_identification:_identify(src/examples/rclcpp/executors/multithreaded_executor) by extension 'colcon_pkg'
[0.328s] Level 1:colcon.colcon_core.package_identification:_identify(src/examples/rclcpp/executors/multithreaded_executor) by extensions ['colcon_meta']
[0.328s] Level 1:colcon.colcon_core.package_identification:_identify(src/examples/rclcpp/executors/multithreaded_executor) by extension 'colcon_meta'
[0.329s] Level 1:colcon.colcon_core.package_identification:_identify(src/examples/rclcpp/executors/multithreaded_executor) by extensions ['ros']
[0.329s] Level 1:colcon.colcon_core.package_identification:_identify(src/examples/rclcpp/executors/multithreaded_executor) by extension 'ros'
[0.330s] DEBUG:colcon.colcon_core.package_identification:Package 'src/examples/rclcpp/executors/multithreaded_executor' with type 'ros.ament_cmake' and name 'examples_rclcpp_multithreaded_executor'
[0.331s] Level 1:colcon.colcon_core.package_identification:_identify(src/examples/rclcpp/services) by extensions ['ignore', 'ignore_ament_install']
[0.331s] Level 1:colcon.colcon_core.package_identification:_identify(src/examples/rclcpp/services) by extension 'ignore'
[0.331s] Level 1:colcon.colcon_core.package_identification:_identify(src/examples/rclcpp/services) by extension 'ignore_ament_install'
[0.331s] Level 1:colcon.colcon_core.package_identification:_identify(src/examples/rclcpp/services) by extensions ['colcon_pkg']
[0.331s] Level 1:colcon.colcon_core.package_identification:_identify(src/examples/rclcpp/services) by extension 'colcon_pkg'
[0.331s] Level 1:colcon.colcon_core.package_identification:_identify(src/examples/rclcpp/services) by extensions ['colcon_meta']
[0.332s] Level 1:colcon.colcon_core.package_identification:_identify(src/examples/rclcpp/services) by extension 'colcon_meta'
[0.332s] Level 1:colcon.colcon_core.package_identification:_identify(src/examples/rclcpp/services) by extensions ['ros']
[0.332s] Level 1:colcon.colcon_core.package_identification:_identify(src/examples/rclcpp/services) by extension 'ros'
[0.332s] Level 1:colcon.colcon_core.package_identification:_identify(src/examples/rclcpp/services) by extensions ['cmake', 'python']
[0.332s] Level 1:colcon.colcon_core.package_identification:_identify(src/examples/rclcpp/services) by extension 'cmake'
[0.332s] Level 1:colcon.colcon_core.package_identification:_identify(src/examples/rclcpp/services) by extension 'python'
[0.332s] Level 1:colcon.colcon_core.package_identification:_identify(src/examples/rclcpp/services) by extensions ['python_setup_py']
[0.332s] Level 1:colcon.colcon_core.package_identification:_identify(src/examples/rclcpp/services) by extension 'python_setup_py'
[0.332s] Level 1:colcon.colcon_core.package_identification:_identify(src/examples/rclcpp/services/async_client) by extensions ['ignore', 'ignore_ament_install']
[0.332s] Level 1:colcon.colcon_core.package_identification:_identify(src/examples/rclcpp/services/async_client) by extension 'ignore'
[0.332s] Level 1:colcon.colcon_core.package_identification:_identify(src/examples/rclcpp/services/async_client) by extension 'ignore_ament_install'
[0.333s] Level 1:colcon.colcon_core.package_identification:_identify(src/examples/rclcpp/services/async_client) by extensions ['colcon_pkg']
[0.333s] Level 1:colcon.colcon_core.package_identification:_identify(src/examples/rclcpp/services/async_client) by extension 'colcon_pkg'
[0.333s] Level 1:colcon.colcon_core.package_identification:_identify(src/examples/rclcpp/services/async_client) by extensions ['colcon_meta']
[0.333s] Level 1:colcon.colcon_core.package_identification:_identify(src/examples/rclcpp/services/async_client) by extension 'colcon_meta'
[0.333s] Level 1:colcon.colcon_core.package_identification:_identify(src/examples/rclcpp/services/async_client) by extensions ['ros']
[0.333s] Level 1:colcon.colcon_core.package_identification:_identify(src/examples/rclcpp/services/async_client) by extension 'ros'
[0.334s] DEBUG:colcon.colcon_core.package_identification:Package 'src/examples/rclcpp/services/async_client' with type 'ros.ament_cmake' and name 'examples_rclcpp_async_client'
[0.334s] Level 1:colcon.colcon_core.package_identification:_identify(src/examples/rclcpp/services/minimal_client) by extensions ['ignore', 'ignore_ament_install']
[0.334s] Level 1:colcon.colcon_core.package_identification:_identify(src/examples/rclcpp/services/minimal_client) by extension 'ignore'
[0.334s] Level 1:colcon.colcon_core.package_identification:_identify(src/examples/rclcpp/services/minimal_client) by extension 'ignore_ament_install'
[0.334s] Level 1:colcon.colcon_core.package_identification:_identify(src/examples/rclcpp/services/minimal_client) by extensions ['colcon_pkg']
[0.334s] Level 1:colcon.colcon_core.package_identification:_identify(src/examples/rclcpp/services/minimal_client) by extension 'colcon_pkg'
[0.334s] Level 1:colcon.colcon_core.package_identification:_identify(src/examples/rclcpp/services/minimal_client) by extensions ['colcon_meta']
[0.334s] Level 1:colcon.colcon_core.package_identification:_identify(src/examples/rclcpp/services/minimal_client) by extension 'colcon_meta'
[0.334s] Level 1:colcon.colcon_core.package_identification:_identify(src/examples/rclcpp/services/minimal_client) by extensions ['ros']
[0.334s] Level 1:colcon.colcon_core.package_identification:_identify(src/examples/rclcpp/services/minimal_client) by extension 'ros'
[0.335s] DEBUG:colcon.colcon_core.package_identification:Package 'src/examples/rclcpp/services/minimal_client' with type 'ros.ament_cmake' and name 'examples_rclcpp_minimal_client'
[0.335s] Level 1:colcon.colcon_core.package_identification:_identify(src/examples/rclcpp/services/minimal_service) by extensions ['ignore', 'ignore_ament_install']
[0.336s] Level 1:colcon.colcon_core.package_identification:_identify(src/examples/rclcpp/services/minimal_service) by extension 'ignore'
[0.336s] Level 1:colcon.colcon_core.package_identification:_identify(src/examples/rclcpp/services/minimal_service) by extension 'ignore_ament_install'
[0.336s] Level 1:colcon.colcon_core.package_identification:_identify(src/examples/rclcpp/services/minimal_service) by extensions ['colcon_pkg']
[0.336s] Level 1:colcon.colcon_core.package_identification:_identify(src/examples/rclcpp/services/minimal_service) by extension 'colcon_pkg'
[0.336s] Level 1:colcon.colcon_core.package_identification:_identify(src/examples/rclcpp/services/minimal_service) by extensions ['colcon_meta']
[0.336s] Level 1:colcon.colcon_core.package_identification:_identify(src/examples/rclcpp/services/minimal_service) by extension 'colcon_meta'
[0.336s] Level 1:colcon.colcon_core.package_identification:_identify(src/examples/rclcpp/services/minimal_service) by extensions ['ros']
[0.336s] Level 1:colcon.colcon_core.package_identification:_identify(src/examples/rclcpp/services/minimal_service) by extension 'ros'
[0.337s] DEBUG:colcon.colcon_core.package_identification:Package 'src/examples/rclcpp/services/minimal_service' with type 'ros.ament_cmake' and name 'examples_rclcpp_minimal_service'
[0.337s] Level 1:colcon.colcon_core.package_identification:_identify(src/examples/rclcpp/timers) by extensions ['ignore', 'ignore_ament_install']
[0.337s] Level 1:colcon.colcon_core.package_identification:_identify(src/examples/rclcpp/timers) by extension 'ignore'
[0.337s] Level 1:colcon.colcon_core.package_identification:_identify(src/examples/rclcpp/timers) by extension 'ignore_ament_install'
[0.337s] Level 1:colcon.colcon_core.package_identification:_identify(src/examples/rclcpp/timers) by extensions ['colcon_pkg']
[0.337s] Level 1:colcon.colcon_core.package_identification:_identify(src/examples/rclcpp/timers) by extension 'colcon_pkg'
[0.337s] Level 1:colcon.colcon_core.package_identification:_identify(src/examples/rclcpp/timers) by extensions ['colcon_meta']
[0.337s] Level 1:colcon.colcon_core.package_identification:_identify(src/examples/rclcpp/timers) by extension 'colcon_meta'
[0.337s] Level 1:colcon.colcon_core.package_identification:_identify(src/examples/rclcpp/timers) by extensions ['ros']
[0.337s] Level 1:colcon.colcon_core.package_identification:_identify(src/examples/rclcpp/timers) by extension 'ros'
[0.337s] Level 1:colcon.colcon_core.package_identification:_identify(src/examples/rclcpp/timers) by extensions ['cmake', 'python']
[0.337s] Level 1:colcon.colcon_core.package_identification:_identify(src/examples/rclcpp/timers) by extension 'cmake'
[0.337s] Level 1:colcon.colcon_core.package_identification:_identify(src/examples/rclcpp/timers) by extension 'python'
[0.337s] Level 1:colcon.colcon_core.package_identification:_identify(src/examples/rclcpp/timers) by extensions ['python_setup_py']
[0.337s] Level 1:colcon.colcon_core.package_identification:_identify(src/examples/rclcpp/timers) by extension 'python_setup_py'
[0.338s] Level 1:colcon.colcon_core.package_identification:_identify(src/examples/rclcpp/timers/minimal_timer) by extensions ['ignore', 'ignore_ament_install']
[0.338s] Level 1:colcon.colcon_core.package_identification:_identify(src/examples/rclcpp/timers/minimal_timer) by extension 'ignore'
[0.338s] Level 1:colcon.colcon_core.package_identification:_identify(src/examples/rclcpp/timers/minimal_timer) by extension 'ignore_ament_install'
[0.338s] Level 1:colcon.colcon_core.package_identification:_identify(src/examples/rclcpp/timers/minimal_timer) by extensions ['colcon_pkg']
[0.338s] Level 1:colcon.colcon_core.package_identification:_identify(src/examples/rclcpp/timers/minimal_timer) by extension 'colcon_pkg'
[0.338s] Level 1:colcon.colcon_core.package_identification:_identify(src/examples/rclcpp/timers/minimal_timer) by extensions ['colcon_meta']
[0.338s] Level 1:colcon.colcon_core.package_identification:_identify(src/examples/rclcpp/timers/minimal_timer) by extension 'colcon_meta'
[0.338s] Level 1:colcon.colcon_core.package_identification:_identify(src/examples/rclcpp/timers/minimal_timer) by extensions ['ros']
[0.338s] Level 1:colcon.colcon_core.package_identification:_identify(src/examples/rclcpp/timers/minimal_timer) by extension 'ros'
[0.339s] DEBUG:colcon.colcon_core.package_identification:Package 'src/examples/rclcpp/timers/minimal_timer' with type 'ros.ament_cmake' and name 'examples_rclcpp_minimal_timer'
[0.339s] Level 1:colcon.colcon_core.package_identification:_identify(src/examples/rclcpp/topics) by extensions ['ignore', 'ignore_ament_install']
[0.339s] Level 1:colcon.colcon_core.package_identification:_identify(src/examples/rclcpp/topics) by extension 'ignore'
[0.339s] Level 1:colcon.colcon_core.package_identification:_identify(src/examples/rclcpp/topics) by extension 'ignore_ament_install'
[0.339s] Level 1:colcon.colcon_core.package_identification:_identify(src/examples/rclcpp/topics) by extensions ['colcon_pkg']
[0.339s] Level 1:colcon.colcon_core.package_identification:_identify(src/examples/rclcpp/topics) by extension 'colcon_pkg'
[0.339s] Level 1:colcon.colcon_core.package_identification:_identify(src/examples/rclcpp/topics) by extensions ['colcon_meta']
[0.339s] Level 1:colcon.colcon_core.package_identification:_identify(src/examples/rclcpp/topics) by extension 'colcon_meta'
[0.339s] Level 1:colcon.colcon_core.package_identification:_identify(src/examples/rclcpp/topics) by extensions ['ros']
[0.339s] Level 1:colcon.colcon_core.package_identification:_identify(src/examples/rclcpp/topics) by extension 'ros'
[0.339s] Level 1:colcon.colcon_core.package_identification:_identify(src/examples/rclcpp/topics) by extensions ['cmake', 'python']
[0.339s] Level 1:colcon.colcon_core.package_identification:_identify(src/examples/rclcpp/topics) by extension 'cmake'
[0.339s] Level 1:colcon.colcon_core.package_identification:_identify(src/examples/rclcpp/topics) by extension 'python'
[0.339s] Level 1:colcon.colcon_core.package_identification:_identify(src/examples/rclcpp/topics) by extensions ['python_setup_py']
[0.339s] Level 1:colcon.colcon_core.package_identification:_identify(src/examples/rclcpp/topics) by extension 'python_setup_py'
[0.340s] Level 1:colcon.colcon_core.package_identification:_identify(src/examples/rclcpp/topics/minimal_publisher) by extensions ['ignore', 'ignore_ament_install']
[0.340s] Level 1:colcon.colcon_core.package_identification:_identify(src/examples/rclcpp/topics/minimal_publisher) by extension 'ignore'
[0.340s] Level 1:colcon.colcon_core.package_identification:_identify(src/examples/rclcpp/topics/minimal_publisher) by extension 'ignore_ament_install'
[0.340s] Level 1:colcon.colcon_core.package_identification:_identify(src/examples/rclcpp/topics/minimal_publisher) by extensions ['colcon_pkg']
[0.340s] Level 1:colcon.colcon_core.package_identification:_identify(src/examples/rclcpp/topics/minimal_publisher) by extension 'colcon_pkg'
[0.340s] Level 1:colcon.colcon_core.package_identification:_identify(src/examples/rclcpp/topics/minimal_publisher) by extensions ['colcon_meta']
[0.340s] Level 1:colcon.colcon_core.package_identification:_identify(src/examples/rclcpp/topics/minimal_publisher) by extension 'colcon_meta'
[0.340s] Level 1:colcon.colcon_core.package_identification:_identify(src/examples/rclcpp/topics/minimal_publisher) by extensions ['ros']
[0.340s] Level 1:colcon.colcon_core.package_identification:_identify(src/examples/rclcpp/topics/minimal_publisher) by extension 'ros'
[0.341s] DEBUG:colcon.colcon_core.package_identification:Package 'src/examples/rclcpp/topics/minimal_publisher' with type 'ros.ament_cmake' and name 'examples_rclcpp_minimal_publisher'
[0.341s] Level 1:colcon.colcon_core.package_identification:_identify(src/examples/rclcpp/topics/minimal_subscriber) by extensions ['ignore', 'ignore_ament_install']
[0.341s] Level 1:colcon.colcon_core.package_identification:_identify(src/examples/rclcpp/topics/minimal_subscriber) by extension 'ignore'
[0.341s] Level 1:colcon.colcon_core.package_identification:_identify(src/examples/rclcpp/topics/minimal_subscriber) by extension 'ignore_ament_install'
[0.341s] Level 1:colcon.colcon_core.package_identification:_identify(src/examples/rclcpp/topics/minimal_subscriber) by extensions ['colcon_pkg']
[0.341s] Level 1:colcon.colcon_core.package_identification:_identify(src/examples/rclcpp/topics/minimal_subscriber) by extension 'colcon_pkg'
[0.341s] Level 1:colcon.colcon_core.package_identification:_identify(src/examples/rclcpp/topics/minimal_subscriber) by extensions ['colcon_meta']
[0.341s] Level 1:colcon.colcon_core.package_identification:_identify(src/examples/rclcpp/topics/minimal_subscriber) by extension 'colcon_meta'
[0.341s] Level 1:colcon.colcon_core.package_identification:_identify(src/examples/rclcpp/topics/minimal_subscriber) by extensions ['ros']
[0.341s] Level 1:colcon.colcon_core.package_identification:_identify(src/examples/rclcpp/topics/minimal_subscriber) by extension 'ros'
[0.342s] DEBUG:colcon.colcon_core.package_identification:Package 'src/examples/rclcpp/topics/minimal_subscriber' with type 'ros.ament_cmake' and name 'examples_rclcpp_minimal_subscriber'
[0.342s] Level 1:colcon.colcon_core.package_identification:_identify(src/examples/rclcpp/wait_set) by extensions ['ignore', 'ignore_ament_install']
[0.342s] Level 1:colcon.colcon_core.package_identification:_identify(src/examples/rclcpp/wait_set) by extension 'ignore'
[0.342s] Level 1:colcon.colcon_core.package_identification:_identify(src/examples/rclcpp/wait_set) by extension 'ignore_ament_install'
[0.342s] Level 1:colcon.colcon_core.package_identification:_identify(src/examples/rclcpp/wait_set) by extensions ['colcon_pkg']
[0.342s] Level 1:colcon.colcon_core.package_identification:_identify(src/examples/rclcpp/wait_set) by extension 'colcon_pkg'
[0.342s] Level 1:colcon.colcon_core.package_identification:_identify(src/examples/rclcpp/wait_set) by extensions ['colcon_meta']
[0.342s] Level 1:colcon.colcon_core.package_identification:_identify(src/examples/rclcpp/wait_set) by extension 'colcon_meta'
[0.342s] Level 1:colcon.colcon_core.package_identification:_identify(src/examples/rclcpp/wait_set) by extensions ['ros']
[0.343s] Level 1:colcon.colcon_core.package_identification:_identify(src/examples/rclcpp/wait_set) by extension 'ros'
[0.343s] DEBUG:colcon.colcon_core.package_identification:Package 'src/examples/rclcpp/wait_set' with type 'ros.ament_cmake' and name 'examples_rclcpp_wait_set'
[0.343s] Level 1:colcon.colcon_core.package_identification:_identify(src/examples/rclpy) by extensions ['ignore', 'ignore_ament_install']
[0.343s] Level 1:colcon.colcon_core.package_identification:_identify(src/examples/rclpy) by extension 'ignore'
[0.343s] Level 1:colcon.colcon_core.package_identification:_identify(src/examples/rclpy) by extension 'ignore_ament_install'
[0.344s] Level 1:colcon.colcon_core.package_identification:_identify(src/examples/rclpy) by extensions ['colcon_pkg']
[0.344s] Level 1:colcon.colcon_core.package_identification:_identify(src/examples/rclpy) by extension 'colcon_pkg'
[0.344s] Level 1:colcon.colcon_core.package_identification:_identify(src/examples/rclpy) by extensions ['colcon_meta']
[0.344s] Level 1:colcon.colcon_core.package_identification:_identify(src/examples/rclpy) by extension 'colcon_meta'
[0.344s] Level 1:colcon.colcon_core.package_identification:_identify(src/examples/rclpy) by extensions ['ros']
[0.344s] Level 1:colcon.colcon_core.package_identification:_identify(src/examples/rclpy) by extension 'ros'
[0.344s] Level 1:colcon.colcon_core.package_identification:_identify(src/examples/rclpy) by extensions ['cmake', 'python']
[0.344s] Level 1:colcon.colcon_core.package_identification:_identify(src/examples/rclpy) by extension 'cmake'
[0.344s] Level 1:colcon.colcon_core.package_identification:_identify(src/examples/rclpy) by extension 'python'
[0.344s] Level 1:colcon.colcon_core.package_identification:_identify(src/examples/rclpy) by extensions ['python_setup_py']
[0.344s] Level 1:colcon.colcon_core.package_identification:_identify(src/examples/rclpy) by extension 'python_setup_py'
[0.344s] Level 1:colcon.colcon_core.package_identification:_identify(src/examples/rclpy/actions) by extensions ['ignore', 'ignore_ament_install']
[0.344s] Level 1:colcon.colcon_core.package_identification:_identify(src/examples/rclpy/actions) by extension 'ignore'
[0.344s] Level 1:colcon.colcon_core.package_identification:_identify(src/examples/rclpy/actions) by extension 'ignore_ament_install'
[0.344s] Level 1:colcon.colcon_core.package_identification:_identify(src/examples/rclpy/actions) by extensions ['colcon_pkg']
[0.344s] Level 1:colcon.colcon_core.package_identification:_identify(src/examples/rclpy/actions) by extension 'colcon_pkg'
[0.344s] Level 1:colcon.colcon_core.package_identification:_identify(src/examples/rclpy/actions) by extensions ['colcon_meta']
[0.344s] Level 1:colcon.colcon_core.package_identification:_identify(src/examples/rclpy/actions) by extension 'colcon_meta'
[0.344s] Level 1:colcon.colcon_core.package_identification:_identify(src/examples/rclpy/actions) by extensions ['ros']
[0.344s] Level 1:colcon.colcon_core.package_identification:_identify(src/examples/rclpy/actions) by extension 'ros'
[0.345s] Level 1:colcon.colcon_core.package_identification:_identify(src/examples/rclpy/actions) by extensions ['cmake', 'python']
[0.345s] Level 1:colcon.colcon_core.package_identification:_identify(src/examples/rclpy/actions) by extension 'cmake'
[0.345s] Level 1:colcon.colcon_core.package_identification:_identify(src/examples/rclpy/actions) by extension 'python'
[0.345s] Level 1:colcon.colcon_core.package_identification:_identify(src/examples/rclpy/actions) by extensions ['python_setup_py']
[0.345s] Level 1:colcon.colcon_core.package_identification:_identify(src/examples/rclpy/actions) by extension 'python_setup_py'
[0.345s] Level 1:colcon.colcon_core.package_identification:_identify(src/examples/rclpy/actions/minimal_action_client) by extensions ['ignore', 'ignore_ament_install']
[0.345s] Level 1:colcon.colcon_core.package_identification:_identify(src/examples/rclpy/actions/minimal_action_client) by extension 'ignore'
[0.345s] Level 1:colcon.colcon_core.package_identification:_identify(src/examples/rclpy/actions/minimal_action_client) by extension 'ignore_ament_install'
[0.345s] Level 1:colcon.colcon_core.package_identification:_identify(src/examples/rclpy/actions/minimal_action_client) by extensions ['colcon_pkg']
[0.345s] Level 1:colcon.colcon_core.package_identification:_identify(src/examples/rclpy/actions/minimal_action_client) by extension 'colcon_pkg'
[0.345s] Level 1:colcon.colcon_core.package_identification:_identify(src/examples/rclpy/actions/minimal_action_client) by extensions ['colcon_meta']
[0.345s] Level 1:colcon.colcon_core.package_identification:_identify(src/examples/rclpy/actions/minimal_action_client) by extension 'colcon_meta'
[0.345s] Level 1:colcon.colcon_core.package_identification:_identify(src/examples/rclpy/actions/minimal_action_client) by extensions ['ros']
[0.345s] Level 1:colcon.colcon_core.package_identification:_identify(src/examples/rclpy/actions/minimal_action_client) by extension 'ros'
[0.346s] DEBUG:colcon.colcon_core.package_identification:Package 'src/examples/rclpy/actions/minimal_action_client' with type 'ros.ament_python' and name 'examples_rclpy_minimal_action_client'
[0.346s] Level 1:colcon.colcon_core.package_identification:_identify(src/examples/rclpy/actions/minimal_action_server) by extensions ['ignore', 'ignore_ament_install']
[0.346s] Level 1:colcon.colcon_core.package_identification:_identify(src/examples/rclpy/actions/minimal_action_server) by extension 'ignore'
[0.346s] Level 1:colcon.colcon_core.package_identification:_identify(src/examples/rclpy/actions/minimal_action_server) by extension 'ignore_ament_install'
[0.346s] Level 1:colcon.colcon_core.package_identification:_identify(src/examples/rclpy/actions/minimal_action_server) by extensions ['colcon_pkg']
[0.346s] Level 1:colcon.colcon_core.package_identification:_identify(src/examples/rclpy/actions/minimal_action_server) by extension 'colcon_pkg'
[0.346s] Level 1:colcon.colcon_core.package_identification:_identify(src/examples/rclpy/actions/minimal_action_server) by extensions ['colcon_meta']
[0.346s] Level 1:colcon.colcon_core.package_identification:_identify(src/examples/rclpy/actions/minimal_action_server) by extension 'colcon_meta'
[0.346s] Level 1:colcon.colcon_core.package_identification:_identify(src/examples/rclpy/actions/minimal_action_server) by extensions ['ros']
[0.346s] Level 1:colcon.colcon_core.package_identification:_identify(src/examples/rclpy/actions/minimal_action_server) by extension 'ros'
[0.347s] DEBUG:colcon.colcon_core.package_identification:Package 'src/examples/rclpy/actions/minimal_action_server' with type 'ros.ament_python' and name 'examples_rclpy_minimal_action_server'
[0.347s] Level 1:colcon.colcon_core.package_identification:_identify(src/examples/rclpy/executors) by extensions ['ignore', 'ignore_ament_install']
[0.347s] Level 1:colcon.colcon_core.package_identification:_identify(src/examples/rclpy/executors) by extension 'ignore'
[0.347s] Level 1:colcon.colcon_core.package_identification:_identify(src/examples/rclpy/executors) by extension 'ignore_ament_install'
[0.347s] Level 1:colcon.colcon_core.package_identification:_identify(src/examples/rclpy/executors) by extensions ['colcon_pkg']
[0.347s] Level 1:colcon.colcon_core.package_identification:_identify(src/examples/rclpy/executors) by extension 'colcon_pkg'
[0.347s] Level 1:colcon.colcon_core.package_identification:_identify(src/examples/rclpy/executors) by extensions ['colcon_meta']
[0.347s] Level 1:colcon.colcon_core.package_identification:_identify(src/examples/rclpy/executors) by extension 'colcon_meta'
[0.348s] Level 1:colcon.colcon_core.package_identification:_identify(src/examples/rclpy/executors) by extensions ['ros']
[0.348s] Level 1:colcon.colcon_core.package_identification:_identify(src/examples/rclpy/executors) by extension 'ros'
[0.348s] DEBUG:colcon.colcon_core.package_identification:Package 'src/examples/rclpy/executors' with type 'ros.ament_python' and name 'examples_rclpy_executors'
[0.348s] Level 1:colcon.colcon_core.package_identification:_identify(src/examples/rclpy/guard_conditions) by extensions ['ignore', 'ignore_ament_install']
[0.349s] Level 1:colcon.colcon_core.package_identification:_identify(src/examples/rclpy/guard_conditions) by extension 'ignore'
[0.349s] Level 1:colcon.colcon_core.package_identification:_identify(src/examples/rclpy/guard_conditions) by extension 'ignore_ament_install'
[0.349s] Level 1:colcon.colcon_core.package_identification:_identify(src/examples/rclpy/guard_conditions) by extensions ['colcon_pkg']
[0.349s] Level 1:colcon.colcon_core.package_identification:_identify(src/examples/rclpy/guard_conditions) by extension 'colcon_pkg'
[0.349s] Level 1:colcon.colcon_core.package_identification:_identify(src/examples/rclpy/guard_conditions) by extensions ['colcon_meta']
[0.349s] Level 1:colcon.colcon_core.package_identification:_identify(src/examples/rclpy/guard_conditions) by extension 'colcon_meta'
[0.349s] Level 1:colcon.colcon_core.package_identification:_identify(src/examples/rclpy/guard_conditions) by extensions ['ros']
[0.349s] Level 1:colcon.colcon_core.package_identification:_identify(src/examples/rclpy/guard_conditions) by extension 'ros'
[0.349s] DEBUG:colcon.colcon_core.package_identification:Package 'src/examples/rclpy/guard_conditions' with type 'ros.ament_python' and name 'examples_rclpy_guard_conditions'
[0.349s] Level 1:colcon.colcon_core.package_identification:_identify(src/examples/rclpy/services) by extensions ['ignore', 'ignore_ament_install']
[0.350s] Level 1:colcon.colcon_core.package_identification:_identify(src/examples/rclpy/services) by extension 'ignore'
[0.350s] Level 1:colcon.colcon_core.package_identification:_identify(src/examples/rclpy/services) by extension 'ignore_ament_install'
[0.350s] Level 1:colcon.colcon_core.package_identification:_identify(src/examples/rclpy/services) by extensions ['colcon_pkg']
[0.350s] Level 1:colcon.colcon_core.package_identification:_identify(src/examples/rclpy/services) by extension 'colcon_pkg'
[0.350s] Level 1:colcon.colcon_core.package_identification:_identify(src/examples/rclpy/services) by extensions ['colcon_meta']
[0.350s] Level 1:colcon.colcon_core.package_identification:_identify(src/examples/rclpy/services) by extension 'colcon_meta'
[0.350s] Level 1:colcon.colcon_core.package_identification:_identify(src/examples/rclpy/services) by extensions ['ros']
[0.350s] Level 1:colcon.colcon_core.package_identification:_identify(src/examples/rclpy/services) by extension 'ros'
[0.350s] Level 1:colcon.colcon_core.package_identification:_identify(src/examples/rclpy/services) by extensions ['cmake', 'python']
[0.350s] Level 1:colcon.colcon_core.package_identification:_identify(src/examples/rclpy/services) by extension 'cmake'
[0.350s] Level 1:colcon.colcon_core.package_identification:_identify(src/examples/rclpy/services) by extension 'python'
[0.350s] Level 1:colcon.colcon_core.package_identification:_identify(src/examples/rclpy/services) by extensions ['python_setup_py']
[0.350s] Level 1:colcon.colcon_core.package_identification:_identify(src/examples/rclpy/services) by extension 'python_setup_py'
[0.350s] Level 1:colcon.colcon_core.package_identification:_identify(src/examples/rclpy/services/minimal_client) by extensions ['ignore', 'ignore_ament_install']
[0.351s] Level 1:colcon.colcon_core.package_identification:_identify(src/examples/rclpy/services/minimal_client) by extension 'ignore'
[0.351s] Level 1:colcon.colcon_core.package_identification:_identify(src/examples/rclpy/services/minimal_client) by extension 'ignore_ament_install'
[0.351s] Level 1:colcon.colcon_core.package_identification:_identify(src/examples/rclpy/services/minimal_client) by extensions ['colcon_pkg']
[0.351s] Level 1:colcon.colcon_core.package_identification:_identify(src/examples/rclpy/services/minimal_client) by extension 'colcon_pkg'
[0.351s] Level 1:colcon.colcon_core.package_identification:_identify(src/examples/rclpy/services/minimal_client) by extensions ['colcon_meta']
[0.351s] Level 1:colcon.colcon_core.package_identification:_identify(src/examples/rclpy/services/minimal_client) by extension 'colcon_meta'
[0.351s] Level 1:colcon.colcon_core.package_identification:_identify(src/examples/rclpy/services/minimal_client) by extensions ['ros']
[0.351s] Level 1:colcon.colcon_core.package_identification:_identify(src/examples/rclpy/services/minimal_client) by extension 'ros'
[0.351s] DEBUG:colcon.colcon_core.package_identification:Package 'src/examples/rclpy/services/minimal_client' with type 'ros.ament_python' and name 'examples_rclpy_minimal_client'
[0.352s] Level 1:colcon.colcon_core.package_identification:_identify(src/examples/rclpy/services/minimal_service) by extensions ['ignore', 'ignore_ament_install']
[0.352s] Level 1:colcon.colcon_core.package_identification:_identify(src/examples/rclpy/services/minimal_service) by extension 'ignore'
[0.352s] Level 1:colcon.colcon_core.package_identification:_identify(src/examples/rclpy/services/minimal_service) by extension 'ignore_ament_install'
[0.352s] Level 1:colcon.colcon_core.package_identification:_identify(src/examples/rclpy/services/minimal_service) by extensions ['colcon_pkg']
[0.352s] Level 1:colcon.colcon_core.package_identification:_identify(src/examples/rclpy/services/minimal_service) by extension 'colcon_pkg'
[0.352s] Level 1:colcon.colcon_core.package_identification:_identify(src/examples/rclpy/services/minimal_service) by extensions ['colcon_meta']
[0.352s] Level 1:colcon.colcon_core.package_identification:_identify(src/examples/rclpy/services/minimal_service) by extension 'colcon_meta'
[0.352s] Level 1:colcon.colcon_core.package_identification:_identify(src/examples/rclpy/services/minimal_service) by extensions ['ros']
[0.352s] Level 1:colcon.colcon_core.package_identification:_identify(src/examples/rclpy/services/minimal_service) by extension 'ros'
[0.353s] DEBUG:colcon.colcon_core.package_identification:Package 'src/examples/rclpy/services/minimal_service' with type 'ros.ament_python' and name 'examples_rclpy_minimal_service'
[0.353s] Level 1:colcon.colcon_core.package_identification:_identify(src/examples/rclpy/topics) by extensions ['ignore', 'ignore_ament_install']
[0.353s] Level 1:colcon.colcon_core.package_identification:_identify(src/examples/rclpy/topics) by extension 'ignore'
[0.353s] Level 1:colcon.colcon_core.package_identification:_identify(src/examples/rclpy/topics) by extension 'ignore_ament_install'
[0.353s] Level 1:colcon.colcon_core.package_identification:_identify(src/examples/rclpy/topics) by extensions ['colcon_pkg']
[0.353s] Level 1:colcon.colcon_core.package_identification:_identify(src/examples/rclpy/topics) by extension 'colcon_pkg'
[0.353s] Level 1:colcon.colcon_core.package_identification:_identify(src/examples/rclpy/topics) by extensions ['colcon_meta']
[0.353s] Level 1:colcon.colcon_core.package_identification:_identify(src/examples/rclpy/topics) by extension 'colcon_meta'
[0.353s] Level 1:colcon.colcon_core.package_identification:_identify(src/examples/rclpy/topics) by extensions ['ros']
[0.353s] Level 1:colcon.colcon_core.package_identification:_identify(src/examples/rclpy/topics) by extension 'ros'
[0.353s] Level 1:colcon.colcon_core.package_identification:_identify(src/examples/rclpy/topics) by extensions ['cmake', 'python']
[0.354s] Level 1:colcon.colcon_core.package_identification:_identify(src/examples/rclpy/topics) by extension 'cmake'
[0.354s] Level 1:colcon.colcon_core.package_identification:_identify(src/examples/rclpy/topics) by extension 'python'
[0.354s] Level 1:colcon.colcon_core.package_identification:_identify(src/examples/rclpy/topics) by extensions ['python_setup_py']
[0.354s] Level 1:colcon.colcon_core.package_identification:_identify(src/examples/rclpy/topics) by extension 'python_setup_py'
[0.354s] Level 1:colcon.colcon_core.package_identification:_identify(src/examples/rclpy/topics/minimal_publisher) by extensions ['ignore', 'ignore_ament_install']
[0.354s] Level 1:colcon.colcon_core.package_identification:_identify(src/examples/rclpy/topics/minimal_publisher) by extension 'ignore'
[0.354s] Level 1:colcon.colcon_core.package_identification:_identify(src/examples/rclpy/topics/minimal_publisher) by extension 'ignore_ament_install'
[0.354s] Level 1:colcon.colcon_core.package_identification:_identify(src/examples/rclpy/topics/minimal_publisher) by extensions ['colcon_pkg']
[0.354s] Level 1:colcon.colcon_core.package_identification:_identify(src/examples/rclpy/topics/minimal_publisher) by extension 'colcon_pkg'
[0.354s] Level 1:colcon.colcon_core.package_identification:_identify(src/examples/rclpy/topics/minimal_publisher) by extensions ['colcon_meta']
[0.354s] Level 1:colcon.colcon_core.package_identification:_identify(src/examples/rclpy/topics/minimal_publisher) by extension 'colcon_meta'
[0.354s] Level 1:colcon.colcon_core.package_identification:_identify(src/examples/rclpy/topics/minimal_publisher) by extensions ['ros']
[0.354s] Level 1:colcon.colcon_core.package_identification:_identify(src/examples/rclpy/topics/minimal_publisher) by extension 'ros'
[0.355s] DEBUG:colcon.colcon_core.package_identification:Package 'src/examples/rclpy/topics/minimal_publisher' with type 'ros.ament_python' and name 'examples_rclpy_minimal_publisher'
[0.355s] Level 1:colcon.colcon_core.package_identification:_identify(src/examples/rclpy/topics/minimal_subscriber) by extensions ['ignore', 'ignore_ament_install']
[0.355s] Level 1:colcon.colcon_core.package_identification:_identify(src/examples/rclpy/topics/minimal_subscriber) by extension 'ignore'
[0.355s] Level 1:colcon.colcon_core.package_identification:_identify(src/examples/rclpy/topics/minimal_subscriber) by extension 'ignore_ament_install'
[0.355s] Level 1:colcon.colcon_core.package_identification:_identify(src/examples/rclpy/topics/minimal_subscriber) by extensions ['colcon_pkg']
[0.355s] Level 1:colcon.colcon_core.package_identification:_identify(src/examples/rclpy/topics/minimal_subscriber) by extension 'colcon_pkg'
[0.355s] Level 1:colcon.colcon_core.package_identification:_identify(src/examples/rclpy/topics/minimal_subscriber) by extensions ['colcon_meta']
[0.355s] Level 1:colcon.colcon_core.package_identification:_identify(src/examples/rclpy/topics/minimal_subscriber) by extension 'colcon_meta'
[0.355s] Level 1:colcon.colcon_core.package_identification:_identify(src/examples/rclpy/topics/minimal_subscriber) by extensions ['ros']
[0.355s] Level 1:colcon.colcon_core.package_identification:_identify(src/examples/rclpy/topics/minimal_subscriber) by extension 'ros'
[0.356s] DEBUG:colcon.colcon_core.package_identification:Package 'src/examples/rclpy/topics/minimal_subscriber' with type 'ros.ament_python' and name 'examples_rclpy_minimal_subscriber'
[0.356s] Level 1:colcon.colcon_core.package_identification:_identify(src/examples/rclpy/topics/pointcloud_publisher) by extensions ['ignore', 'ignore_ament_install']
[0.356s] Level 1:colcon.colcon_core.package_identification:_identify(src/examples/rclpy/topics/pointcloud_publisher) by extension 'ignore'
[0.356s] Level 1:colcon.colcon_core.package_identification:_identify(src/examples/rclpy/topics/pointcloud_publisher) by extension 'ignore_ament_install'
[0.357s] Level 1:colcon.colcon_core.package_identification:_identify(src/examples/rclpy/topics/pointcloud_publisher) by extensions ['colcon_pkg']
[0.357s] Level 1:colcon.colcon_core.package_identification:_identify(src/examples/rclpy/topics/pointcloud_publisher) by extension 'colcon_pkg'
[0.357s] Level 1:colcon.colcon_core.package_identification:_identify(src/examples/rclpy/topics/pointcloud_publisher) by extensions ['colcon_meta']
[0.357s] Level 1:colcon.colcon_core.package_identification:_identify(src/examples/rclpy/topics/pointcloud_publisher) by extension 'colcon_meta'
[0.357s] Level 1:colcon.colcon_core.package_identification:_identify(src/examples/rclpy/topics/pointcloud_publisher) by extensions ['ros']
[0.357s] Level 1:colcon.colcon_core.package_identification:_identify(src/examples/rclpy/topics/pointcloud_publisher) by extension 'ros'
[0.357s] DEBUG:colcon.colcon_core.package_identification:Package 'src/examples/rclpy/topics/pointcloud_publisher' with type 'ros.ament_python' and name 'examples_rclpy_pointcloud_publisher'
[0.357s] Level 1:colcon.colcon_core.package_identification:_identify(src/html) by extensions ['ignore', 'ignore_ament_install']
[0.357s] Level 1:colcon.colcon_core.package_identification:_identify(src/html) by extension 'ignore'
[0.358s] Level 1:colcon.colcon_core.package_identification:_identify(src/html) by extension 'ignore_ament_install'
[0.358s] Level 1:colcon.colcon_core.package_identification:_identify(src/html) by extensions ['colcon_pkg']
[0.358s] Level 1:colcon.colcon_core.package_identification:_identify(src/html) by extension 'colcon_pkg'
[0.358s] Level 1:colcon.colcon_core.package_identification:_identify(src/html) by extensions ['colcon_meta']
[0.358s] Level 1:colcon.colcon_core.package_identification:_identify(src/html) by extension 'colcon_meta'
[0.358s] Level 1:colcon.colcon_core.package_identification:_identify(src/html) by extensions ['ros']
[0.358s] Level 1:colcon.colcon_core.package_identification:_identify(src/html) by extension 'ros'
[0.358s] Level 1:colcon.colcon_core.package_identification:_identify(src/html) by extensions ['cmake', 'python']
[0.358s] Level 1:colcon.colcon_core.package_identification:_identify(src/html) by extension 'cmake'
[0.358s] Level 1:colcon.colcon_core.package_identification:_identify(src/html) by extension 'python'
[0.358s] Level 1:colcon.colcon_core.package_identification:_identify(src/html) by extensions ['python_setup_py']
[0.358s] Level 1:colcon.colcon_core.package_identification:_identify(src/html) by extension 'python_setup_py'
[0.358s] Level 1:colcon.colcon_core.package_identification:_identify(src/install) by extensions ['ignore', 'ignore_ament_install']
[0.358s] Level 1:colcon.colcon_core.package_identification:_identify(src/install) by extension 'ignore'
[0.358s] Level 1:colcon.colcon_core.package_identification:_identify(src/install) ignored
[0.358s] Level 1:colcon.colcon_core.package_identification:_identify(src/log) by extensions ['ignore', 'ignore_ament_install']
[0.359s] Level 1:colcon.colcon_core.package_identification:_identify(src/log) by extension 'ignore'
[0.359s] Level 1:colcon.colcon_core.package_identification:_identify(src/log) ignored
[0.359s] Level 1:colcon.colcon_core.package_identification:_identify(src/ros2-slam-auto-navigation) by extensions ['ignore', 'ignore_ament_install']
[0.359s] Level 1:colcon.colcon_core.package_identification:_identify(src/ros2-slam-auto-navigation) by extension 'ignore'
[0.359s] Level 1:colcon.colcon_core.package_identification:_identify(src/ros2-slam-auto-navigation) by extension 'ignore_ament_install'
[0.359s] Level 1:colcon.colcon_core.package_identification:_identify(src/ros2-slam-auto-navigation) by extensions ['colcon_pkg']
[0.359s] Level 1:colcon.colcon_core.package_identification:_identify(src/ros2-slam-auto-navigation) by extension 'colcon_pkg'
[0.359s] Level 1:colcon.colcon_core.package_identification:_identify(src/ros2-slam-auto-navigation) by extensions ['colcon_meta']
[0.359s] Level 1:colcon.colcon_core.package_identification:_identify(src/ros2-slam-auto-navigation) by extension 'colcon_meta'
[0.359s] Level 1:colcon.colcon_core.package_identification:_identify(src/ros2-slam-auto-navigation) by extensions ['ros']
[0.359s] Level 1:colcon.colcon_core.package_identification:_identify(src/ros2-slam-auto-navigation) by extension 'ros'
[0.360s] DEBUG:colcon.colcon_core.package_identification:Package 'src/ros2-slam-auto-navigation' with type 'ros.ament_cmake' and name 'ros2_slam_auto_navigation'
[0.360s] Level 1:colcon.colcon_core.package_identification:_identify(src/ros2_system_webview) by extensions ['ignore', 'ignore_ament_install']
[0.360s] Level 1:colcon.colcon_core.package_identification:_identify(src/ros2_system_webview) by extension 'ignore'
[0.360s] Level 1:colcon.colcon_core.package_identification:_identify(src/ros2_system_webview) by extension 'ignore_ament_install'
[0.360s] Level 1:colcon.colcon_core.package_identification:_identify(src/ros2_system_webview) by extensions ['colcon_pkg']
[0.360s] Level 1:colcon.colcon_core.package_identification:_identify(src/ros2_system_webview) by extension 'colcon_pkg'
[0.360s] Level 1:colcon.colcon_core.package_identification:_identify(src/ros2_system_webview) by extensions ['colcon_meta']
[0.360s] Level 1:colcon.colcon_core.package_identification:_identify(src/ros2_system_webview) by extension 'colcon_meta'
[0.360s] Level 1:colcon.colcon_core.package_identification:_identify(src/ros2_system_webview) by extensions ['ros']
[0.360s] Level 1:colcon.colcon_core.package_identification:_identify(src/ros2_system_webview) by extension 'ros'
[0.361s] DEBUG:colcon.colcon_core.package_identification:Package 'src/ros2_system_webview' with type 'ros.ament_cmake' and name 'system_webview'
[0.361s] Level 1:colcon.colcon_core.package_identification:_identify(src/ros_tutorials) by extensions ['ignore', 'ignore_ament_install']
[0.361s] Level 1:colcon.colcon_core.package_identification:_identify(src/ros_tutorials) by extension 'ignore'
[0.361s] Level 1:colcon.colcon_core.package_identification:_identify(src/ros_tutorials) by extension 'ignore_ament_install'
[0.361s] Level 1:colcon.colcon_core.package_identification:_identify(src/ros_tutorials) by extensions ['colcon_pkg']
[0.361s] Level 1:colcon.colcon_core.package_identification:_identify(src/ros_tutorials) by extension 'colcon_pkg'
[0.361s] Level 1:colcon.colcon_core.package_identification:_identify(src/ros_tutorials) by extensions ['colcon_meta']
[0.362s] Level 1:colcon.colcon_core.package_identification:_identify(src/ros_tutorials) by extension 'colcon_meta'
[0.362s] Level 1:colcon.colcon_core.package_identification:_identify(src/ros_tutorials) by extensions ['ros']
[0.362s] Level 1:colcon.colcon_core.package_identification:_identify(src/ros_tutorials) by extension 'ros'
[0.362s] Level 1:colcon.colcon_core.package_identification:_identify(src/ros_tutorials) by extensions ['cmake', 'python']
[0.362s] Level 1:colcon.colcon_core.package_identification:_identify(src/ros_tutorials) by extension 'cmake'
[0.362s] Level 1:colcon.colcon_core.package_identification:_identify(src/ros_tutorials) by extension 'python'
[0.362s] Level 1:colcon.colcon_core.package_identification:_identify(src/ros_tutorials) by extensions ['python_setup_py']
[0.362s] Level 1:colcon.colcon_core.package_identification:_identify(src/ros_tutorials) by extension 'python_setup_py'
[0.362s] Level 1:colcon.colcon_core.package_identification:_identify(src/ros_tutorials/turtlesim) by extensions ['ignore', 'ignore_ament_install']
[0.362s] Level 1:colcon.colcon_core.package_identification:_identify(src/ros_tutorials/turtlesim) by extension 'ignore'
[0.362s] Level 1:colcon.colcon_core.package_identification:_identify(src/ros_tutorials/turtlesim) by extension 'ignore_ament_install'
[0.362s] Level 1:colcon.colcon_core.package_identification:_identify(src/ros_tutorials/turtlesim) by extensions ['colcon_pkg']
[0.362s] Level 1:colcon.colcon_core.package_identification:_identify(src/ros_tutorials/turtlesim) by extension 'colcon_pkg'
[0.362s] Level 1:colcon.colcon_core.package_identification:_identify(src/ros_tutorials/turtlesim) by extensions ['colcon_meta']
[0.362s] Level 1:colcon.colcon_core.package_identification:_identify(src/ros_tutorials/turtlesim) by extension 'colcon_meta'
[0.362s] Level 1:colcon.colcon_core.package_identification:_identify(src/ros_tutorials/turtlesim) by extensions ['ros']
[0.362s] Level 1:colcon.colcon_core.package_identification:_identify(src/ros_tutorials/turtlesim) by extension 'ros'
[0.364s] DEBUG:colcon.colcon_core.package_identification:Package 'src/ros_tutorials/turtlesim' with type 'ros.ament_cmake' and name 'turtlesim'
[0.364s] Level 1:colcon.colcon_core.package_identification:_identify(src/rplidar_ros) by extensions ['ignore', 'ignore_ament_install']
[0.364s] Level 1:colcon.colcon_core.package_identification:_identify(src/rplidar_ros) by extension 'ignore'
[0.364s] Level 1:colcon.colcon_core.package_identification:_identify(src/rplidar_ros) by extension 'ignore_ament_install'
[0.364s] Level 1:colcon.colcon_core.package_identification:_identify(src/rplidar_ros) by extensions ['colcon_pkg']
[0.364s] Level 1:colcon.colcon_core.package_identification:_identify(src/rplidar_ros) by extension 'colcon_pkg'
[0.364s] Level 1:colcon.colcon_core.package_identification:_identify(src/rplidar_ros) by extensions ['colcon_meta']
[0.364s] Level 1:colcon.colcon_core.package_identification:_identify(src/rplidar_ros) by extension 'colcon_meta'
[0.364s] Level 1:colcon.colcon_core.package_identification:_identify(src/rplidar_ros) by extensions ['ros']
[0.364s] Level 1:colcon.colcon_core.package_identification:_identify(src/rplidar_ros) by extension 'ros'
[0.365s] DEBUG:colcon.colcon_core.package_identification:Package 'src/rplidar_ros' with type 'ros.ament_cmake' and name 'rplidar_ros'
[0.365s] Level 1:colcon.colcon_core.package_identification:_identify(src/sam_bot_description) by extensions ['ignore', 'ignore_ament_install']
[0.365s] Level 1:colcon.colcon_core.package_identification:_identify(src/sam_bot_description) by extension 'ignore'
[0.365s] Level 1:colcon.colcon_core.package_identification:_identify(src/sam_bot_description) by extension 'ignore_ament_install'
[0.365s] Level 1:colcon.colcon_core.package_identification:_identify(src/sam_bot_description) by extensions ['colcon_pkg']
[0.365s] Level 1:colcon.colcon_core.package_identification:_identify(src/sam_bot_description) by extension 'colcon_pkg'
[0.365s] Level 1:colcon.colcon_core.package_identification:_identify(src/sam_bot_description) by extensions ['colcon_meta']
[0.365s] Level 1:colcon.colcon_core.package_identification:_identify(src/sam_bot_description) by extension 'colcon_meta'
[0.365s] Level 1:colcon.colcon_core.package_identification:_identify(src/sam_bot_description) by extensions ['ros']
[0.365s] Level 1:colcon.colcon_core.package_identification:_identify(src/sam_bot_description) by extension 'ros'
[0.366s] DEBUG:colcon.colcon_core.package_identification:Package 'src/sam_bot_description' with type 'ros.ament_cmake' and name 'sam_bot_description'
[0.366s] Level 1:colcon.colcon_core.package_identification:_identify(src/tb3_multi_robot) by extensions ['ignore', 'ignore_ament_install']
[0.366s] Level 1:colcon.colcon_core.package_identification:_identify(src/tb3_multi_robot) by extension 'ignore'
[0.366s] Level 1:colcon.colcon_core.package_identification:_identify(src/tb3_multi_robot) by extension 'ignore_ament_install'
[0.366s] Level 1:colcon.colcon_core.package_identification:_identify(src/tb3_multi_robot) by extensions ['colcon_pkg']
[0.366s] Level 1:colcon.colcon_core.package_identification:_identify(src/tb3_multi_robot) by extension 'colcon_pkg'
[0.366s] Level 1:colcon.colcon_core.package_identification:_identify(src/tb3_multi_robot) by extensions ['colcon_meta']
[0.366s] Level 1:colcon.colcon_core.package_identification:_identify(src/tb3_multi_robot) by extension 'colcon_meta'
[0.366s] Level 1:colcon.colcon_core.package_identification:_identify(src/tb3_multi_robot) by extensions ['ros']
[0.366s] Level 1:colcon.colcon_core.package_identification:_identify(src/tb3_multi_robot) by extension 'ros'
[0.367s] DEBUG:colcon.colcon_core.package_identification:Package 'src/tb3_multi_robot' with type 'ros.ament_python' and name 'tb3_multi_robot'
[0.367s] Level 1:colcon.colcon_core.package_discovery:discover_packages(recursive) using defaults
[0.367s] Level 1:colcon.colcon_core.package_discovery:discover_packages(ignore) discover
[0.367s] Level 1:colcon.colcon_core.package_discovery:discover_packages(ignore) using defaults
[0.367s] Level 1:colcon.colcon_core.package_discovery:discover_packages(path) discover
[0.367s] Level 1:colcon.colcon_core.package_discovery:discover_packages(path) using defaults
[0.403s] Level 1:colcon.colcon_core.package_discovery:discover_packages(prefix_path) check parameters
[0.403s] Level 1:colcon.colcon_core.package_discovery:discover_packages(prefix_path) discover
[0.408s] DEBUG:colcon.colcon_installed_package_information.package_discovery:Found 31 installed packages in /home/intern1/ros2_ws/install
[0.411s] DEBUG:colcon.colcon_installed_package_information.package_discovery:Found 523 installed packages in /opt/ros/jazzy
[0.413s] Level 1:colcon.colcon_core.package_discovery:discover_packages(prefix_path) using defaults
[0.524s] WARNING:colcon.colcon_core.package_selection:Some selected packages are already built in one or more underlay workspaces:
	'examples_rclpy_minimal_publisher' is in: /home/intern1/ros2_ws/install/examples_rclpy_minimal_publisher, /opt/ros/jazzy
	'examples_rclcpp_minimal_timer' is in: /home/intern1/ros2_ws/install/examples_rclcpp_minimal_timer, /opt/ros/jazzy
	'examples_rclcpp_minimal_action_client' is in: /home/intern1/ros2_ws/install/examples_rclcpp_minimal_action_client, /opt/ros/jazzy
	'examples_rclcpp_minimal_client' is in: /opt/ros/jazzy, /home/intern1/ros2_ws/install/examples_rclcpp_minimal_client
	'turtlesim' is in: /home/intern1/ros2_ws/install/turtlesim, /opt/ros/jazzy
	'examples_rclcpp_minimal_composition' is in: /home/intern1/ros2_ws/install/examples_rclcpp_minimal_composition, /opt/ros/jazzy
	'examples_rclcpp_minimal_action_server' is in: /home/intern1/ros2_ws/install/examples_rclcpp_minimal_action_server, /opt/ros/jazzy
	'examples_rclpy_minimal_action_client' is in: /home/intern1/ros2_ws/install/examples_rclpy_minimal_action_client, /opt/ros/jazzy
	'examples_rclpy_minimal_action_server' is in: /home/intern1/ros2_ws/install/examples_rclpy_minimal_action_server, /opt/ros/jazzy
	'examples_rclcpp_multithreaded_executor' is in: /home/intern1/ros2_ws/install/examples_rclcpp_multithreaded_executor, /opt/ros/jazzy
	'examples_rclpy_executors' is in: /home/intern1/ros2_ws/install/examples_rclpy_executors, /opt/ros/jazzy
	'examples_rclcpp_minimal_service' is in: /home/intern1/ros2_ws/install/examples_rclcpp_minimal_service, /opt/ros/jazzy
	'examples_rclpy_minimal_subscriber' is in: /home/intern1/ros2_ws/install/examples_rclpy_minimal_subscriber, /opt/ros/jazzy
	'examples_rclcpp_minimal_subscriber' is in: /home/intern1/ros2_ws/install/examples_rclcpp_minimal_subscriber, /opt/ros/jazzy
	'examples_rclpy_minimal_client' is in: /home/intern1/ros2_ws/install/examples_rclpy_minimal_client, /opt/ros/jazzy
	'examples_rclcpp_minimal_publisher' is in: /home/intern1/ros2_ws/install/examples_rclcpp_minimal_publisher, /opt/ros/jazzy
	'examples_rclpy_minimal_service' is in: /home/intern1/ros2_ws/install/examples_rclpy_minimal_service, /opt/ros/jazzy
If a package in a merged underlay workspace is overridden and it installs headers, then all packages in the overlay must sort their include directories by workspace order. Failure to do so may result in build failures or undefined behavior at run time.
If the overridden package is used by another package in any underlay, then the overriding package in the overlay must be API and ABI compatible or undefined behavior at run time may occur.

If you understand the risks and want to override a package anyways, add the following to the command line:
	--allow-overriding examples_rclcpp_minimal_action_client examples_rclcpp_minimal_action_server examples_rclcpp_minimal_client examples_rclcpp_minimal_composition examples_rclcpp_minimal_publisher examples_rclcpp_minimal_service examples_rclcpp_minimal_subscriber examples_rclcpp_minimal_timer examples_rclcpp_multithreaded_executor examples_rclpy_executors examples_rclpy_minimal_action_client examples_rclpy_minimal_action_server examples_rclpy_minimal_client examples_rclpy_minimal_publisher examples_rclpy_minimal_service examples_rclpy_minimal_subscriber turtlesim

This may be promoted to an error in a future release of colcon-override-check.
[0.526s] Level 5:colcon.colcon_core.verb:set package 'amr_ws' build argument 'cmake_args' from command line to 'None'
[0.526s] Level 5:colcon.colcon_core.verb:set package 'amr_ws' build argument 'cmake_target' from command line to 'None'
[0.526s] Level 5:colcon.colcon_core.verb:set package 'amr_ws' build argument 'cmake_target_skip_unavailable' from command line to 'False'
[0.526s] Level 5:colcon.colcon_core.verb:set package 'amr_ws' build argument 'cmake_clean_cache' from command line to 'False'
[0.526s] Level 5:colcon.colcon_core.verb:set package 'amr_ws' build argument 'cmake_clean_first' from command line to 'False'
[0.526s] Level 5:colcon.colcon_core.verb:set package 'amr_ws' build argument 'cmake_force_configure' from command line to 'False'
[0.526s] Level 5:colcon.colcon_core.verb:set package 'amr_ws' build argument 'ament_cmake_args' from command line to 'None'
[0.526s] Level 5:colcon.colcon_core.verb:set package 'amr_ws' build argument 'catkin_cmake_args' from command line to 'None'
[0.526s] Level 5:colcon.colcon_core.verb:set package 'amr_ws' build argument 'catkin_skip_building_tests' from command line to 'False'
[0.526s] DEBUG:colcon.colcon_core.verb:Building package 'amr_ws' with the following arguments: {'ament_cmake_args': None, 'build_base': '/home/intern1/ros2_ws/build/amr_ws', 'catkin_cmake_args': None, 'catkin_skip_building_tests': False, 'cmake_args': None, 'cmake_clean_cache': False, 'cmake_clean_first': False, 'cmake_force_configure': False, 'cmake_target': None, 'cmake_target_skip_unavailable': False, 'install_base': '/home/intern1/ros2_ws/install/amr_ws', 'merge_install': False, 'path': '/home/intern1/ros2_ws/src/amr_ws', 'symlink_install': False, 'test_result_base': None}
[0.527s] Level 5:colcon.colcon_core.verb:set package 'camera_follow' build argument 'cmake_args' from command line to 'None'
[0.527s] Level 5:colcon.colcon_core.verb:set package 'camera_follow' build argument 'cmake_target' from command line to 'None'
[0.527s] Level 5:colcon.colcon_core.verb:set package 'camera_follow' build argument 'cmake_target_skip_unavailable' from command line to 'False'
[0.527s] Level 5:colcon.colcon_core.verb:set package 'camera_follow' build argument 'cmake_clean_cache' from command line to 'False'
[0.527s] Level 5:colcon.colcon_core.verb:set package 'camera_follow' build argument 'cmake_clean_first' from command line to 'False'
[0.527s] Level 5:colcon.colcon_core.verb:set package 'camera_follow' build argument 'cmake_force_configure' from command line to 'False'
[0.527s] Level 5:colcon.colcon_core.verb:set package 'camera_follow' build argument 'ament_cmake_args' from command line to 'None'
[0.527s] Level 5:colcon.colcon_core.verb:set package 'camera_follow' build argument 'catkin_cmake_args' from command line to 'None'
[0.527s] Level 5:colcon.colcon_core.verb:set package 'camera_follow' build argument 'catkin_skip_building_tests' from command line to 'False'
[0.527s] DEBUG:colcon.colcon_core.verb:Building package 'camera_follow' with the following arguments: {'ament_cmake_args': None, 'build_base': '/home/intern1/ros2_ws/build/camera_follow', 'catkin_cmake_args': None, 'catkin_skip_building_tests': False, 'cmake_args': None, 'cmake_clean_cache': False, 'cmake_clean_first': False, 'cmake_force_configure': False, 'cmake_target': None, 'cmake_target_skip_unavailable': False, 'install_base': '/home/intern1/ros2_ws/install/camera_follow', 'merge_install': False, 'path': '/home/intern1/ros2_ws/src/camera_follow', 'symlink_install': False, 'test_result_base': None}
[0.527s] Level 5:colcon.colcon_core.verb:set package 'education_material' build argument 'cmake_args' from command line to 'None'
[0.527s] Level 5:colcon.colcon_core.verb:set package 'education_material' build argument 'cmake_target' from command line to 'None'
[0.527s] Level 5:colcon.colcon_core.verb:set package 'education_material' build argument 'cmake_target_skip_unavailable' from command line to 'False'
[0.527s] Level 5:colcon.colcon_core.verb:set package 'education_material' build argument 'cmake_clean_cache' from command line to 'False'
[0.527s] Level 5:colcon.colcon_core.verb:set package 'education_material' build argument 'cmake_clean_first' from command line to 'False'
[0.527s] Level 5:colcon.colcon_core.verb:set package 'education_material' build argument 'cmake_force_configure' from command line to 'False'
[0.527s] Level 5:colcon.colcon_core.verb:set package 'education_material' build argument 'ament_cmake_args' from command line to 'None'
[0.528s] Level 5:colcon.colcon_core.verb:set package 'education_material' build argument 'catkin_cmake_args' from command line to 'None'
[0.528s] Level 5:colcon.colcon_core.verb:set package 'education_material' build argument 'catkin_skip_building_tests' from command line to 'False'
[0.528s] DEBUG:colcon.colcon_core.verb:Building package 'education_material' with the following arguments: {'ament_cmake_args': None, 'build_base': '/home/intern1/ros2_ws/build/education_material', 'catkin_cmake_args': None, 'catkin_skip_building_tests': False, 'cmake_args': None, 'cmake_clean_cache': False, 'cmake_clean_first': False, 'cmake_force_configure': False, 'cmake_target': None, 'cmake_target_skip_unavailable': False, 'install_base': '/home/intern1/ros2_ws/install/education_material', 'merge_install': False, 'path': '/home/intern1/ros2_ws/src/education_material', 'symlink_install': False, 'test_result_base': None}
[0.528s] Level 5:colcon.colcon_core.verb:set package 'examples_rclcpp_async_client' build argument 'cmake_args' from command line to 'None'
[0.528s] Level 5:colcon.colcon_core.verb:set package 'examples_rclcpp_async_client' build argument 'cmake_target' from command line to 'None'
[0.528s] Level 5:colcon.colcon_core.verb:set package 'examples_rclcpp_async_client' build argument 'cmake_target_skip_unavailable' from command line to 'False'
[0.528s] Level 5:colcon.colcon_core.verb:set package 'examples_rclcpp_async_client' build argument 'cmake_clean_cache' from command line to 'False'
[0.528s] Level 5:colcon.colcon_core.verb:set package 'examples_rclcpp_async_client' build argument 'cmake_clean_first' from command line to 'False'
[0.528s] Level 5:colcon.colcon_core.verb:set package 'examples_rclcpp_async_client' build argument 'cmake_force_configure' from command line to 'False'
[0.528s] Level 5:colcon.colcon_core.verb:set package 'examples_rclcpp_async_client' build argument 'ament_cmake_args' from command line to 'None'
[0.528s] Level 5:colcon.colcon_core.verb:set package 'examples_rclcpp_async_client' build argument 'catkin_cmake_args' from command line to 'None'
[0.528s] Level 5:colcon.colcon_core.verb:set package 'examples_rclcpp_async_client' build argument 'catkin_skip_building_tests' from command line to 'False'
[0.528s] DEBUG:colcon.colcon_core.verb:Building package 'examples_rclcpp_async_client' with the following arguments: {'ament_cmake_args': None, 'build_base': '/home/intern1/ros2_ws/build/examples_rclcpp_async_client', 'catkin_cmake_args': None, 'catkin_skip_building_tests': False, 'cmake_args': None, 'cmake_clean_cache': False, 'cmake_clean_first': False, 'cmake_force_configure': False, 'cmake_target': None, 'cmake_target_skip_unavailable': False, 'install_base': '/home/intern1/ros2_ws/install/examples_rclcpp_async_client', 'merge_install': False, 'path': '/home/intern1/ros2_ws/src/examples/rclcpp/services/async_client', 'symlink_install': False, 'test_result_base': None}
[0.528s] Level 5:colcon.colcon_core.verb:set package 'examples_rclcpp_cbg_executor' build argument 'cmake_args' from command line to 'None'
[0.528s] Level 5:colcon.colcon_core.verb:set package 'examples_rclcpp_cbg_executor' build argument 'cmake_target' from command line to 'None'
[0.528s] Level 5:colcon.colcon_core.verb:set package 'examples_rclcpp_cbg_executor' build argument 'cmake_target_skip_unavailable' from command line to 'False'
[0.528s] Level 5:colcon.colcon_core.verb:set package 'examples_rclcpp_cbg_executor' build argument 'cmake_clean_cache' from command line to 'False'
[0.528s] Level 5:colcon.colcon_core.verb:set package 'examples_rclcpp_cbg_executor' build argument 'cmake_clean_first' from command line to 'False'
[0.529s] Level 5:colcon.colcon_core.verb:set package 'examples_rclcpp_cbg_executor' build argument 'cmake_force_configure' from command line to 'False'
[0.529s] Level 5:colcon.colcon_core.verb:set package 'examples_rclcpp_cbg_executor' build argument 'ament_cmake_args' from command line to 'None'
[0.529s] Level 5:colcon.colcon_core.verb:set package 'examples_rclcpp_cbg_executor' build argument 'catkin_cmake_args' from command line to 'None'
[0.529s] Level 5:colcon.colcon_core.verb:set package 'examples_rclcpp_cbg_executor' build argument 'catkin_skip_building_tests' from command line to 'False'
[0.529s] DEBUG:colcon.colcon_core.verb:Building package 'examples_rclcpp_cbg_executor' with the following arguments: {'ament_cmake_args': None, 'build_base': '/home/intern1/ros2_ws/build/examples_rclcpp_cbg_executor', 'catkin_cmake_args': None, 'catkin_skip_building_tests': False, 'cmake_args': None, 'cmake_clean_cache': False, 'cmake_clean_first': False, 'cmake_force_configure': False, 'cmake_target': None, 'cmake_target_skip_unavailable': False, 'install_base': '/home/intern1/ros2_ws/install/examples_rclcpp_cbg_executor', 'merge_install': False, 'path': '/home/intern1/ros2_ws/src/examples/rclcpp/executors/cbg_executor', 'symlink_install': False, 'test_result_base': None}
[0.529s] Level 5:colcon.colcon_core.verb:set package 'examples_rclcpp_minimal_action_client' build argument 'cmake_args' from command line to 'None'
[0.529s] Level 5:colcon.colcon_core.verb:set package 'examples_rclcpp_minimal_action_client' build argument 'cmake_target' from command line to 'None'
[0.529s] Level 5:colcon.colcon_core.verb:set package 'examples_rclcpp_minimal_action_client' build argument 'cmake_target_skip_unavailable' from command line to 'False'
[0.529s] Level 5:colcon.colcon_core.verb:set package 'examples_rclcpp_minimal_action_client' build argument 'cmake_clean_cache' from command line to 'False'
[0.529s] Level 5:colcon.colcon_core.verb:set package 'examples_rclcpp_minimal_action_client' build argument 'cmake_clean_first' from command line to 'False'
[0.529s] Level 5:colcon.colcon_core.verb:set package 'examples_rclcpp_minimal_action_client' build argument 'cmake_force_configure' from command line to 'False'
[0.529s] Level 5:colcon.colcon_core.verb:set package 'examples_rclcpp_minimal_action_client' build argument 'ament_cmake_args' from command line to 'None'
[0.529s] Level 5:colcon.colcon_core.verb:set package 'examples_rclcpp_minimal_action_client' build argument 'catkin_cmake_args' from command line to 'None'
[0.529s] Level 5:colcon.colcon_core.verb:set package 'examples_rclcpp_minimal_action_client' build argument 'catkin_skip_building_tests' from command line to 'False'
[0.529s] DEBUG:colcon.colcon_core.verb:Building package 'examples_rclcpp_minimal_action_client' with the following arguments: {'ament_cmake_args': None, 'build_base': '/home/intern1/ros2_ws/build/examples_rclcpp_minimal_action_client', 'catkin_cmake_args': None, 'catkin_skip_building_tests': False, 'cmake_args': None, 'cmake_clean_cache': False, 'cmake_clean_first': False, 'cmake_force_configure': False, 'cmake_target': None, 'cmake_target_skip_unavailable': False, 'install_base': '/home/intern1/ros2_ws/install/examples_rclcpp_minimal_action_client', 'merge_install': False, 'path': '/home/intern1/ros2_ws/src/examples/rclcpp/actions/minimal_action_client', 'symlink_install': False, 'test_result_base': None}
[0.529s] Level 5:colcon.colcon_core.verb:set package 'examples_rclcpp_minimal_action_server' build argument 'cmake_args' from command line to 'None'
[0.529s] Level 5:colcon.colcon_core.verb:set package 'examples_rclcpp_minimal_action_server' build argument 'cmake_target' from command line to 'None'
[0.530s] Level 5:colcon.colcon_core.verb:set package 'examples_rclcpp_minimal_action_server' build argument 'cmake_target_skip_unavailable' from command line to 'False'
[0.530s] Level 5:colcon.colcon_core.verb:set package 'examples_rclcpp_minimal_action_server' build argument 'cmake_clean_cache' from command line to 'False'
[0.530s] Level 5:colcon.colcon_core.verb:set package 'examples_rclcpp_minimal_action_server' build argument 'cmake_clean_first' from command line to 'False'
[0.530s] Level 5:colcon.colcon_core.verb:set package 'examples_rclcpp_minimal_action_server' build argument 'cmake_force_configure' from command line to 'False'
[0.530s] Level 5:colcon.colcon_core.verb:set package 'examples_rclcpp_minimal_action_server' build argument 'ament_cmake_args' from command line to 'None'
[0.530s] Level 5:colcon.colcon_core.verb:set package 'examples_rclcpp_minimal_action_server' build argument 'catkin_cmake_args' from command line to 'None'
[0.530s] Level 5:colcon.colcon_core.verb:set package 'examples_rclcpp_minimal_action_server' build argument 'catkin_skip_building_tests' from command line to 'False'
[0.530s] DEBUG:colcon.colcon_core.verb:Building package 'examples_rclcpp_minimal_action_server' with the following arguments: {'ament_cmake_args': None, 'build_base': '/home/intern1/ros2_ws/build/examples_rclcpp_minimal_action_server', 'catkin_cmake_args': None, 'catkin_skip_building_tests': False, 'cmake_args': None, 'cmake_clean_cache': False, 'cmake_clean_first': False, 'cmake_force_configure': False, 'cmake_target': None, 'cmake_target_skip_unavailable': False, 'install_base': '/home/intern1/ros2_ws/install/examples_rclcpp_minimal_action_server', 'merge_install': False, 'path': '/home/intern1/ros2_ws/src/examples/rclcpp/actions/minimal_action_server', 'symlink_install': False, 'test_result_base': None}
[0.530s] Level 5:colcon.colcon_core.verb:set package 'examples_rclcpp_minimal_client' build argument 'cmake_args' from command line to 'None'
[0.530s] Level 5:colcon.colcon_core.verb:set package 'examples_rclcpp_minimal_client' build argument 'cmake_target' from command line to 'None'
[0.530s] Level 5:colcon.colcon_core.verb:set package 'examples_rclcpp_minimal_client' build argument 'cmake_target_skip_unavailable' from command line to 'False'
[0.530s] Level 5:colcon.colcon_core.verb:set package 'examples_rclcpp_minimal_client' build argument 'cmake_clean_cache' from command line to 'False'
[0.530s] Level 5:colcon.colcon_core.verb:set package 'examples_rclcpp_minimal_client' build argument 'cmake_clean_first' from command line to 'False'
[0.530s] Level 5:colcon.colcon_core.verb:set package 'examples_rclcpp_minimal_client' build argument 'cmake_force_configure' from command line to 'False'
[0.530s] Level 5:colcon.colcon_core.verb:set package 'examples_rclcpp_minimal_client' build argument 'ament_cmake_args' from command line to 'None'
[0.530s] Level 5:colcon.colcon_core.verb:set package 'examples_rclcpp_minimal_client' build argument 'catkin_cmake_args' from command line to 'None'
[0.530s] Level 5:colcon.colcon_core.verb:set package 'examples_rclcpp_minimal_client' build argument 'catkin_skip_building_tests' from command line to 'False'
[0.530s] DEBUG:colcon.colcon_core.verb:Building package 'examples_rclcpp_minimal_client' with the following arguments: {'ament_cmake_args': None, 'build_base': '/home/intern1/ros2_ws/build/examples_rclcpp_minimal_client', 'catkin_cmake_args': None, 'catkin_skip_building_tests': False, 'cmake_args': None, 'cmake_clean_cache': False, 'cmake_clean_first': False, 'cmake_force_configure': False, 'cmake_target': None, 'cmake_target_skip_unavailable': False, 'install_base': '/home/intern1/ros2_ws/install/examples_rclcpp_minimal_client', 'merge_install': False, 'path': '/home/intern1/ros2_ws/src/examples/rclcpp/services/minimal_client', 'symlink_install': False, 'test_result_base': None}
[0.530s] Level 5:colcon.colcon_core.verb:set package 'examples_rclcpp_minimal_composition' build argument 'cmake_args' from command line to 'None'
[0.530s] Level 5:colcon.colcon_core.verb:set package 'examples_rclcpp_minimal_composition' build argument 'cmake_target' from command line to 'None'
[0.531s] Level 5:colcon.colcon_core.verb:set package 'examples_rclcpp_minimal_composition' build argument 'cmake_target_skip_unavailable' from command line to 'False'
[0.531s] Level 5:colcon.colcon_core.verb:set package 'examples_rclcpp_minimal_composition' build argument 'cmake_clean_cache' from command line to 'False'
[0.531s] Level 5:colcon.colcon_core.verb:set package 'examples_rclcpp_minimal_composition' build argument 'cmake_clean_first' from command line to 'False'
[0.531s] Level 5:colcon.colcon_core.verb:set package 'examples_rclcpp_minimal_composition' build argument 'cmake_force_configure' from command line to 'False'
[0.531s] Level 5:colcon.colcon_core.verb:set package 'examples_rclcpp_minimal_composition' build argument 'ament_cmake_args' from command line to 'None'
[0.531s] Level 5:colcon.colcon_core.verb:set package 'examples_rclcpp_minimal_composition' build argument 'catkin_cmake_args' from command line to 'None'
[0.531s] Level 5:colcon.colcon_core.verb:set package 'examples_rclcpp_minimal_composition' build argument 'catkin_skip_building_tests' from command line to 'False'
[0.531s] DEBUG:colcon.colcon_core.verb:Building package 'examples_rclcpp_minimal_composition' with the following arguments: {'ament_cmake_args': None, 'build_base': '/home/intern1/ros2_ws/build/examples_rclcpp_minimal_composition', 'catkin_cmake_args': None, 'catkin_skip_building_tests': False, 'cmake_args': None, 'cmake_clean_cache': False, 'cmake_clean_first': False, 'cmake_force_configure': False, 'cmake_target': None, 'cmake_target_skip_unavailable': False, 'install_base': '/home/intern1/ros2_ws/install/examples_rclcpp_minimal_composition', 'merge_install': False, 'path': '/home/intern1/ros2_ws/src/examples/rclcpp/composition/minimal_composition', 'symlink_install': False, 'test_result_base': None}
[0.531s] Level 5:colcon.colcon_core.verb:set package 'examples_rclcpp_minimal_publisher' build argument 'cmake_args' from command line to 'None'
[0.531s] Level 5:colcon.colcon_core.verb:set package 'examples_rclcpp_minimal_publisher' build argument 'cmake_target' from command line to 'None'
[0.531s] Level 5:colcon.colcon_core.verb:set package 'examples_rclcpp_minimal_publisher' build argument 'cmake_target_skip_unavailable' from command line to 'False'
[0.531s] Level 5:colcon.colcon_core.verb:set package 'examples_rclcpp_minimal_publisher' build argument 'cmake_clean_cache' from command line to 'False'
[0.531s] Level 5:colcon.colcon_core.verb:set package 'examples_rclcpp_minimal_publisher' build argument 'cmake_clean_first' from command line to 'False'
[0.531s] Level 5:colcon.colcon_core.verb:set package 'examples_rclcpp_minimal_publisher' build argument 'cmake_force_configure' from command line to 'False'
[0.531s] Level 5:colcon.colcon_core.verb:set package 'examples_rclcpp_minimal_publisher' build argument 'ament_cmake_args' from command line to 'None'
[0.531s] Level 5:colcon.colcon_core.verb:set package 'examples_rclcpp_minimal_publisher' build argument 'catkin_cmake_args' from command line to 'None'
[0.531s] Level 5:colcon.colcon_core.verb:set package 'examples_rclcpp_minimal_publisher' build argument 'catkin_skip_building_tests' from command line to 'False'
[0.531s] DEBUG:colcon.colcon_core.verb:Building package 'examples_rclcpp_minimal_publisher' with the following arguments: {'ament_cmake_args': None, 'build_base': '/home/intern1/ros2_ws/build/examples_rclcpp_minimal_publisher', 'catkin_cmake_args': None, 'catkin_skip_building_tests': False, 'cmake_args': None, 'cmake_clean_cache': False, 'cmake_clean_first': False, 'cmake_force_configure': False, 'cmake_target': None, 'cmake_target_skip_unavailable': False, 'install_base': '/home/intern1/ros2_ws/install/examples_rclcpp_minimal_publisher', 'merge_install': False, 'path': '/home/intern1/ros2_ws/src/examples/rclcpp/topics/minimal_publisher', 'symlink_install': False, 'test_result_base': None}
[0.531s] Level 5:colcon.colcon_core.verb:set package 'examples_rclcpp_minimal_service' build argument 'cmake_args' from command line to 'None'
[0.532s] Level 5:colcon.colcon_core.verb:set package 'examples_rclcpp_minimal_service' build argument 'cmake_target' from command line to 'None'
[0.532s] Level 5:colcon.colcon_core.verb:set package 'examples_rclcpp_minimal_service' build argument 'cmake_target_skip_unavailable' from command line to 'False'
[0.532s] Level 5:colcon.colcon_core.verb:set package 'examples_rclcpp_minimal_service' build argument 'cmake_clean_cache' from command line to 'False'
[0.532s] Level 5:colcon.colcon_core.verb:set package 'examples_rclcpp_minimal_service' build argument 'cmake_clean_first' from command line to 'False'
[0.532s] Level 5:colcon.colcon_core.verb:set package 'examples_rclcpp_minimal_service' build argument 'cmake_force_configure' from command line to 'False'
[0.532s] Level 5:colcon.colcon_core.verb:set package 'examples_rclcpp_minimal_service' build argument 'ament_cmake_args' from command line to 'None'
[0.532s] Level 5:colcon.colcon_core.verb:set package 'examples_rclcpp_minimal_service' build argument 'catkin_cmake_args' from command line to 'None'
[0.532s] Level 5:colcon.colcon_core.verb:set package 'examples_rclcpp_minimal_service' build argument 'catkin_skip_building_tests' from command line to 'False'
[0.532s] DEBUG:colcon.colcon_core.verb:Building package 'examples_rclcpp_minimal_service' with the following arguments: {'ament_cmake_args': None, 'build_base': '/home/intern1/ros2_ws/build/examples_rclcpp_minimal_service', 'catkin_cmake_args': None, 'catkin_skip_building_tests': False, 'cmake_args': None, 'cmake_clean_cache': False, 'cmake_clean_first': False, 'cmake_force_configure': False, 'cmake_target': None, 'cmake_target_skip_unavailable': False, 'install_base': '/home/intern1/ros2_ws/install/examples_rclcpp_minimal_service', 'merge_install': False, 'path': '/home/intern1/ros2_ws/src/examples/rclcpp/services/minimal_service', 'symlink_install': False, 'test_result_base': None}
[0.532s] Level 5:colcon.colcon_core.verb:set package 'examples_rclcpp_minimal_subscriber' build argument 'cmake_args' from command line to 'None'
[0.532s] Level 5:colcon.colcon_core.verb:set package 'examples_rclcpp_minimal_subscriber' build argument 'cmake_target' from command line to 'None'
[0.532s] Level 5:colcon.colcon_core.verb:set package 'examples_rclcpp_minimal_subscriber' build argument 'cmake_target_skip_unavailable' from command line to 'False'
[0.532s] Level 5:colcon.colcon_core.verb:set package 'examples_rclcpp_minimal_subscriber' build argument 'cmake_clean_cache' from command line to 'False'
[0.532s] Level 5:colcon.colcon_core.verb:set package 'examples_rclcpp_minimal_subscriber' build argument 'cmake_clean_first' from command line to 'False'
[0.532s] Level 5:colcon.colcon_core.verb:set package 'examples_rclcpp_minimal_subscriber' build argument 'cmake_force_configure' from command line to 'False'
[0.532s] Level 5:colcon.colcon_core.verb:set package 'examples_rclcpp_minimal_subscriber' build argument 'ament_cmake_args' from command line to 'None'
[0.532s] Level 5:colcon.colcon_core.verb:set package 'examples_rclcpp_minimal_subscriber' build argument 'catkin_cmake_args' from command line to 'None'
[0.532s] Level 5:colcon.colcon_core.verb:set package 'examples_rclcpp_minimal_subscriber' build argument 'catkin_skip_building_tests' from command line to 'False'
[0.532s] DEBUG:colcon.colcon_core.verb:Building package 'examples_rclcpp_minimal_subscriber' with the following arguments: {'ament_cmake_args': None, 'build_base': '/home/intern1/ros2_ws/build/examples_rclcpp_minimal_subscriber', 'catkin_cmake_args': None, 'catkin_skip_building_tests': False, 'cmake_args': None, 'cmake_clean_cache': False, 'cmake_clean_first': False, 'cmake_force_configure': False, 'cmake_target': None, 'cmake_target_skip_unavailable': False, 'install_base': '/home/intern1/ros2_ws/install/examples_rclcpp_minimal_subscriber', 'merge_install': False, 'path': '/home/intern1/ros2_ws/src/examples/rclcpp/topics/minimal_subscriber', 'symlink_install': False, 'test_result_base': None}
[0.532s] Level 5:colcon.colcon_core.verb:set package 'examples_rclcpp_minimal_timer' build argument 'cmake_args' from command line to 'None'
[0.533s] Level 5:colcon.colcon_core.verb:set package 'examples_rclcpp_minimal_timer' build argument 'cmake_target' from command line to 'None'
[0.533s] Level 5:colcon.colcon_core.verb:set package 'examples_rclcpp_minimal_timer' build argument 'cmake_target_skip_unavailable' from command line to 'False'
[0.533s] Level 5:colcon.colcon_core.verb:set package 'examples_rclcpp_minimal_timer' build argument 'cmake_clean_cache' from command line to 'False'
[0.533s] Level 5:colcon.colcon_core.verb:set package 'examples_rclcpp_minimal_timer' build argument 'cmake_clean_first' from command line to 'False'
[0.533s] Level 5:colcon.colcon_core.verb:set package 'examples_rclcpp_minimal_timer' build argument 'cmake_force_configure' from command line to 'False'
[0.533s] Level 5:colcon.colcon_core.verb:set package 'examples_rclcpp_minimal_timer' build argument 'ament_cmake_args' from command line to 'None'
[0.533s] Level 5:colcon.colcon_core.verb:set package 'examples_rclcpp_minimal_timer' build argument 'catkin_cmake_args' from command line to 'None'
[0.533s] Level 5:colcon.colcon_core.verb:set package 'examples_rclcpp_minimal_timer' build argument 'catkin_skip_building_tests' from command line to 'False'
[0.533s] DEBUG:colcon.colcon_core.verb:Building package 'examples_rclcpp_minimal_timer' with the following arguments: {'ament_cmake_args': None, 'build_base': '/home/intern1/ros2_ws/build/examples_rclcpp_minimal_timer', 'catkin_cmake_args': None, 'catkin_skip_building_tests': False, 'cmake_args': None, 'cmake_clean_cache': False, 'cmake_clean_first': False, 'cmake_force_configure': False, 'cmake_target': None, 'cmake_target_skip_unavailable': False, 'install_base': '/home/intern1/ros2_ws/install/examples_rclcpp_minimal_timer', 'merge_install': False, 'path': '/home/intern1/ros2_ws/src/examples/rclcpp/timers/minimal_timer', 'symlink_install': False, 'test_result_base': None}
[0.533s] Level 5:colcon.colcon_core.verb:set package 'examples_rclcpp_multithreaded_executor' build argument 'cmake_args' from command line to 'None'
[0.533s] Level 5:colcon.colcon_core.verb:set package 'examples_rclcpp_multithreaded_executor' build argument 'cmake_target' from command line to 'None'
[0.533s] Level 5:colcon.colcon_core.verb:set package 'examples_rclcpp_multithreaded_executor' build argument 'cmake_target_skip_unavailable' from command line to 'False'
[0.533s] Level 5:colcon.colcon_core.verb:set package 'examples_rclcpp_multithreaded_executor' build argument 'cmake_clean_cache' from command line to 'False'
[0.533s] Level 5:colcon.colcon_core.verb:set package 'examples_rclcpp_multithreaded_executor' build argument 'cmake_clean_first' from command line to 'False'
[0.533s] Level 5:colcon.colcon_core.verb:set package 'examples_rclcpp_multithreaded_executor' build argument 'cmake_force_configure' from command line to 'False'
[0.533s] Level 5:colcon.colcon_core.verb:set package 'examples_rclcpp_multithreaded_executor' build argument 'ament_cmake_args' from command line to 'None'
[0.533s] Level 5:colcon.colcon_core.verb:set package 'examples_rclcpp_multithreaded_executor' build argument 'catkin_cmake_args' from command line to 'None'
[0.533s] Level 5:colcon.colcon_core.verb:set package 'examples_rclcpp_multithreaded_executor' build argument 'catkin_skip_building_tests' from command line to 'False'
[0.533s] DEBUG:colcon.colcon_core.verb:Building package 'examples_rclcpp_multithreaded_executor' with the following arguments: {'ament_cmake_args': None, 'build_base': '/home/intern1/ros2_ws/build/examples_rclcpp_multithreaded_executor', 'catkin_cmake_args': None, 'catkin_skip_building_tests': False, 'cmake_args': None, 'cmake_clean_cache': False, 'cmake_clean_first': False, 'cmake_force_configure': False, 'cmake_target': None, 'cmake_target_skip_unavailable': False, 'install_base': '/home/intern1/ros2_ws/install/examples_rclcpp_multithreaded_executor', 'merge_install': False, 'path': '/home/intern1/ros2_ws/src/examples/rclcpp/executors/multithreaded_executor', 'symlink_install': False, 'test_result_base': None}
[0.533s] Level 5:colcon.colcon_core.verb:set package 'examples_rclcpp_wait_set' build argument 'cmake_args' from command line to 'None'
[0.533s] Level 5:colcon.colcon_core.verb:set package 'examples_rclcpp_wait_set' build argument 'cmake_target' from command line to 'None'
[0.534s] Level 5:colcon.colcon_core.verb:set package 'examples_rclcpp_wait_set' build argument 'cmake_target_skip_unavailable' from command line to 'False'
[0.534s] Level 5:colcon.colcon_core.verb:set package 'examples_rclcpp_wait_set' build argument 'cmake_clean_cache' from command line to 'False'
[0.534s] Level 5:colcon.colcon_core.verb:set package 'examples_rclcpp_wait_set' build argument 'cmake_clean_first' from command line to 'False'
[0.534s] Level 5:colcon.colcon_core.verb:set package 'examples_rclcpp_wait_set' build argument 'cmake_force_configure' from command line to 'False'
[0.534s] Level 5:colcon.colcon_core.verb:set package 'examples_rclcpp_wait_set' build argument 'ament_cmake_args' from command line to 'None'
[0.534s] Level 5:colcon.colcon_core.verb:set package 'examples_rclcpp_wait_set' build argument 'catkin_cmake_args' from command line to 'None'
[0.534s] Level 5:colcon.colcon_core.verb:set package 'examples_rclcpp_wait_set' build argument 'catkin_skip_building_tests' from command line to 'False'
[0.534s] DEBUG:colcon.colcon_core.verb:Building package 'examples_rclcpp_wait_set' with the following arguments: {'ament_cmake_args': None, 'build_base': '/home/intern1/ros2_ws/build/examples_rclcpp_wait_set', 'catkin_cmake_args': None, 'catkin_skip_building_tests': False, 'cmake_args': None, 'cmake_clean_cache': False, 'cmake_clean_first': False, 'cmake_force_configure': False, 'cmake_target': None, 'cmake_target_skip_unavailable': False, 'install_base': '/home/intern1/ros2_ws/install/examples_rclcpp_wait_set', 'merge_install': False, 'path': '/home/intern1/ros2_ws/src/examples/rclcpp/wait_set', 'symlink_install': False, 'test_result_base': None}
[0.534s] Level 5:colcon.colcon_core.verb:set package 'examples_rclpy_executors' build argument 'cmake_args' from command line to 'None'
[0.534s] Level 5:colcon.colcon_core.verb:set package 'examples_rclpy_executors' build argument 'cmake_target' from command line to 'None'
[0.534s] Level 5:colcon.colcon_core.verb:set package 'examples_rclpy_executors' build argument 'cmake_target_skip_unavailable' from command line to 'False'
[0.534s] Level 5:colcon.colcon_core.verb:set package 'examples_rclpy_executors' build argument 'cmake_clean_cache' from command line to 'False'
[0.534s] Level 5:colcon.colcon_core.verb:set package 'examples_rclpy_executors' build argument 'cmake_clean_first' from command line to 'False'
[0.534s] Level 5:colcon.colcon_core.verb:set package 'examples_rclpy_executors' build argument 'cmake_force_configure' from command line to 'False'
[0.534s] Level 5:colcon.colcon_core.verb:set package 'examples_rclpy_executors' build argument 'ament_cmake_args' from command line to 'None'
[0.534s] Level 5:colcon.colcon_core.verb:set package 'examples_rclpy_executors' build argument 'catkin_cmake_args' from command line to 'None'
[0.534s] Level 5:colcon.colcon_core.verb:set package 'examples_rclpy_executors' build argument 'catkin_skip_building_tests' from command line to 'False'
[0.534s] DEBUG:colcon.colcon_core.verb:Building package 'examples_rclpy_executors' with the following arguments: {'ament_cmake_args': None, 'build_base': '/home/intern1/ros2_ws/build/examples_rclpy_executors', 'catkin_cmake_args': None, 'catkin_skip_building_tests': False, 'cmake_args': None, 'cmake_clean_cache': False, 'cmake_clean_first': False, 'cmake_force_configure': False, 'cmake_target': None, 'cmake_target_skip_unavailable': False, 'install_base': '/home/intern1/ros2_ws/install/examples_rclpy_executors', 'merge_install': False, 'path': '/home/intern1/ros2_ws/src/examples/rclpy/executors', 'symlink_install': False, 'test_result_base': None}
[0.534s] Level 5:colcon.colcon_core.verb:set package 'examples_rclpy_guard_conditions' build argument 'cmake_args' from command line to 'None'
[0.535s] Level 5:colcon.colcon_core.verb:set package 'examples_rclpy_guard_conditions' build argument 'cmake_target' from command line to 'None'
[0.535s] Level 5:colcon.colcon_core.verb:set package 'examples_rclpy_guard_conditions' build argument 'cmake_target_skip_unavailable' from command line to 'False'
[0.535s] Level 5:colcon.colcon_core.verb:set package 'examples_rclpy_guard_conditions' build argument 'cmake_clean_cache' from command line to 'False'
[0.535s] Level 5:colcon.colcon_core.verb:set package 'examples_rclpy_guard_conditions' build argument 'cmake_clean_first' from command line to 'False'
[0.535s] Level 5:colcon.colcon_core.verb:set package 'examples_rclpy_guard_conditions' build argument 'cmake_force_configure' from command line to 'False'
[0.535s] Level 5:colcon.colcon_core.verb:set package 'examples_rclpy_guard_conditions' build argument 'ament_cmake_args' from command line to 'None'
[0.535s] Level 5:colcon.colcon_core.verb:set package 'examples_rclpy_guard_conditions' build argument 'catkin_cmake_args' from command line to 'None'
[0.535s] Level 5:colcon.colcon_core.verb:set package 'examples_rclpy_guard_conditions' build argument 'catkin_skip_building_tests' from command line to 'False'
[0.535s] DEBUG:colcon.colcon_core.verb:Building package 'examples_rclpy_guard_conditions' with the following arguments: {'ament_cmake_args': None, 'build_base': '/home/intern1/ros2_ws/build/examples_rclpy_guard_conditions', 'catkin_cmake_args': None, 'catkin_skip_building_tests': False, 'cmake_args': None, 'cmake_clean_cache': False, 'cmake_clean_first': False, 'cmake_force_configure': False, 'cmake_target': None, 'cmake_target_skip_unavailable': False, 'install_base': '/home/intern1/ros2_ws/install/examples_rclpy_guard_conditions', 'merge_install': False, 'path': '/home/intern1/ros2_ws/src/examples/rclpy/guard_conditions', 'symlink_install': False, 'test_result_base': None}
[0.535s] Level 5:colcon.colcon_core.verb:set package 'examples_rclpy_minimal_action_client' build argument 'cmake_args' from command line to 'None'
[0.535s] Level 5:colcon.colcon_core.verb:set package 'examples_rclpy_minimal_action_client' build argument 'cmake_target' from command line to 'None'
[0.535s] Level 5:colcon.colcon_core.verb:set package 'examples_rclpy_minimal_action_client' build argument 'cmake_target_skip_unavailable' from command line to 'False'
[0.535s] Level 5:colcon.colcon_core.verb:set package 'examples_rclpy_minimal_action_client' build argument 'cmake_clean_cache' from command line to 'False'
[0.535s] Level 5:colcon.colcon_core.verb:set package 'examples_rclpy_minimal_action_client' build argument 'cmake_clean_first' from command line to 'False'
[0.535s] Level 5:colcon.colcon_core.verb:set package 'examples_rclpy_minimal_action_client' build argument 'cmake_force_configure' from command line to 'False'
[0.535s] Level 5:colcon.colcon_core.verb:set package 'examples_rclpy_minimal_action_client' build argument 'ament_cmake_args' from command line to 'None'
[0.535s] Level 5:colcon.colcon_core.verb:set package 'examples_rclpy_minimal_action_client' build argument 'catkin_cmake_args' from command line to 'None'
[0.535s] Level 5:colcon.colcon_core.verb:set package 'examples_rclpy_minimal_action_client' build argument 'catkin_skip_building_tests' from command line to 'False'
[0.535s] DEBUG:colcon.colcon_core.verb:Building package 'examples_rclpy_minimal_action_client' with the following arguments: {'ament_cmake_args': None, 'build_base': '/home/intern1/ros2_ws/build/examples_rclpy_minimal_action_client', 'catkin_cmake_args': None, 'catkin_skip_building_tests': False, 'cmake_args': None, 'cmake_clean_cache': False, 'cmake_clean_first': False, 'cmake_force_configure': False, 'cmake_target': None, 'cmake_target_skip_unavailable': False, 'install_base': '/home/intern1/ros2_ws/install/examples_rclpy_minimal_action_client', 'merge_install': False, 'path': '/home/intern1/ros2_ws/src/examples/rclpy/actions/minimal_action_client', 'symlink_install': False, 'test_result_base': None}
[0.536s] Level 5:colcon.colcon_core.verb:set package 'examples_rclpy_minimal_action_server' build argument 'cmake_args' from command line to 'None'
[0.536s] Level 5:colcon.colcon_core.verb:set package 'examples_rclpy_minimal_action_server' build argument 'cmake_target' from command line to 'None'
[0.536s] Level 5:colcon.colcon_core.verb:set package 'examples_rclpy_minimal_action_server' build argument 'cmake_target_skip_unavailable' from command line to 'False'
[0.536s] Level 5:colcon.colcon_core.verb:set package 'examples_rclpy_minimal_action_server' build argument 'cmake_clean_cache' from command line to 'False'
[0.536s] Level 5:colcon.colcon_core.verb:set package 'examples_rclpy_minimal_action_server' build argument 'cmake_clean_first' from command line to 'False'
[0.536s] Level 5:colcon.colcon_core.verb:set package 'examples_rclpy_minimal_action_server' build argument 'cmake_force_configure' from command line to 'False'
[0.536s] Level 5:colcon.colcon_core.verb:set package 'examples_rclpy_minimal_action_server' build argument 'ament_cmake_args' from command line to 'None'
[0.536s] Level 5:colcon.colcon_core.verb:set package 'examples_rclpy_minimal_action_server' build argument 'catkin_cmake_args' from command line to 'None'
[0.536s] Level 5:colcon.colcon_core.verb:set package 'examples_rclpy_minimal_action_server' build argument 'catkin_skip_building_tests' from command line to 'False'
[0.536s] DEBUG:colcon.colcon_core.verb:Building package 'examples_rclpy_minimal_action_server' with the following arguments: {'ament_cmake_args': None, 'build_base': '/home/intern1/ros2_ws/build/examples_rclpy_minimal_action_server', 'catkin_cmake_args': None, 'catkin_skip_building_tests': False, 'cmake_args': None, 'cmake_clean_cache': False, 'cmake_clean_first': False, 'cmake_force_configure': False, 'cmake_target': None, 'cmake_target_skip_unavailable': False, 'install_base': '/home/intern1/ros2_ws/install/examples_rclpy_minimal_action_server', 'merge_install': False, 'path': '/home/intern1/ros2_ws/src/examples/rclpy/actions/minimal_action_server', 'symlink_install': False, 'test_result_base': None}
[0.536s] Level 5:colcon.colcon_core.verb:set package 'examples_rclpy_minimal_client' build argument 'cmake_args' from command line to 'None'
[0.536s] Level 5:colcon.colcon_core.verb:set package 'examples_rclpy_minimal_client' build argument 'cmake_target' from command line to 'None'
[0.536s] Level 5:colcon.colcon_core.verb:set package 'examples_rclpy_minimal_client' build argument 'cmake_target_skip_unavailable' from command line to 'False'
[0.536s] Level 5:colcon.colcon_core.verb:set package 'examples_rclpy_minimal_client' build argument 'cmake_clean_cache' from command line to 'False'
[0.536s] Level 5:colcon.colcon_core.verb:set package 'examples_rclpy_minimal_client' build argument 'cmake_clean_first' from command line to 'False'
[0.536s] Level 5:colcon.colcon_core.verb:set package 'examples_rclpy_minimal_client' build argument 'cmake_force_configure' from command line to 'False'
[0.536s] Level 5:colcon.colcon_core.verb:set package 'examples_rclpy_minimal_client' build argument 'ament_cmake_args' from command line to 'None'
[0.536s] Level 5:colcon.colcon_core.verb:set package 'examples_rclpy_minimal_client' build argument 'catkin_cmake_args' from command line to 'None'
[0.536s] Level 5:colcon.colcon_core.verb:set package 'examples_rclpy_minimal_client' build argument 'catkin_skip_building_tests' from command line to 'False'
[0.536s] DEBUG:colcon.colcon_core.verb:Building package 'examples_rclpy_minimal_client' with the following arguments: {'ament_cmake_args': None, 'build_base': '/home/intern1/ros2_ws/build/examples_rclpy_minimal_client', 'catkin_cmake_args': None, 'catkin_skip_building_tests': False, 'cmake_args': None, 'cmake_clean_cache': False, 'cmake_clean_first': False, 'cmake_force_configure': False, 'cmake_target': None, 'cmake_target_skip_unavailable': False, 'install_base': '/home/intern1/ros2_ws/install/examples_rclpy_minimal_client', 'merge_install': False, 'path': '/home/intern1/ros2_ws/src/examples/rclpy/services/minimal_client', 'symlink_install': False, 'test_result_base': None}
[0.537s] Level 5:colcon.colcon_core.verb:set package 'examples_rclpy_minimal_publisher' build argument 'cmake_args' from command line to 'None'
[0.537s] Level 5:colcon.colcon_core.verb:set package 'examples_rclpy_minimal_publisher' build argument 'cmake_target' from command line to 'None'
[0.537s] Level 5:colcon.colcon_core.verb:set package 'examples_rclpy_minimal_publisher' build argument 'cmake_target_skip_unavailable' from command line to 'False'
[0.537s] Level 5:colcon.colcon_core.verb:set package 'examples_rclpy_minimal_publisher' build argument 'cmake_clean_cache' from command line to 'False'
[0.537s] Level 5:colcon.colcon_core.verb:set package 'examples_rclpy_minimal_publisher' build argument 'cmake_clean_first' from command line to 'False'
[0.537s] Level 5:colcon.colcon_core.verb:set package 'examples_rclpy_minimal_publisher' build argument 'cmake_force_configure' from command line to 'False'
[0.537s] Level 5:colcon.colcon_core.verb:set package 'examples_rclpy_minimal_publisher' build argument 'ament_cmake_args' from command line to 'None'
[0.537s] Level 5:colcon.colcon_core.verb:set package 'examples_rclpy_minimal_publisher' build argument 'catkin_cmake_args' from command line to 'None'
[0.537s] Level 5:colcon.colcon_core.verb:set package 'examples_rclpy_minimal_publisher' build argument 'catkin_skip_building_tests' from command line to 'False'
[0.537s] DEBUG:colcon.colcon_core.verb:Building package 'examples_rclpy_minimal_publisher' with the following arguments: {'ament_cmake_args': None, 'build_base': '/home/intern1/ros2_ws/build/examples_rclpy_minimal_publisher', 'catkin_cmake_args': None, 'catkin_skip_building_tests': False, 'cmake_args': None, 'cmake_clean_cache': False, 'cmake_clean_first': False, 'cmake_force_configure': False, 'cmake_target': None, 'cmake_target_skip_unavailable': False, 'install_base': '/home/intern1/ros2_ws/install/examples_rclpy_minimal_publisher', 'merge_install': False, 'path': '/home/intern1/ros2_ws/src/examples/rclpy/topics/minimal_publisher', 'symlink_install': False, 'test_result_base': None}
[0.537s] Level 5:colcon.colcon_core.verb:set package 'examples_rclpy_minimal_service' build argument 'cmake_args' from command line to 'None'
[0.537s] Level 5:colcon.colcon_core.verb:set package 'examples_rclpy_minimal_service' build argument 'cmake_target' from command line to 'None'
[0.537s] Level 5:colcon.colcon_core.verb:set package 'examples_rclpy_minimal_service' build argument 'cmake_target_skip_unavailable' from command line to 'False'
[0.537s] Level 5:colcon.colcon_core.verb:set package 'examples_rclpy_minimal_service' build argument 'cmake_clean_cache' from command line to 'False'
[0.537s] Level 5:colcon.colcon_core.verb:set package 'examples_rclpy_minimal_service' build argument 'cmake_clean_first' from command line to 'False'
[0.537s] Level 5:colcon.colcon_core.verb:set package 'examples_rclpy_minimal_service' build argument 'cmake_force_configure' from command line to 'False'
[0.537s] Level 5:colcon.colcon_core.verb:set package 'examples_rclpy_minimal_service' build argument 'ament_cmake_args' from command line to 'None'
[0.537s] Level 5:colcon.colcon_core.verb:set package 'examples_rclpy_minimal_service' build argument 'catkin_cmake_args' from command line to 'None'
[0.537s] Level 5:colcon.colcon_core.verb:set package 'examples_rclpy_minimal_service' build argument 'catkin_skip_building_tests' from command line to 'False'
[0.537s] DEBUG:colcon.colcon_core.verb:Building package 'examples_rclpy_minimal_service' with the following arguments: {'ament_cmake_args': None, 'build_base': '/home/intern1/ros2_ws/build/examples_rclpy_minimal_service', 'catkin_cmake_args': None, 'catkin_skip_building_tests': False, 'cmake_args': None, 'cmake_clean_cache': False, 'cmake_clean_first': False, 'cmake_force_configure': False, 'cmake_target': None, 'cmake_target_skip_unavailable': False, 'install_base': '/home/intern1/ros2_ws/install/examples_rclpy_minimal_service', 'merge_install': False, 'path': '/home/intern1/ros2_ws/src/examples/rclpy/services/minimal_service', 'symlink_install': False, 'test_result_base': None}
[0.538s] Level 5:colcon.colcon_core.verb:set package 'examples_rclpy_minimal_subscriber' build argument 'cmake_args' from command line to 'None'
[0.538s] Level 5:colcon.colcon_core.verb:set package 'examples_rclpy_minimal_subscriber' build argument 'cmake_target' from command line to 'None'
[0.538s] Level 5:colcon.colcon_core.verb:set package 'examples_rclpy_minimal_subscriber' build argument 'cmake_target_skip_unavailable' from command line to 'False'
[0.538s] Level 5:colcon.colcon_core.verb:set package 'examples_rclpy_minimal_subscriber' build argument 'cmake_clean_cache' from command line to 'False'
[0.538s] Level 5:colcon.colcon_core.verb:set package 'examples_rclpy_minimal_subscriber' build argument 'cmake_clean_first' from command line to 'False'
[0.538s] Level 5:colcon.colcon_core.verb:set package 'examples_rclpy_minimal_subscriber' build argument 'cmake_force_configure' from command line to 'False'
[0.538s] Level 5:colcon.colcon_core.verb:set package 'examples_rclpy_minimal_subscriber' build argument 'ament_cmake_args' from command line to 'None'
[0.538s] Level 5:colcon.colcon_core.verb:set package 'examples_rclpy_minimal_subscriber' build argument 'catkin_cmake_args' from command line to 'None'
[0.538s] Level 5:colcon.colcon_core.verb:set package 'examples_rclpy_minimal_subscriber' build argument 'catkin_skip_building_tests' from command line to 'False'
[0.538s] DEBUG:colcon.colcon_core.verb:Building package 'examples_rclpy_minimal_subscriber' with the following arguments: {'ament_cmake_args': None, 'build_base': '/home/intern1/ros2_ws/build/examples_rclpy_minimal_subscriber', 'catkin_cmake_args': None, 'catkin_skip_building_tests': False, 'cmake_args': None, 'cmake_clean_cache': False, 'cmake_clean_first': False, 'cmake_force_configure': False, 'cmake_target': None, 'cmake_target_skip_unavailable': False, 'install_base': '/home/intern1/ros2_ws/install/examples_rclpy_minimal_subscriber', 'merge_install': False, 'path': '/home/intern1/ros2_ws/src/examples/rclpy/topics/minimal_subscriber', 'symlink_install': False, 'test_result_base': None}
[0.538s] Level 5:colcon.colcon_core.verb:set package 'examples_rclpy_pointcloud_publisher' build argument 'cmake_args' from command line to 'None'
[0.538s] Level 5:colcon.colcon_core.verb:set package 'examples_rclpy_pointcloud_publisher' build argument 'cmake_target' from command line to 'None'
[0.538s] Level 5:colcon.colcon_core.verb:set package 'examples_rclpy_pointcloud_publisher' build argument 'cmake_target_skip_unavailable' from command line to 'False'
[0.538s] Level 5:colcon.colcon_core.verb:set package 'examples_rclpy_pointcloud_publisher' build argument 'cmake_clean_cache' from command line to 'False'
[0.538s] Level 5:colcon.colcon_core.verb:set package 'examples_rclpy_pointcloud_publisher' build argument 'cmake_clean_first' from command line to 'False'
[0.538s] Level 5:colcon.colcon_core.verb:set package 'examples_rclpy_pointcloud_publisher' build argument 'cmake_force_configure' from command line to 'False'
[0.538s] Level 5:colcon.colcon_core.verb:set package 'examples_rclpy_pointcloud_publisher' build argument 'ament_cmake_args' from command line to 'None'
[0.538s] Level 5:colcon.colcon_core.verb:set package 'examples_rclpy_pointcloud_publisher' build argument 'catkin_cmake_args' from command line to 'None'
[0.538s] Level 5:colcon.colcon_core.verb:set package 'examples_rclpy_pointcloud_publisher' build argument 'catkin_skip_building_tests' from command line to 'False'
[0.538s] DEBUG:colcon.colcon_core.verb:Building package 'examples_rclpy_pointcloud_publisher' with the following arguments: {'ament_cmake_args': None, 'build_base': '/home/intern1/ros2_ws/build/examples_rclpy_pointcloud_publisher', 'catkin_cmake_args': None, 'catkin_skip_building_tests': False, 'cmake_args': None, 'cmake_clean_cache': False, 'cmake_clean_first': False, 'cmake_force_configure': False, 'cmake_target': None, 'cmake_target_skip_unavailable': False, 'install_base': '/home/intern1/ros2_ws/install/examples_rclpy_pointcloud_publisher', 'merge_install': False, 'path': '/home/intern1/ros2_ws/src/examples/rclpy/topics/pointcloud_publisher', 'symlink_install': False, 'test_result_base': None}
[0.539s] Level 5:colcon.colcon_core.verb:set package 'launch_testing_examples' build argument 'cmake_args' from command line to 'None'
[0.539s] Level 5:colcon.colcon_core.verb:set package 'launch_testing_examples' build argument 'cmake_target' from command line to 'None'
[0.539s] Level 5:colcon.colcon_core.verb:set package 'launch_testing_examples' build argument 'cmake_target_skip_unavailable' from command line to 'False'
[0.539s] Level 5:colcon.colcon_core.verb:set package 'launch_testing_examples' build argument 'cmake_clean_cache' from command line to 'False'
[0.539s] Level 5:colcon.colcon_core.verb:set package 'launch_testing_examples' build argument 'cmake_clean_first' from command line to 'False'
[0.539s] Level 5:colcon.colcon_core.verb:set package 'launch_testing_examples' build argument 'cmake_force_configure' from command line to 'False'
[0.539s] Level 5:colcon.colcon_core.verb:set package 'launch_testing_examples' build argument 'ament_cmake_args' from command line to 'None'
[0.539s] Level 5:colcon.colcon_core.verb:set package 'launch_testing_examples' build argument 'catkin_cmake_args' from command line to 'None'
[0.539s] Level 5:colcon.colcon_core.verb:set package 'launch_testing_examples' build argument 'catkin_skip_building_tests' from command line to 'False'
[0.539s] DEBUG:colcon.colcon_core.verb:Building package 'launch_testing_examples' with the following arguments: {'ament_cmake_args': None, 'build_base': '/home/intern1/ros2_ws/build/launch_testing_examples', 'catkin_cmake_args': None, 'catkin_skip_building_tests': False, 'cmake_args': None, 'cmake_clean_cache': False, 'cmake_clean_first': False, 'cmake_force_configure': False, 'cmake_target': None, 'cmake_target_skip_unavailable': False, 'install_base': '/home/intern1/ros2_ws/install/launch_testing_examples', 'merge_install': False, 'path': '/home/intern1/ros2_ws/src/examples/launch_testing/launch_testing_examples', 'symlink_install': False, 'test_result_base': None}
[0.539s] Level 5:colcon.colcon_core.verb:set package 'ros2_slam_auto_navigation' build argument 'cmake_args' from command line to 'None'
[0.539s] Level 5:colcon.colcon_core.verb:set package 'ros2_slam_auto_navigation' build argument 'cmake_target' from command line to 'None'
[0.539s] Level 5:colcon.colcon_core.verb:set package 'ros2_slam_auto_navigation' build argument 'cmake_target_skip_unavailable' from command line to 'False'
[0.539s] Level 5:colcon.colcon_core.verb:set package 'ros2_slam_auto_navigation' build argument 'cmake_clean_cache' from command line to 'False'
[0.539s] Level 5:colcon.colcon_core.verb:set package 'ros2_slam_auto_navigation' build argument 'cmake_clean_first' from command line to 'False'
[0.539s] Level 5:colcon.colcon_core.verb:set package 'ros2_slam_auto_navigation' build argument 'cmake_force_configure' from command line to 'False'
[0.539s] Level 5:colcon.colcon_core.verb:set package 'ros2_slam_auto_navigation' build argument 'ament_cmake_args' from command line to 'None'
[0.539s] Level 5:colcon.colcon_core.verb:set package 'ros2_slam_auto_navigation' build argument 'catkin_cmake_args' from command line to 'None'
[0.539s] Level 5:colcon.colcon_core.verb:set package 'ros2_slam_auto_navigation' build argument 'catkin_skip_building_tests' from command line to 'False'
[0.539s] DEBUG:colcon.colcon_core.verb:Building package 'ros2_slam_auto_navigation' with the following arguments: {'ament_cmake_args': None, 'build_base': '/home/intern1/ros2_ws/build/ros2_slam_auto_navigation', 'catkin_cmake_args': None, 'catkin_skip_building_tests': False, 'cmake_args': None, 'cmake_clean_cache': False, 'cmake_clean_first': False, 'cmake_force_configure': False, 'cmake_target': None, 'cmake_target_skip_unavailable': False, 'install_base': '/home/intern1/ros2_ws/install/ros2_slam_auto_navigation', 'merge_install': False, 'path': '/home/intern1/ros2_ws/src/ros2-slam-auto-navigation', 'symlink_install': False, 'test_result_base': None}
[0.540s] Level 5:colcon.colcon_core.verb:set package 'rplidar_ros' build argument 'cmake_args' from command line to 'None'
[0.540s] Level 5:colcon.colcon_core.verb:set package 'rplidar_ros' build argument 'cmake_target' from command line to 'None'
[0.540s] Level 5:colcon.colcon_core.verb:set package 'rplidar_ros' build argument 'cmake_target_skip_unavailable' from command line to 'False'
[0.540s] Level 5:colcon.colcon_core.verb:set package 'rplidar_ros' build argument 'cmake_clean_cache' from command line to 'False'
[0.540s] Level 5:colcon.colcon_core.verb:set package 'rplidar_ros' build argument 'cmake_clean_first' from command line to 'False'
[0.540s] Level 5:colcon.colcon_core.verb:set package 'rplidar_ros' build argument 'cmake_force_configure' from command line to 'False'
[0.540s] Level 5:colcon.colcon_core.verb:set package 'rplidar_ros' build argument 'ament_cmake_args' from command line to 'None'
[0.540s] Level 5:colcon.colcon_core.verb:set package 'rplidar_ros' build argument 'catkin_cmake_args' from command line to 'None'
[0.540s] Level 5:colcon.colcon_core.verb:set package 'rplidar_ros' build argument 'catkin_skip_building_tests' from command line to 'False'
[0.540s] DEBUG:colcon.colcon_core.verb:Building package 'rplidar_ros' with the following arguments: {'ament_cmake_args': None, 'build_base': '/home/intern1/ros2_ws/build/rplidar_ros', 'catkin_cmake_args': None, 'catkin_skip_building_tests': False, 'cmake_args': None, 'cmake_clean_cache': False, 'cmake_clean_first': False, 'cmake_force_configure': False, 'cmake_target': None, 'cmake_target_skip_unavailable': False, 'install_base': '/home/intern1/ros2_ws/install/rplidar_ros', 'merge_install': False, 'path': '/home/intern1/ros2_ws/src/rplidar_ros', 'symlink_install': False, 'test_result_base': None}
[0.540s] Level 5:colcon.colcon_core.verb:set package 'sam_bot_description' build argument 'cmake_args' from command line to 'None'
[0.540s] Level 5:colcon.colcon_core.verb:set package 'sam_bot_description' build argument 'cmake_target' from command line to 'None'
[0.540s] Level 5:colcon.colcon_core.verb:set package 'sam_bot_description' build argument 'cmake_target_skip_unavailable' from command line to 'False'
[0.540s] Level 5:colcon.colcon_core.verb:set package 'sam_bot_description' build argument 'cmake_clean_cache' from command line to 'False'
[0.540s] Level 5:colcon.colcon_core.verb:set package 'sam_bot_description' build argument 'cmake_clean_first' from command line to 'False'
[0.540s] Level 5:colcon.colcon_core.verb:set package 'sam_bot_description' build argument 'cmake_force_configure' from command line to 'False'
[0.540s] Level 5:colcon.colcon_core.verb:set package 'sam_bot_description' build argument 'ament_cmake_args' from command line to 'None'
[0.540s] Level 5:colcon.colcon_core.verb:set package 'sam_bot_description' build argument 'catkin_cmake_args' from command line to 'None'
[0.540s] Level 5:colcon.colcon_core.verb:set package 'sam_bot_description' build argument 'catkin_skip_building_tests' from command line to 'False'
[0.540s] DEBUG:colcon.colcon_core.verb:Building package 'sam_bot_description' with the following arguments: {'ament_cmake_args': None, 'build_base': '/home/intern1/ros2_ws/build/sam_bot_description', 'catkin_cmake_args': None, 'catkin_skip_building_tests': False, 'cmake_args': None, 'cmake_clean_cache': False, 'cmake_clean_first': False, 'cmake_force_configure': False, 'cmake_target': None, 'cmake_target_skip_unavailable': False, 'install_base': '/home/intern1/ros2_ws/install/sam_bot_description', 'merge_install': False, 'path': '/home/intern1/ros2_ws/src/sam_bot_description', 'symlink_install': False, 'test_result_base': None}
[0.541s] Level 5:colcon.colcon_core.verb:set package 'system_webview' build argument 'cmake_args' from command line to 'None'
[0.541s] Level 5:colcon.colcon_core.verb:set package 'system_webview' build argument 'cmake_target' from command line to 'None'
[0.541s] Level 5:colcon.colcon_core.verb:set package 'system_webview' build argument 'cmake_target_skip_unavailable' from command line to 'False'
[0.541s] Level 5:colcon.colcon_core.verb:set package 'system_webview' build argument 'cmake_clean_cache' from command line to 'False'
[0.541s] Level 5:colcon.colcon_core.verb:set package 'system_webview' build argument 'cmake_clean_first' from command line to 'False'
[0.541s] Level 5:colcon.colcon_core.verb:set package 'system_webview' build argument 'cmake_force_configure' from command line to 'False'
[0.541s] Level 5:colcon.colcon_core.verb:set package 'system_webview' build argument 'ament_cmake_args' from command line to 'None'
[0.541s] Level 5:colcon.colcon_core.verb:set package 'system_webview' build argument 'catkin_cmake_args' from command line to 'None'
[0.541s] Level 5:colcon.colcon_core.verb:set package 'system_webview' build argument 'catkin_skip_building_tests' from command line to 'False'
[0.541s] DEBUG:colcon.colcon_core.verb:Building package 'system_webview' with the following arguments: {'ament_cmake_args': None, 'build_base': '/home/intern1/ros2_ws/build/system_webview', 'catkin_cmake_args': None, 'catkin_skip_building_tests': False, 'cmake_args': None, 'cmake_clean_cache': False, 'cmake_clean_first': False, 'cmake_force_configure': False, 'cmake_target': None, 'cmake_target_skip_unavailable': False, 'install_base': '/home/intern1/ros2_ws/install/system_webview', 'merge_install': False, 'path': '/home/intern1/ros2_ws/src/ros2_system_webview', 'symlink_install': False, 'test_result_base': None}
[0.541s] Level 5:colcon.colcon_core.verb:set package 'tb3_multi_robot' build argument 'cmake_args' from command line to 'None'
[0.541s] Level 5:colcon.colcon_core.verb:set package 'tb3_multi_robot' build argument 'cmake_target' from command line to 'None'
[0.541s] Level 5:colcon.colcon_core.verb:set package 'tb3_multi_robot' build argument 'cmake_target_skip_unavailable' from command line to 'False'
[0.541s] Level 5:colcon.colcon_core.verb:set package 'tb3_multi_robot' build argument 'cmake_clean_cache' from command line to 'False'
[0.541s] Level 5:colcon.colcon_core.verb:set package 'tb3_multi_robot' build argument 'cmake_clean_first' from command line to 'False'
[0.541s] Level 5:colcon.colcon_core.verb:set package 'tb3_multi_robot' build argument 'cmake_force_configure' from command line to 'False'
[0.541s] Level 5:colcon.colcon_core.verb:set package 'tb3_multi_robot' build argument 'ament_cmake_args' from command line to 'None'
[0.541s] Level 5:colcon.colcon_core.verb:set package 'tb3_multi_robot' build argument 'catkin_cmake_args' from command line to 'None'
[0.541s] Level 5:colcon.colcon_core.verb:set package 'tb3_multi_robot' build argument 'catkin_skip_building_tests' from command line to 'False'
[0.541s] DEBUG:colcon.colcon_core.verb:Building package 'tb3_multi_robot' with the following arguments: {'ament_cmake_args': None, 'build_base': '/home/intern1/ros2_ws/build/tb3_multi_robot', 'catkin_cmake_args': None, 'catkin_skip_building_tests': False, 'cmake_args': None, 'cmake_clean_cache': False, 'cmake_clean_first': False, 'cmake_force_configure': False, 'cmake_target': None, 'cmake_target_skip_unavailable': False, 'install_base': '/home/intern1/ros2_ws/install/tb3_multi_robot', 'merge_install': False, 'path': '/home/intern1/ros2_ws/src/tb3_multi_robot', 'symlink_install': False, 'test_result_base': None}
[0.542s] Level 5:colcon.colcon_core.verb:set package 'turtlesim' build argument 'cmake_args' from command line to 'None'
[0.542s] Level 5:colcon.colcon_core.verb:set package 'turtlesim' build argument 'cmake_target' from command line to 'None'
[0.542s] Level 5:colcon.colcon_core.verb:set package 'turtlesim' build argument 'cmake_target_skip_unavailable' from command line to 'False'
[0.542s] Level 5:colcon.colcon_core.verb:set package 'turtlesim' build argument 'cmake_clean_cache' from command line to 'False'
[0.542s] Level 5:colcon.colcon_core.verb:set package 'turtlesim' build argument 'cmake_clean_first' from command line to 'False'
[0.542s] Level 5:colcon.colcon_core.verb:set package 'turtlesim' build argument 'cmake_force_configure' from command line to 'False'
[0.542s] Level 5:colcon.colcon_core.verb:set package 'turtlesim' build argument 'ament_cmake_args' from command line to 'None'
[0.542s] Level 5:colcon.colcon_core.verb:set package 'turtlesim' build argument 'catkin_cmake_args' from command line to 'None'
[0.542s] Level 5:colcon.colcon_core.verb:set package 'turtlesim' build argument 'catkin_skip_building_tests' from command line to 'False'
[0.542s] DEBUG:colcon.colcon_core.verb:Building package 'turtlesim' with the following arguments: {'ament_cmake_args': None, 'build_base': '/home/intern1/ros2_ws/build/turtlesim', 'catkin_cmake_args': None, 'catkin_skip_building_tests': False, 'cmake_args': None, 'cmake_clean_cache': False, 'cmake_clean_first': False, 'cmake_force_configure': False, 'cmake_target': None, 'cmake_target_skip_unavailable': False, 'install_base': '/home/intern1/ros2_ws/install/turtlesim', 'merge_install': False, 'path': '/home/intern1/ros2_ws/src/ros_tutorials/turtlesim', 'symlink_install': False, 'test_result_base': None}
[0.542s] INFO:colcon.colcon_core.executor:Executing jobs using 'parallel' executor
[0.544s] DEBUG:colcon.colcon_parallel_executor.executor.parallel:run_until_complete
[0.545s] INFO:colcon.colcon_ros.task.ament_python.build:Building ROS package in '/home/intern1/ros2_ws/src/amr_ws' with build type 'ament_python'
[0.545s] Level 1:colcon.colcon_core.shell:create_environment_hook('amr_ws', 'ament_prefix_path')
[0.549s] INFO:colcon.colcon_core.plugin_system:Skipping extension 'colcon_core.shell.bat': Not used on non-Windows systems
[0.549s] INFO:colcon.colcon_core.shell:Creating environment hook '/home/intern1/ros2_ws/install/amr_ws/share/amr_ws/hook/ament_prefix_path.ps1'
[0.550s] INFO:colcon.colcon_core.shell:Creating environment descriptor '/home/intern1/ros2_ws/install/amr_ws/share/amr_ws/hook/ament_prefix_path.dsv'
[0.551s] INFO:colcon.colcon_core.shell:Creating environment hook '/home/intern1/ros2_ws/install/amr_ws/share/amr_ws/hook/ament_prefix_path.sh'
[0.552s] INFO:colcon.colcon_core.shell:Skip shell extension 'powershell' for command environment: Not usable outside of PowerShell
[0.552s] DEBUG:colcon.colcon_core.shell:Skip shell extension 'dsv' for command environment
[0.560s] INFO:colcon.colcon_ros.task.ament_python.build:Building ROS package in '/home/intern1/ros2_ws/src/camera_follow' with build type 'ament_python'
[0.561s] Level 1:colcon.colcon_core.shell:create_environment_hook('camera_follow', 'ament_prefix_path')
[0.561s] INFO:colcon.colcon_core.shell:Creating environment hook '/home/intern1/ros2_ws/install/camera_follow/share/camera_follow/hook/ament_prefix_path.ps1'
[0.562s] INFO:colcon.colcon_core.shell:Creating environment descriptor '/home/intern1/ros2_ws/install/camera_follow/share/camera_follow/hook/ament_prefix_path.dsv'
[0.562s] INFO:colcon.colcon_core.shell:Creating environment hook '/home/intern1/ros2_ws/install/camera_follow/share/camera_follow/hook/ament_prefix_path.sh'
[0.563s] INFO:colcon.colcon_core.shell:Skip shell extension 'powershell' for command environment: Not usable outside of PowerShell
[0.563s] DEBUG:colcon.colcon_core.shell:Skip shell extension 'dsv' for command environment
[0.571s] INFO:colcon.colcon_ros.task.ament_python.build:Building ROS package in '/home/intern1/ros2_ws/src/education_material' with build type 'ament_python'
[0.571s] Level 1:colcon.colcon_core.shell:create_environment_hook('education_material', 'ament_prefix_path')
[0.572s] INFO:colcon.colcon_core.shell:Creating environment hook '/home/intern1/ros2_ws/install/education_material/share/education_material/hook/ament_prefix_path.ps1'
[0.573s] INFO:colcon.colcon_core.shell:Creating environment descriptor '/home/intern1/ros2_ws/install/education_material/share/education_material/hook/ament_prefix_path.dsv'
[0.573s] INFO:colcon.colcon_core.shell:Creating environment hook '/home/intern1/ros2_ws/install/education_material/share/education_material/hook/ament_prefix_path.sh'
[0.574s] INFO:colcon.colcon_core.shell:Skip shell extension 'powershell' for command environment: Not usable outside of PowerShell
[0.574s] DEBUG:colcon.colcon_core.shell:Skip shell extension 'dsv' for command environment
[0.583s] INFO:colcon.colcon_ros.task.ament_cmake.build:Building ROS package in '/home/intern1/ros2_ws/src/examples/rclcpp/services/async_client' with build type 'ament_cmake'
[0.583s] INFO:colcon.colcon_cmake.task.cmake.build:Building CMake package in '/home/intern1/ros2_ws/src/examples/rclcpp/services/async_client'
[0.584s] INFO:colcon.colcon_core.shell:Skip shell extension 'powershell' for command environment: Not usable outside of PowerShell
[0.584s] DEBUG:colcon.colcon_core.shell:Skip shell extension 'dsv' for command environment
[0.599s] INFO:colcon.colcon_ros.task.ament_cmake.build:Building ROS package in '/home/intern1/ros2_ws/src/examples/rclcpp/executors/cbg_executor' with build type 'ament_cmake'
[0.599s] INFO:colcon.colcon_cmake.task.cmake.build:Building CMake package in '/home/intern1/ros2_ws/src/examples/rclcpp/executors/cbg_executor'
[0.600s] INFO:colcon.colcon_core.shell:Skip shell extension 'powershell' for command environment: Not usable outside of PowerShell
[0.600s] DEBUG:colcon.colcon_core.shell:Skip shell extension 'dsv' for command environment
[0.613s] INFO:colcon.colcon_ros.task.ament_cmake.build:Building ROS package in '/home/intern1/ros2_ws/src/examples/rclcpp/actions/minimal_action_client' with build type 'ament_cmake'
[0.613s] INFO:colcon.colcon_cmake.task.cmake.build:Building CMake package in '/home/intern1/ros2_ws/src/examples/rclcpp/actions/minimal_action_client'
[0.613s] INFO:colcon.colcon_core.shell:Skip shell extension 'powershell' for command environment: Not usable outside of PowerShell
[0.613s] DEBUG:colcon.colcon_core.shell:Skip shell extension 'dsv' for command environment
[0.621s] INFO:colcon.colcon_ros.task.ament_cmake.build:Building ROS package in '/home/intern1/ros2_ws/src/examples/rclcpp/actions/minimal_action_server' with build type 'ament_cmake'
[0.621s] INFO:colcon.colcon_cmake.task.cmake.build:Building CMake package in '/home/intern1/ros2_ws/src/examples/rclcpp/actions/minimal_action_server'
[0.622s] INFO:colcon.colcon_core.shell:Skip shell extension 'powershell' for command environment: Not usable outside of PowerShell
[0.622s] DEBUG:colcon.colcon_core.shell:Skip shell extension 'dsv' for command environment
[0.630s] INFO:colcon.colcon_ros.task.ament_cmake.build:Building ROS package in '/home/intern1/ros2_ws/src/examples/rclcpp/services/minimal_client' with build type 'ament_cmake'
[0.631s] INFO:colcon.colcon_cmake.task.cmake.build:Building CMake package in '/home/intern1/ros2_ws/src/examples/rclcpp/services/minimal_client'
[0.631s] INFO:colcon.colcon_core.shell:Skip shell extension 'powershell' for command environment: Not usable outside of PowerShell
[0.631s] DEBUG:colcon.colcon_core.shell:Skip shell extension 'dsv' for command environment
[0.639s] INFO:colcon.colcon_ros.task.ament_cmake.build:Building ROS package in '/home/intern1/ros2_ws/src/examples/rclcpp/composition/minimal_composition' with build type 'ament_cmake'
[0.639s] INFO:colcon.colcon_cmake.task.cmake.build:Building CMake package in '/home/intern1/ros2_ws/src/examples/rclcpp/composition/minimal_composition'
[0.639s] INFO:colcon.colcon_core.shell:Skip shell extension 'powershell' for command environment: Not usable outside of PowerShell
[0.639s] DEBUG:colcon.colcon_core.shell:Skip shell extension 'dsv' for command environment
[0.647s] INFO:colcon.colcon_ros.task.ament_cmake.build:Building ROS package in '/home/intern1/ros2_ws/src/examples/rclcpp/topics/minimal_publisher' with build type 'ament_cmake'
[0.647s] INFO:colcon.colcon_cmake.task.cmake.build:Building CMake package in '/home/intern1/ros2_ws/src/examples/rclcpp/topics/minimal_publisher'
[0.647s] INFO:colcon.colcon_core.shell:Skip shell extension 'powershell' for command environment: Not usable outside of PowerShell
[0.647s] DEBUG:colcon.colcon_core.shell:Skip shell extension 'dsv' for command environment
[0.655s] INFO:colcon.colcon_ros.task.ament_cmake.build:Building ROS package in '/home/intern1/ros2_ws/src/examples/rclcpp/services/minimal_service' with build type 'ament_cmake'
[0.655s] INFO:colcon.colcon_cmake.task.cmake.build:Building CMake package in '/home/intern1/ros2_ws/src/examples/rclcpp/services/minimal_service'
[0.656s] INFO:colcon.colcon_core.shell:Skip shell extension 'powershell' for command environment: Not usable outside of PowerShell
[0.656s] DEBUG:colcon.colcon_core.shell:Skip shell extension 'dsv' for command environment
[0.663s] INFO:colcon.colcon_ros.task.ament_cmake.build:Building ROS package in '/home/intern1/ros2_ws/src/examples/rclcpp/topics/minimal_subscriber' with build type 'ament_cmake'
[0.664s] INFO:colcon.colcon_cmake.task.cmake.build:Building CMake package in '/home/intern1/ros2_ws/src/examples/rclcpp/topics/minimal_subscriber'
[0.664s] INFO:colcon.colcon_core.shell:Skip shell extension 'powershell' for command environment: Not usable outside of PowerShell
[0.664s] DEBUG:colcon.colcon_core.shell:Skip shell extension 'dsv' for command environment
[0.671s] INFO:colcon.colcon_ros.task.ament_cmake.build:Building ROS package in '/home/intern1/ros2_ws/src/examples/rclcpp/timers/minimal_timer' with build type 'ament_cmake'
[0.671s] INFO:colcon.colcon_cmake.task.cmake.build:Building CMake package in '/home/intern1/ros2_ws/src/examples/rclcpp/timers/minimal_timer'
[0.671s] INFO:colcon.colcon_core.shell:Skip shell extension 'powershell' for command environment: Not usable outside of PowerShell
[0.672s] DEBUG:colcon.colcon_core.shell:Skip shell extension 'dsv' for command environment
[0.688s] INFO:colcon.colcon_ros.task.ament_cmake.build:Building ROS package in '/home/intern1/ros2_ws/src/examples/rclcpp/executors/multithreaded_executor' with build type 'ament_cmake'
[0.689s] INFO:colcon.colcon_cmake.task.cmake.build:Building CMake package in '/home/intern1/ros2_ws/src/examples/rclcpp/executors/multithreaded_executor'
[0.689s] INFO:colcon.colcon_core.shell:Skip shell extension 'powershell' for command environment: Not usable outside of PowerShell
[0.690s] DEBUG:colcon.colcon_core.shell:Skip shell extension 'dsv' for command environment
[1.107s] INFO:colcon.colcon_core.task.python.build:Building Python package in '/home/intern1/ros2_ws/src/amr_ws'
[1.108s] INFO:colcon.colcon_core.shell:Skip shell extension 'powershell' for command environment: Not usable outside of PowerShell
[1.108s] DEBUG:colcon.colcon_core.shell:Skip shell extension 'dsv' for command environment
[1.539s] INFO:colcon.colcon_core.task.python.build:Building Python package in '/home/intern1/ros2_ws/src/camera_follow'
[1.539s] INFO:colcon.colcon_core.shell:Skip shell extension 'powershell' for command environment: Not usable outside of PowerShell
[1.539s] DEBUG:colcon.colcon_core.shell:Skip shell extension 'dsv' for command environment
[1.857s] INFO:colcon.colcon_core.task.python.build:Building Python package in '/home/intern1/ros2_ws/src/education_material'
[1.858s] INFO:colcon.colcon_core.shell:Skip shell extension 'powershell' for command environment: Not usable outside of PowerShell
[1.858s] DEBUG:colcon.colcon_core.shell:Skip shell extension 'dsv' for command environment
[1.871s] DEBUG:colcon.colcon_core.event_handler.log_command:Invoking command in '/home/intern1/ros2_ws/build/examples_rclcpp_async_client': CMAKE_PREFIX_PATH=${CMAKE_PREFIX_PATH}:/home/intern1/ros2_ws/install/tb3_multi_robot:/home/intern1/ros2_ws/install/launch_testing_examples:/home/intern1/ros2_ws/install/examples_rclpy_pointcloud_publisher:/home/intern1/ros2_ws/install/examples_rclpy_minimal_subscriber:/home/intern1/ros2_ws/install/examples_rclpy_minimal_service:/home/intern1/ros2_ws/install/examples_rclpy_minimal_publisher:/home/intern1/ros2_ws/install/examples_rclpy_minimal_client:/home/intern1/ros2_ws/install/examples_rclpy_minimal_action_server:/home/intern1/ros2_ws/install/examples_rclpy_minimal_action_client:/home/intern1/ros2_ws/install/examples_rclpy_guard_conditions:/home/intern1/ros2_ws/install/examples_rclpy_executors:/home/intern1/ros2_ws/install/education_material:/home/intern1/ros2_ws/install/camera_follow:/home/intern1/ros2_ws/install/amr_ws:/opt/ros/jazzy DEBUGINFOD_URLS=https://debuginfod.ubuntu.com /usr/bin/cmake --build /home/intern1/ros2_ws/build/examples_rclcpp_async_client -- -j14 -l14
[1.885s] DEBUG:colcon.colcon_core.event_handler.log_command:Invoking command in '/home/intern1/ros2_ws/build/examples_rclcpp_cbg_executor': CMAKE_PREFIX_PATH=${CMAKE_PREFIX_PATH}:/home/intern1/ros2_ws/install/tb3_multi_robot:/home/intern1/ros2_ws/install/launch_testing_examples:/home/intern1/ros2_ws/install/examples_rclpy_pointcloud_publisher:/home/intern1/ros2_ws/install/examples_rclpy_minimal_subscriber:/home/intern1/ros2_ws/install/examples_rclpy_minimal_service:/home/intern1/ros2_ws/install/examples_rclpy_minimal_publisher:/home/intern1/ros2_ws/install/examples_rclpy_minimal_client:/home/intern1/ros2_ws/install/examples_rclpy_minimal_action_server:/home/intern1/ros2_ws/install/examples_rclpy_minimal_action_client:/home/intern1/ros2_ws/install/examples_rclpy_guard_conditions:/home/intern1/ros2_ws/install/examples_rclpy_executors:/home/intern1/ros2_ws/install/education_material:/home/intern1/ros2_ws/install/camera_follow:/home/intern1/ros2_ws/install/amr_ws:/opt/ros/jazzy DEBUGINFOD_URLS=https://debuginfod.ubuntu.com /usr/bin/cmake --build /home/intern1/ros2_ws/build/examples_rclcpp_cbg_executor -- -j14 -l14
[1.888s] DEBUG:colcon.colcon_core.event_handler.log_command:Invoking command in '/home/intern1/ros2_ws/build/examples_rclcpp_minimal_action_client': CMAKE_PREFIX_PATH=${CMAKE_PREFIX_PATH}:/home/intern1/ros2_ws/install/tb3_multi_robot:/home/intern1/ros2_ws/install/launch_testing_examples:/home/intern1/ros2_ws/install/examples_rclpy_pointcloud_publisher:/home/intern1/ros2_ws/install/examples_rclpy_minimal_subscriber:/home/intern1/ros2_ws/install/examples_rclpy_minimal_service:/home/intern1/ros2_ws/install/examples_rclpy_minimal_publisher:/home/intern1/ros2_ws/install/examples_rclpy_minimal_client:/home/intern1/ros2_ws/install/examples_rclpy_minimal_action_server:/home/intern1/ros2_ws/install/examples_rclpy_minimal_action_client:/home/intern1/ros2_ws/install/examples_rclpy_guard_conditions:/home/intern1/ros2_ws/install/examples_rclpy_executors:/home/intern1/ros2_ws/install/education_material:/home/intern1/ros2_ws/install/camera_follow:/home/intern1/ros2_ws/install/amr_ws:/opt/ros/jazzy DEBUGINFOD_URLS=https://debuginfod.ubuntu.com /usr/bin/cmake --build /home/intern1/ros2_ws/build/examples_rclcpp_minimal_action_client -- -j14 -l14
[1.897s] DEBUG:colcon.colcon_core.event_handler.log_command:Invoking command in '/home/intern1/ros2_ws/build/examples_rclcpp_minimal_action_server': CMAKE_PREFIX_PATH=${CMAKE_PREFIX_PATH}:/home/intern1/ros2_ws/install/tb3_multi_robot:/home/intern1/ros2_ws/install/launch_testing_examples:/home/intern1/ros2_ws/install/examples_rclpy_pointcloud_publisher:/home/intern1/ros2_ws/install/examples_rclpy_minimal_subscriber:/home/intern1/ros2_ws/install/examples_rclpy_minimal_service:/home/intern1/ros2_ws/install/examples_rclpy_minimal_publisher:/home/intern1/ros2_ws/install/examples_rclpy_minimal_client:/home/intern1/ros2_ws/install/examples_rclpy_minimal_action_server:/home/intern1/ros2_ws/install/examples_rclpy_minimal_action_client:/home/intern1/ros2_ws/install/examples_rclpy_guard_conditions:/home/intern1/ros2_ws/install/examples_rclpy_executors:/home/intern1/ros2_ws/install/education_material:/home/intern1/ros2_ws/install/camera_follow:/home/intern1/ros2_ws/install/amr_ws:/opt/ros/jazzy DEBUGINFOD_URLS=https://debuginfod.ubuntu.com /usr/bin/cmake --build /home/intern1/ros2_ws/build/examples_rclcpp_minimal_action_server -- -j14 -l14
[1.901s] DEBUG:colcon.colcon_core.event_handler.log_command:Invoking command in '/home/intern1/ros2_ws/build/examples_rclcpp_minimal_client': CMAKE_PREFIX_PATH=${CMAKE_PREFIX_PATH}:/home/intern1/ros2_ws/install/tb3_multi_robot:/home/intern1/ros2_ws/install/launch_testing_examples:/home/intern1/ros2_ws/install/examples_rclpy_pointcloud_publisher:/home/intern1/ros2_ws/install/examples_rclpy_minimal_subscriber:/home/intern1/ros2_ws/install/examples_rclpy_minimal_service:/home/intern1/ros2_ws/install/examples_rclpy_minimal_publisher:/home/intern1/ros2_ws/install/examples_rclpy_minimal_client:/home/intern1/ros2_ws/install/examples_rclpy_minimal_action_server:/home/intern1/ros2_ws/install/examples_rclpy_minimal_action_client:/home/intern1/ros2_ws/install/examples_rclpy_guard_conditions:/home/intern1/ros2_ws/install/examples_rclpy_executors:/home/intern1/ros2_ws/install/education_material:/home/intern1/ros2_ws/install/camera_follow:/home/intern1/ros2_ws/install/amr_ws:/opt/ros/jazzy DEBUGINFOD_URLS=https://debuginfod.ubuntu.com /usr/bin/cmake --build /home/intern1/ros2_ws/build/examples_rclcpp_minimal_client -- -j14 -l14
[1.909s] DEBUG:colcon.colcon_core.event_handler.log_command:Invoking command in '/home/intern1/ros2_ws/build/examples_rclcpp_minimal_composition': CMAKE_PREFIX_PATH=${CMAKE_PREFIX_PATH}:/home/intern1/ros2_ws/install/tb3_multi_robot:/home/intern1/ros2_ws/install/launch_testing_examples:/home/intern1/ros2_ws/install/examples_rclpy_pointcloud_publisher:/home/intern1/ros2_ws/install/examples_rclpy_minimal_subscriber:/home/intern1/ros2_ws/install/examples_rclpy_minimal_service:/home/intern1/ros2_ws/install/examples_rclpy_minimal_publisher:/home/intern1/ros2_ws/install/examples_rclpy_minimal_client:/home/intern1/ros2_ws/install/examples_rclpy_minimal_action_server:/home/intern1/ros2_ws/install/examples_rclpy_minimal_action_client:/home/intern1/ros2_ws/install/examples_rclpy_guard_conditions:/home/intern1/ros2_ws/install/examples_rclpy_executors:/home/intern1/ros2_ws/install/education_material:/home/intern1/ros2_ws/install/camera_follow:/home/intern1/ros2_ws/install/amr_ws:/opt/ros/jazzy DEBUGINFOD_URLS=https://debuginfod.ubuntu.com /usr/bin/cmake --build /home/intern1/ros2_ws/build/examples_rclcpp_minimal_composition -- -j14 -l14
[1.916s] DEBUG:colcon.colcon_core.event_handler.log_command:Invoking command in '/home/intern1/ros2_ws/build/examples_rclcpp_minimal_publisher': CMAKE_PREFIX_PATH=${CMAKE_PREFIX_PATH}:/home/intern1/ros2_ws/install/tb3_multi_robot:/home/intern1/ros2_ws/install/launch_testing_examples:/home/intern1/ros2_ws/install/examples_rclpy_pointcloud_publisher:/home/intern1/ros2_ws/install/examples_rclpy_minimal_subscriber:/home/intern1/ros2_ws/install/examples_rclpy_minimal_service:/home/intern1/ros2_ws/install/examples_rclpy_minimal_publisher:/home/intern1/ros2_ws/install/examples_rclpy_minimal_client:/home/intern1/ros2_ws/install/examples_rclpy_minimal_action_server:/home/intern1/ros2_ws/install/examples_rclpy_minimal_action_client:/home/intern1/ros2_ws/install/examples_rclpy_guard_conditions:/home/intern1/ros2_ws/install/examples_rclpy_executors:/home/intern1/ros2_ws/install/education_material:/home/intern1/ros2_ws/install/camera_follow:/home/intern1/ros2_ws/install/amr_ws:/opt/ros/jazzy DEBUGINFOD_URLS=https://debuginfod.ubuntu.com /usr/bin/cmake --build /home/intern1/ros2_ws/build/examples_rclcpp_minimal_publisher -- -j14 -l14
[1.922s] DEBUG:colcon.colcon_core.event_handler.log_command:Invoking command in '/home/intern1/ros2_ws/build/examples_rclcpp_minimal_service': CMAKE_PREFIX_PATH=${CMAKE_PREFIX_PATH}:/home/intern1/ros2_ws/install/tb3_multi_robot:/home/intern1/ros2_ws/install/launch_testing_examples:/home/intern1/ros2_ws/install/examples_rclpy_pointcloud_publisher:/home/intern1/ros2_ws/install/examples_rclpy_minimal_subscriber:/home/intern1/ros2_ws/install/examples_rclpy_minimal_service:/home/intern1/ros2_ws/install/examples_rclpy_minimal_publisher:/home/intern1/ros2_ws/install/examples_rclpy_minimal_client:/home/intern1/ros2_ws/install/examples_rclpy_minimal_action_server:/home/intern1/ros2_ws/install/examples_rclpy_minimal_action_client:/home/intern1/ros2_ws/install/examples_rclpy_guard_conditions:/home/intern1/ros2_ws/install/examples_rclpy_executors:/home/intern1/ros2_ws/install/education_material:/home/intern1/ros2_ws/install/camera_follow:/home/intern1/ros2_ws/install/amr_ws:/opt/ros/jazzy DEBUGINFOD_URLS=https://debuginfod.ubuntu.com /usr/bin/cmake --build /home/intern1/ros2_ws/build/examples_rclcpp_minimal_service -- -j14 -l14
[1.931s] DEBUG:colcon.colcon_core.event_handler.log_command:Invoking command in '/home/intern1/ros2_ws/build/examples_rclcpp_minimal_subscriber': CMAKE_PREFIX_PATH=${CMAKE_PREFIX_PATH}:/home/intern1/ros2_ws/install/tb3_multi_robot:/home/intern1/ros2_ws/install/launch_testing_examples:/home/intern1/ros2_ws/install/examples_rclpy_pointcloud_publisher:/home/intern1/ros2_ws/install/examples_rclpy_minimal_subscriber:/home/intern1/ros2_ws/install/examples_rclpy_minimal_service:/home/intern1/ros2_ws/install/examples_rclpy_minimal_publisher:/home/intern1/ros2_ws/install/examples_rclpy_minimal_client:/home/intern1/ros2_ws/install/examples_rclpy_minimal_action_server:/home/intern1/ros2_ws/install/examples_rclpy_minimal_action_client:/home/intern1/ros2_ws/install/examples_rclpy_guard_conditions:/home/intern1/ros2_ws/install/examples_rclpy_executors:/home/intern1/ros2_ws/install/education_material:/home/intern1/ros2_ws/install/camera_follow:/home/intern1/ros2_ws/install/amr_ws:/opt/ros/jazzy DEBUGINFOD_URLS=https://debuginfod.ubuntu.com /usr/bin/cmake --build /home/intern1/ros2_ws/build/examples_rclcpp_minimal_subscriber -- -j14 -l14
[1.939s] DEBUG:colcon.colcon_core.event_handler.log_command:Invoking command in '/home/intern1/ros2_ws/build/examples_rclcpp_minimal_timer': CMAKE_PREFIX_PATH=${CMAKE_PREFIX_PATH}:/home/intern1/ros2_ws/install/tb3_multi_robot:/home/intern1/ros2_ws/install/launch_testing_examples:/home/intern1/ros2_ws/install/examples_rclpy_pointcloud_publisher:/home/intern1/ros2_ws/install/examples_rclpy_minimal_subscriber:/home/intern1/ros2_ws/install/examples_rclpy_minimal_service:/home/intern1/ros2_ws/install/examples_rclpy_minimal_publisher:/home/intern1/ros2_ws/install/examples_rclpy_minimal_client:/home/intern1/ros2_ws/install/examples_rclpy_minimal_action_server:/home/intern1/ros2_ws/install/examples_rclpy_minimal_action_client:/home/intern1/ros2_ws/install/examples_rclpy_guard_conditions:/home/intern1/ros2_ws/install/examples_rclpy_executors:/home/intern1/ros2_ws/install/education_material:/home/intern1/ros2_ws/install/camera_follow:/home/intern1/ros2_ws/install/amr_ws:/opt/ros/jazzy DEBUGINFOD_URLS=https://debuginfod.ubuntu.com /usr/bin/cmake --build /home/intern1/ros2_ws/build/examples_rclcpp_minimal_timer -- -j14 -l14
[1.971s] DEBUG:colcon.colcon_core.event_handler.log_command:Invoking command in '/home/intern1/ros2_ws/build/examples_rclcpp_multithreaded_executor': CMAKE_PREFIX_PATH=${CMAKE_PREFIX_PATH}:/home/intern1/ros2_ws/install/tb3_multi_robot:/home/intern1/ros2_ws/install/launch_testing_examples:/home/intern1/ros2_ws/install/examples_rclpy_pointcloud_publisher:/home/intern1/ros2_ws/install/examples_rclpy_minimal_subscriber:/home/intern1/ros2_ws/install/examples_rclpy_minimal_service:/home/intern1/ros2_ws/install/examples_rclpy_minimal_publisher:/home/intern1/ros2_ws/install/examples_rclpy_minimal_client:/home/intern1/ros2_ws/install/examples_rclpy_minimal_action_server:/home/intern1/ros2_ws/install/examples_rclpy_minimal_action_client:/home/intern1/ros2_ws/install/examples_rclpy_guard_conditions:/home/intern1/ros2_ws/install/examples_rclpy_executors:/home/intern1/ros2_ws/install/education_material:/home/intern1/ros2_ws/install/camera_follow:/home/intern1/ros2_ws/install/amr_ws:/opt/ros/jazzy DEBUGINFOD_URLS=https://debuginfod.ubuntu.com /usr/bin/cmake --build /home/intern1/ros2_ws/build/examples_rclcpp_multithreaded_executor -- -j14 -l14
[2.063s] DEBUG:colcon.colcon_core.event_handler.log_command:Invoked command in '/home/intern1/ros2_ws/build/examples_rclcpp_async_client' returned '0': CMAKE_PREFIX_PATH=${CMAKE_PREFIX_PATH}:/home/intern1/ros2_ws/install/tb3_multi_robot:/home/intern1/ros2_ws/install/launch_testing_examples:/home/intern1/ros2_ws/install/examples_rclpy_pointcloud_publisher:/home/intern1/ros2_ws/install/examples_rclpy_minimal_subscriber:/home/intern1/ros2_ws/install/examples_rclpy_minimal_service:/home/intern1/ros2_ws/install/examples_rclpy_minimal_publisher:/home/intern1/ros2_ws/install/examples_rclpy_minimal_client:/home/intern1/ros2_ws/install/examples_rclpy_minimal_action_server:/home/intern1/ros2_ws/install/examples_rclpy_minimal_action_client:/home/intern1/ros2_ws/install/examples_rclpy_guard_conditions:/home/intern1/ros2_ws/install/examples_rclpy_executors:/home/intern1/ros2_ws/install/education_material:/home/intern1/ros2_ws/install/camera_follow:/home/intern1/ros2_ws/install/amr_ws:/opt/ros/jazzy DEBUGINFOD_URLS=https://debuginfod.ubuntu.com /usr/bin/cmake --build /home/intern1/ros2_ws/build/examples_rclcpp_async_client -- -j14 -l14
[2.114s] DEBUG:colcon.colcon_core.event_handler.log_command:Invoking command in '/home/intern1/ros2_ws/build/examples_rclcpp_async_client': CMAKE_PREFIX_PATH=${CMAKE_PREFIX_PATH}:/home/intern1/ros2_ws/install/tb3_multi_robot:/home/intern1/ros2_ws/install/launch_testing_examples:/home/intern1/ros2_ws/install/examples_rclpy_pointcloud_publisher:/home/intern1/ros2_ws/install/examples_rclpy_minimal_subscriber:/home/intern1/ros2_ws/install/examples_rclpy_minimal_service:/home/intern1/ros2_ws/install/examples_rclpy_minimal_publisher:/home/intern1/ros2_ws/install/examples_rclpy_minimal_client:/home/intern1/ros2_ws/install/examples_rclpy_minimal_action_server:/home/intern1/ros2_ws/install/examples_rclpy_minimal_action_client:/home/intern1/ros2_ws/install/examples_rclpy_guard_conditions:/home/intern1/ros2_ws/install/examples_rclpy_executors:/home/intern1/ros2_ws/install/education_material:/home/intern1/ros2_ws/install/camera_follow:/home/intern1/ros2_ws/install/amr_ws:/opt/ros/jazzy DEBUGINFOD_URLS=https://debuginfod.ubuntu.com /usr/bin/cmake --install /home/intern1/ros2_ws/build/examples_rclcpp_async_client
[2.118s] DEBUG:colcon.colcon_core.event_handler.log_command:Invoked command in '/home/intern1/ros2_ws/build/examples_rclcpp_minimal_action_client' returned '0': CMAKE_PREFIX_PATH=${CMAKE_PREFIX_PATH}:/home/intern1/ros2_ws/install/tb3_multi_robot:/home/intern1/ros2_ws/install/launch_testing_examples:/home/intern1/ros2_ws/install/examples_rclpy_pointcloud_publisher:/home/intern1/ros2_ws/install/examples_rclpy_minimal_subscriber:/home/intern1/ros2_ws/install/examples_rclpy_minimal_service:/home/intern1/ros2_ws/install/examples_rclpy_minimal_publisher:/home/intern1/ros2_ws/install/examples_rclpy_minimal_client:/home/intern1/ros2_ws/install/examples_rclpy_minimal_action_server:/home/intern1/ros2_ws/install/examples_rclpy_minimal_action_client:/home/intern1/ros2_ws/install/examples_rclpy_guard_conditions:/home/intern1/ros2_ws/install/examples_rclpy_executors:/home/intern1/ros2_ws/install/education_material:/home/intern1/ros2_ws/install/camera_follow:/home/intern1/ros2_ws/install/amr_ws:/opt/ros/jazzy DEBUGINFOD_URLS=https://debuginfod.ubuntu.com /usr/bin/cmake --build /home/intern1/ros2_ws/build/examples_rclcpp_minimal_action_client -- -j14 -l14
[2.118s] DEBUG:colcon.colcon_core.event_handler.log_command:Invoking command in '/home/intern1/ros2_ws/build/examples_rclcpp_minimal_action_client': CMAKE_PREFIX_PATH=${CMAKE_PREFIX_PATH}:/home/intern1/ros2_ws/install/tb3_multi_robot:/home/intern1/ros2_ws/install/launch_testing_examples:/home/intern1/ros2_ws/install/examples_rclpy_pointcloud_publisher:/home/intern1/ros2_ws/install/examples_rclpy_minimal_subscriber:/home/intern1/ros2_ws/install/examples_rclpy_minimal_service:/home/intern1/ros2_ws/install/examples_rclpy_minimal_publisher:/home/intern1/ros2_ws/install/examples_rclpy_minimal_client:/home/intern1/ros2_ws/install/examples_rclpy_minimal_action_server:/home/intern1/ros2_ws/install/examples_rclpy_minimal_action_client:/home/intern1/ros2_ws/install/examples_rclpy_guard_conditions:/home/intern1/ros2_ws/install/examples_rclpy_executors:/home/intern1/ros2_ws/install/education_material:/home/intern1/ros2_ws/install/camera_follow:/home/intern1/ros2_ws/install/amr_ws:/opt/ros/jazzy DEBUGINFOD_URLS=https://debuginfod.ubuntu.com /usr/bin/cmake --install /home/intern1/ros2_ws/build/examples_rclcpp_minimal_action_client
[2.158s] Level 1:colcon.colcon_core.environment:create_environment_scripts_only(examples_rclcpp_async_client)
[2.162s] Level 1:colcon.colcon_core.environment:checking '/home/intern1/ros2_ws/install/examples_rclcpp_async_client' for CMake module files
[2.171s] Level 1:colcon.colcon_core.environment:checking '/home/intern1/ros2_ws/install/examples_rclcpp_async_client' for CMake config files
[2.172s] Level 1:colcon.colcon_core.shell:create_environment_hook('examples_rclcpp_async_client', 'cmake_prefix_path')
[2.172s] INFO:colcon.colcon_core.shell:Creating environment hook '/home/intern1/ros2_ws/install/examples_rclcpp_async_client/share/examples_rclcpp_async_client/hook/cmake_prefix_path.ps1'
[2.173s] INFO:colcon.colcon_core.shell:Creating environment descriptor '/home/intern1/ros2_ws/install/examples_rclcpp_async_client/share/examples_rclcpp_async_client/hook/cmake_prefix_path.dsv'
[2.174s] INFO:colcon.colcon_core.shell:Creating environment hook '/home/intern1/ros2_ws/install/examples_rclcpp_async_client/share/examples_rclcpp_async_client/hook/cmake_prefix_path.sh'
[2.178s] DEBUG:colcon.colcon_core.event_handler.log_command:Invoked command in '/home/intern1/ros2_ws/build/examples_rclcpp_async_client' returned '0': CMAKE_PREFIX_PATH=${CMAKE_PREFIX_PATH}:/home/intern1/ros2_ws/install/tb3_multi_robot:/home/intern1/ros2_ws/install/launch_testing_examples:/home/intern1/ros2_ws/install/examples_rclpy_pointcloud_publisher:/home/intern1/ros2_ws/install/examples_rclpy_minimal_subscriber:/home/intern1/ros2_ws/install/examples_rclpy_minimal_service:/home/intern1/ros2_ws/install/examples_rclpy_minimal_publisher:/home/intern1/ros2_ws/install/examples_rclpy_minimal_client:/home/intern1/ros2_ws/install/examples_rclpy_minimal_action_server:/home/intern1/ros2_ws/install/examples_rclpy_minimal_action_client:/home/intern1/ros2_ws/install/examples_rclpy_guard_conditions:/home/intern1/ros2_ws/install/examples_rclpy_executors:/home/intern1/ros2_ws/install/education_material:/home/intern1/ros2_ws/install/camera_follow:/home/intern1/ros2_ws/install/amr_ws:/opt/ros/jazzy DEBUGINFOD_URLS=https://debuginfod.ubuntu.com /usr/bin/cmake --install /home/intern1/ros2_ws/build/examples_rclcpp_async_client
[2.179s] Level 1:colcon.colcon_core.environment:checking '/home/intern1/ros2_ws/install/examples_rclcpp_async_client/lib'
[2.180s] Level 1:colcon.colcon_core.environment:checking '/home/intern1/ros2_ws/install/examples_rclcpp_async_client/bin'
[2.180s] Level 1:colcon.colcon_core.environment:checking '/home/intern1/ros2_ws/install/examples_rclcpp_async_client/lib/pkgconfig/examples_rclcpp_async_client.pc'
[2.180s] Level 1:colcon.colcon_core.environment:checking '/home/intern1/ros2_ws/install/examples_rclcpp_async_client/lib/python3.12/site-packages'
[2.181s] Level 1:colcon.colcon_core.environment:checking '/home/intern1/ros2_ws/install/examples_rclcpp_async_client/bin'
[2.182s] INFO:colcon.colcon_core.shell:Creating package script '/home/intern1/ros2_ws/install/examples_rclcpp_async_client/share/examples_rclcpp_async_client/package.ps1'
[2.185s] INFO:colcon.colcon_core.shell:Creating package descriptor '/home/intern1/ros2_ws/install/examples_rclcpp_async_client/share/examples_rclcpp_async_client/package.dsv'
[2.187s] INFO:colcon.colcon_core.shell:Creating package script '/home/intern1/ros2_ws/install/examples_rclcpp_async_client/share/examples_rclcpp_async_client/package.sh'
[2.189s] INFO:colcon.colcon_core.shell:Creating package script '/home/intern1/ros2_ws/install/examples_rclcpp_async_client/share/examples_rclcpp_async_client/package.bash'
[2.194s] INFO:colcon.colcon_core.shell:Creating package script '/home/intern1/ros2_ws/install/examples_rclcpp_async_client/share/examples_rclcpp_async_client/package.zsh'
[2.200s] Level 1:colcon.colcon_core.environment:create_file_with_runtime_dependencies(/home/intern1/ros2_ws/install/examples_rclcpp_async_client/share/colcon-core/packages/examples_rclcpp_async_client)
[2.201s] Level 1:colcon.colcon_core.environment:create_environment_scripts_only(examples_rclcpp_async_client)
[2.201s] Level 1:colcon.colcon_core.environment:checking '/home/intern1/ros2_ws/install/examples_rclcpp_async_client' for CMake module files
[2.202s] Level 1:colcon.colcon_core.environment:checking '/home/intern1/ros2_ws/install/examples_rclcpp_async_client' for CMake config files
[2.203s] Level 1:colcon.colcon_core.shell:create_environment_hook('examples_rclcpp_async_client', 'cmake_prefix_path')
[2.203s] INFO:colcon.colcon_core.shell:Creating environment hook '/home/intern1/ros2_ws/install/examples_rclcpp_async_client/share/examples_rclcpp_async_client/hook/cmake_prefix_path.ps1'
[2.204s] INFO:colcon.colcon_core.shell:Creating environment descriptor '/home/intern1/ros2_ws/install/examples_rclcpp_async_client/share/examples_rclcpp_async_client/hook/cmake_prefix_path.dsv'
[2.205s] INFO:colcon.colcon_core.shell:Creating environment hook '/home/intern1/ros2_ws/install/examples_rclcpp_async_client/share/examples_rclcpp_async_client/hook/cmake_prefix_path.sh'
[2.208s] Level 1:colcon.colcon_core.environment:checking '/home/intern1/ros2_ws/install/examples_rclcpp_async_client/lib'
[2.208s] Level 1:colcon.colcon_core.environment:checking '/home/intern1/ros2_ws/install/examples_rclcpp_async_client/bin'
[2.208s] Level 1:colcon.colcon_core.environment:checking '/home/intern1/ros2_ws/install/examples_rclcpp_async_client/lib/pkgconfig/examples_rclcpp_async_client.pc'
[2.209s] Level 1:colcon.colcon_core.environment:checking '/home/intern1/ros2_ws/install/examples_rclcpp_async_client/lib/python3.12/site-packages'
[2.210s] Level 1:colcon.colcon_core.environment:checking '/home/intern1/ros2_ws/install/examples_rclcpp_async_client/bin'
[2.211s] INFO:colcon.colcon_core.shell:Creating package script '/home/intern1/ros2_ws/install/examples_rclcpp_async_client/share/examples_rclcpp_async_client/package.ps1'
[2.213s] INFO:colcon.colcon_core.shell:Creating package descriptor '/home/intern1/ros2_ws/install/examples_rclcpp_async_client/share/examples_rclcpp_async_client/package.dsv'
[2.214s] INFO:colcon.colcon_core.shell:Creating package script '/home/intern1/ros2_ws/install/examples_rclcpp_async_client/share/examples_rclcpp_async_client/package.sh'
[2.215s] INFO:colcon.colcon_core.shell:Creating package script '/home/intern1/ros2_ws/install/examples_rclcpp_async_client/share/examples_rclcpp_async_client/package.bash'
[2.216s] INFO:colcon.colcon_core.shell:Creating package script '/home/intern1/ros2_ws/install/examples_rclcpp_async_client/share/examples_rclcpp_async_client/package.zsh'
[2.217s] Level 1:colcon.colcon_core.environment:create_file_with_runtime_dependencies(/home/intern1/ros2_ws/install/examples_rclcpp_async_client/share/colcon-core/packages/examples_rclcpp_async_client)
[2.221s] INFO:colcon.colcon_ros.task.ament_cmake.build:Building ROS package in '/home/intern1/ros2_ws/src/examples/rclcpp/wait_set' with build type 'ament_cmake'
[2.222s] INFO:colcon.colcon_cmake.task.cmake.build:Building CMake package in '/home/intern1/ros2_ws/src/examples/rclcpp/wait_set'
[2.222s] INFO:colcon.colcon_core.shell:Skip shell extension 'powershell' for command environment: Not usable outside of PowerShell
[2.222s] DEBUG:colcon.colcon_core.shell:Skip shell extension 'dsv' for command environment
[2.243s] DEBUG:colcon.colcon_core.event_handler.log_command:Invoked command in '/home/intern1/ros2_ws/build/examples_rclcpp_minimal_client' returned '0': CMAKE_PREFIX_PATH=${CMAKE_PREFIX_PATH}:/home/intern1/ros2_ws/install/tb3_multi_robot:/home/intern1/ros2_ws/install/launch_testing_examples:/home/intern1/ros2_ws/install/examples_rclpy_pointcloud_publisher:/home/intern1/ros2_ws/install/examples_rclpy_minimal_subscriber:/home/intern1/ros2_ws/install/examples_rclpy_minimal_service:/home/intern1/ros2_ws/install/examples_rclpy_minimal_publisher:/home/intern1/ros2_ws/install/examples_rclpy_minimal_client:/home/intern1/ros2_ws/install/examples_rclpy_minimal_action_server:/home/intern1/ros2_ws/install/examples_rclpy_minimal_action_client:/home/intern1/ros2_ws/install/examples_rclpy_guard_conditions:/home/intern1/ros2_ws/install/examples_rclpy_executors:/home/intern1/ros2_ws/install/education_material:/home/intern1/ros2_ws/install/camera_follow:/home/intern1/ros2_ws/install/amr_ws:/opt/ros/jazzy DEBUGINFOD_URLS=https://debuginfod.ubuntu.com /usr/bin/cmake --build /home/intern1/ros2_ws/build/examples_rclcpp_minimal_client -- -j14 -l14
[2.244s] DEBUG:colcon.colcon_core.event_handler.log_command:Invoking command in '/home/intern1/ros2_ws/build/examples_rclcpp_minimal_client': CMAKE_PREFIX_PATH=${CMAKE_PREFIX_PATH}:/home/intern1/ros2_ws/install/tb3_multi_robot:/home/intern1/ros2_ws/install/launch_testing_examples:/home/intern1/ros2_ws/install/examples_rclpy_pointcloud_publisher:/home/intern1/ros2_ws/install/examples_rclpy_minimal_subscriber:/home/intern1/ros2_ws/install/examples_rclpy_minimal_service:/home/intern1/ros2_ws/install/examples_rclpy_minimal_publisher:/home/intern1/ros2_ws/install/examples_rclpy_minimal_client:/home/intern1/ros2_ws/install/examples_rclpy_minimal_action_server:/home/intern1/ros2_ws/install/examples_rclpy_minimal_action_client:/home/intern1/ros2_ws/install/examples_rclpy_guard_conditions:/home/intern1/ros2_ws/install/examples_rclpy_executors:/home/intern1/ros2_ws/install/education_material:/home/intern1/ros2_ws/install/camera_follow:/home/intern1/ros2_ws/install/amr_ws:/opt/ros/jazzy DEBUGINFOD_URLS=https://debuginfod.ubuntu.com /usr/bin/cmake --install /home/intern1/ros2_ws/build/examples_rclcpp_minimal_client
[2.244s] Level 1:colcon.colcon_core.environment:create_environment_scripts_only(examples_rclcpp_minimal_action_client)
[2.245s] Level 1:colcon.colcon_core.environment:checking '/home/intern1/ros2_ws/install/examples_rclcpp_minimal_action_client' for CMake module files
[2.246s] Level 1:colcon.colcon_core.environment:checking '/home/intern1/ros2_ws/install/examples_rclcpp_minimal_action_client' for CMake config files
[2.247s] Level 1:colcon.colcon_core.shell:create_environment_hook('examples_rclcpp_minimal_action_client', 'cmake_prefix_path')
[2.247s] INFO:colcon.colcon_core.shell:Creating environment hook '/home/intern1/ros2_ws/install/examples_rclcpp_minimal_action_client/share/examples_rclcpp_minimal_action_client/hook/cmake_prefix_path.ps1'
[2.248s] DEBUG:colcon.colcon_core.event_handler.log_command:Invoked command in '/home/intern1/ros2_ws/build/examples_rclcpp_minimal_action_client' returned '0': CMAKE_PREFIX_PATH=${CMAKE_PREFIX_PATH}:/home/intern1/ros2_ws/install/tb3_multi_robot:/home/intern1/ros2_ws/install/launch_testing_examples:/home/intern1/ros2_ws/install/examples_rclpy_pointcloud_publisher:/home/intern1/ros2_ws/install/examples_rclpy_minimal_subscriber:/home/intern1/ros2_ws/install/examples_rclpy_minimal_service:/home/intern1/ros2_ws/install/examples_rclpy_minimal_publisher:/home/intern1/ros2_ws/install/examples_rclpy_minimal_client:/home/intern1/ros2_ws/install/examples_rclpy_minimal_action_server:/home/intern1/ros2_ws/install/examples_rclpy_minimal_action_client:/home/intern1/ros2_ws/install/examples_rclpy_guard_conditions:/home/intern1/ros2_ws/install/examples_rclpy_executors:/home/intern1/ros2_ws/install/education_material:/home/intern1/ros2_ws/install/camera_follow:/home/intern1/ros2_ws/install/amr_ws:/opt/ros/jazzy DEBUGINFOD_URLS=https://debuginfod.ubuntu.com /usr/bin/cmake --install /home/intern1/ros2_ws/build/examples_rclcpp_minimal_action_client
[2.248s] INFO:colcon.colcon_core.shell:Creating environment descriptor '/home/intern1/ros2_ws/install/examples_rclcpp_minimal_action_client/share/examples_rclcpp_minimal_action_client/hook/cmake_prefix_path.dsv'
[2.249s] INFO:colcon.colcon_core.shell:Creating environment hook '/home/intern1/ros2_ws/install/examples_rclcpp_minimal_action_client/share/examples_rclcpp_minimal_action_client/hook/cmake_prefix_path.sh'
[2.250s] Level 1:colcon.colcon_core.environment:checking '/home/intern1/ros2_ws/install/examples_rclcpp_minimal_action_client/lib'
[2.250s] Level 1:colcon.colcon_core.environment:checking '/home/intern1/ros2_ws/install/examples_rclcpp_minimal_action_client/bin'
[2.250s] Level 1:colcon.colcon_core.environment:checking '/home/intern1/ros2_ws/install/examples_rclcpp_minimal_action_client/lib/pkgconfig/examples_rclcpp_minimal_action_client.pc'
[2.251s] Level 1:colcon.colcon_core.environment:checking '/home/intern1/ros2_ws/install/examples_rclcpp_minimal_action_client/lib/python3.12/site-packages'
[2.251s] Level 1:colcon.colcon_core.environment:checking '/home/intern1/ros2_ws/install/examples_rclcpp_minimal_action_client/bin'
[2.252s] INFO:colcon.colcon_core.shell:Creating package script '/home/intern1/ros2_ws/install/examples_rclcpp_minimal_action_client/share/examples_rclcpp_minimal_action_client/package.ps1'
[2.253s] INFO:colcon.colcon_core.shell:Creating package descriptor '/home/intern1/ros2_ws/install/examples_rclcpp_minimal_action_client/share/examples_rclcpp_minimal_action_client/package.dsv'
[2.254s] INFO:colcon.colcon_core.shell:Creating package script '/home/intern1/ros2_ws/install/examples_rclcpp_minimal_action_client/share/examples_rclcpp_minimal_action_client/package.sh'
[2.254s] INFO:colcon.colcon_core.shell:Creating package script '/home/intern1/ros2_ws/install/examples_rclcpp_minimal_action_client/share/examples_rclcpp_minimal_action_client/package.bash'
[2.255s] INFO:colcon.colcon_core.shell:Creating package script '/home/intern1/ros2_ws/install/examples_rclcpp_minimal_action_client/share/examples_rclcpp_minimal_action_client/package.zsh'
[2.256s] Level 1:colcon.colcon_core.environment:create_file_with_runtime_dependencies(/home/intern1/ros2_ws/install/examples_rclcpp_minimal_action_client/share/colcon-core/packages/examples_rclcpp_minimal_action_client)
[2.257s] Level 1:colcon.colcon_core.environment:create_environment_scripts_only(examples_rclcpp_minimal_action_client)
[2.257s] Level 1:colcon.colcon_core.environment:checking '/home/intern1/ros2_ws/install/examples_rclcpp_minimal_action_client' for CMake module files
[2.258s] Level 1:colcon.colcon_core.environment:checking '/home/intern1/ros2_ws/install/examples_rclcpp_minimal_action_client' for CMake config files
[2.258s] Level 1:colcon.colcon_core.shell:create_environment_hook('examples_rclcpp_minimal_action_client', 'cmake_prefix_path')
[2.259s] INFO:colcon.colcon_core.shell:Creating environment hook '/home/intern1/ros2_ws/install/examples_rclcpp_minimal_action_client/share/examples_rclcpp_minimal_action_client/hook/cmake_prefix_path.ps1'
[2.260s] INFO:colcon.colcon_core.shell:Creating environment descriptor '/home/intern1/ros2_ws/install/examples_rclcpp_minimal_action_client/share/examples_rclcpp_minimal_action_client/hook/cmake_prefix_path.dsv'
[2.262s] INFO:colcon.colcon_core.shell:Creating environment hook '/home/intern1/ros2_ws/install/examples_rclcpp_minimal_action_client/share/examples_rclcpp_minimal_action_client/hook/cmake_prefix_path.sh'
[2.265s] Level 1:colcon.colcon_core.environment:checking '/home/intern1/ros2_ws/install/examples_rclcpp_minimal_action_client/lib'
[2.265s] Level 1:colcon.colcon_core.environment:checking '/home/intern1/ros2_ws/install/examples_rclcpp_minimal_action_client/bin'
[2.265s] Level 1:colcon.colcon_core.environment:checking '/home/intern1/ros2_ws/install/examples_rclcpp_minimal_action_client/lib/pkgconfig/examples_rclcpp_minimal_action_client.pc'
[2.266s] Level 1:colcon.colcon_core.environment:checking '/home/intern1/ros2_ws/install/examples_rclcpp_minimal_action_client/lib/python3.12/site-packages'
[2.266s] Level 1:colcon.colcon_core.environment:checking '/home/intern1/ros2_ws/install/examples_rclcpp_minimal_action_client/bin'
[2.267s] INFO:colcon.colcon_core.shell:Creating package script '/home/intern1/ros2_ws/install/examples_rclcpp_minimal_action_client/share/examples_rclcpp_minimal_action_client/package.ps1'
[2.268s] INFO:colcon.colcon_core.shell:Creating package descriptor '/home/intern1/ros2_ws/install/examples_rclcpp_minimal_action_client/share/examples_rclcpp_minimal_action_client/package.dsv'
[2.269s] INFO:colcon.colcon_core.shell:Creating package script '/home/intern1/ros2_ws/install/examples_rclcpp_minimal_action_client/share/examples_rclcpp_minimal_action_client/package.sh'
[2.270s] INFO:colcon.colcon_core.shell:Creating package script '/home/intern1/ros2_ws/install/examples_rclcpp_minimal_action_client/share/examples_rclcpp_minimal_action_client/package.bash'
[2.271s] INFO:colcon.colcon_core.shell:Creating package script '/home/intern1/ros2_ws/install/examples_rclcpp_minimal_action_client/share/examples_rclcpp_minimal_action_client/package.zsh'
[2.272s] Level 1:colcon.colcon_core.environment:create_file_with_runtime_dependencies(/home/intern1/ros2_ws/install/examples_rclcpp_minimal_action_client/share/colcon-core/packages/examples_rclcpp_minimal_action_client)
[2.279s] INFO:colcon.colcon_ros.task.ament_python.build:Building ROS package in '/home/intern1/ros2_ws/src/examples/rclpy/executors' with build type 'ament_python'
[2.280s] Level 1:colcon.colcon_core.shell:create_environment_hook('examples_rclpy_executors', 'ament_prefix_path')
[2.280s] INFO:colcon.colcon_core.shell:Creating environment hook '/home/intern1/ros2_ws/install/examples_rclpy_executors/share/examples_rclpy_executors/hook/ament_prefix_path.ps1'
[2.284s] INFO:colcon.colcon_core.shell:Creating environment descriptor '/home/intern1/ros2_ws/install/examples_rclpy_executors/share/examples_rclpy_executors/hook/ament_prefix_path.dsv'
[2.286s] INFO:colcon.colcon_core.shell:Creating environment hook '/home/intern1/ros2_ws/install/examples_rclpy_executors/share/examples_rclpy_executors/hook/ament_prefix_path.sh'
[2.288s] INFO:colcon.colcon_core.shell:Skip shell extension 'powershell' for command environment: Not usable outside of PowerShell
[2.288s] DEBUG:colcon.colcon_core.shell:Skip shell extension 'dsv' for command environment
[2.302s] DEBUG:colcon.colcon_core.event_handler.log_command:Invoked command in '/home/intern1/ros2_ws/build/examples_rclcpp_cbg_executor' returned '0': CMAKE_PREFIX_PATH=${CMAKE_PREFIX_PATH}:/home/intern1/ros2_ws/install/tb3_multi_robot:/home/intern1/ros2_ws/install/launch_testing_examples:/home/intern1/ros2_ws/install/examples_rclpy_pointcloud_publisher:/home/intern1/ros2_ws/install/examples_rclpy_minimal_subscriber:/home/intern1/ros2_ws/install/examples_rclpy_minimal_service:/home/intern1/ros2_ws/install/examples_rclpy_minimal_publisher:/home/intern1/ros2_ws/install/examples_rclpy_minimal_client:/home/intern1/ros2_ws/install/examples_rclpy_minimal_action_server:/home/intern1/ros2_ws/install/examples_rclpy_minimal_action_client:/home/intern1/ros2_ws/install/examples_rclpy_guard_conditions:/home/intern1/ros2_ws/install/examples_rclpy_executors:/home/intern1/ros2_ws/install/education_material:/home/intern1/ros2_ws/install/camera_follow:/home/intern1/ros2_ws/install/amr_ws:/opt/ros/jazzy DEBUGINFOD_URLS=https://debuginfod.ubuntu.com /usr/bin/cmake --build /home/intern1/ros2_ws/build/examples_rclcpp_cbg_executor -- -j14 -l14
[2.305s] DEBUG:colcon.colcon_core.event_handler.log_command:Invoking command in '/home/intern1/ros2_ws/build/examples_rclcpp_cbg_executor': CMAKE_PREFIX_PATH=${CMAKE_PREFIX_PATH}:/home/intern1/ros2_ws/install/tb3_multi_robot:/home/intern1/ros2_ws/install/launch_testing_examples:/home/intern1/ros2_ws/install/examples_rclpy_pointcloud_publisher:/home/intern1/ros2_ws/install/examples_rclpy_minimal_subscriber:/home/intern1/ros2_ws/install/examples_rclpy_minimal_service:/home/intern1/ros2_ws/install/examples_rclpy_minimal_publisher:/home/intern1/ros2_ws/install/examples_rclpy_minimal_client:/home/intern1/ros2_ws/install/examples_rclpy_minimal_action_server:/home/intern1/ros2_ws/install/examples_rclpy_minimal_action_client:/home/intern1/ros2_ws/install/examples_rclpy_guard_conditions:/home/intern1/ros2_ws/install/examples_rclpy_executors:/home/intern1/ros2_ws/install/education_material:/home/intern1/ros2_ws/install/camera_follow:/home/intern1/ros2_ws/install/amr_ws:/opt/ros/jazzy DEBUGINFOD_URLS=https://debuginfod.ubuntu.com /usr/bin/cmake --install /home/intern1/ros2_ws/build/examples_rclcpp_cbg_executor
[2.306s] DEBUG:colcon.colcon_core.event_handler.log_command:Invoked command in '/home/intern1/ros2_ws/build/examples_rclcpp_minimal_publisher' returned '0': CMAKE_PREFIX_PATH=${CMAKE_PREFIX_PATH}:/home/intern1/ros2_ws/install/tb3_multi_robot:/home/intern1/ros2_ws/install/launch_testing_examples:/home/intern1/ros2_ws/install/examples_rclpy_pointcloud_publisher:/home/intern1/ros2_ws/install/examples_rclpy_minimal_subscriber:/home/intern1/ros2_ws/install/examples_rclpy_minimal_service:/home/intern1/ros2_ws/install/examples_rclpy_minimal_publisher:/home/intern1/ros2_ws/install/examples_rclpy_minimal_client:/home/intern1/ros2_ws/install/examples_rclpy_minimal_action_server:/home/intern1/ros2_ws/install/examples_rclpy_minimal_action_client:/home/intern1/ros2_ws/install/examples_rclpy_guard_conditions:/home/intern1/ros2_ws/install/examples_rclpy_executors:/home/intern1/ros2_ws/install/education_material:/home/intern1/ros2_ws/install/camera_follow:/home/intern1/ros2_ws/install/amr_ws:/opt/ros/jazzy DEBUGINFOD_URLS=https://debuginfod.ubuntu.com /usr/bin/cmake --build /home/intern1/ros2_ws/build/examples_rclcpp_minimal_publisher -- -j14 -l14
[2.307s] DEBUG:colcon.colcon_core.event_handler.log_command:Invoking command in '/home/intern1/ros2_ws/build/examples_rclcpp_minimal_publisher': CMAKE_PREFIX_PATH=${CMAKE_PREFIX_PATH}:/home/intern1/ros2_ws/install/tb3_multi_robot:/home/intern1/ros2_ws/install/launch_testing_examples:/home/intern1/ros2_ws/install/examples_rclpy_pointcloud_publisher:/home/intern1/ros2_ws/install/examples_rclpy_minimal_subscriber:/home/intern1/ros2_ws/install/examples_rclpy_minimal_service:/home/intern1/ros2_ws/install/examples_rclpy_minimal_publisher:/home/intern1/ros2_ws/install/examples_rclpy_minimal_client:/home/intern1/ros2_ws/install/examples_rclpy_minimal_action_server:/home/intern1/ros2_ws/install/examples_rclpy_minimal_action_client:/home/intern1/ros2_ws/install/examples_rclpy_guard_conditions:/home/intern1/ros2_ws/install/examples_rclpy_executors:/home/intern1/ros2_ws/install/education_material:/home/intern1/ros2_ws/install/camera_follow:/home/intern1/ros2_ws/install/amr_ws:/opt/ros/jazzy DEBUGINFOD_URLS=https://debuginfod.ubuntu.com /usr/bin/cmake --install /home/intern1/ros2_ws/build/examples_rclcpp_minimal_publisher
[2.310s] DEBUG:colcon.colcon_core.event_handler.log_command:Invoked command in '/home/intern1/ros2_ws/build/examples_rclcpp_minimal_action_server' returned '0': CMAKE_PREFIX_PATH=${CMAKE_PREFIX_PATH}:/home/intern1/ros2_ws/install/tb3_multi_robot:/home/intern1/ros2_ws/install/launch_testing_examples:/home/intern1/ros2_ws/install/examples_rclpy_pointcloud_publisher:/home/intern1/ros2_ws/install/examples_rclpy_minimal_subscriber:/home/intern1/ros2_ws/install/examples_rclpy_minimal_service:/home/intern1/ros2_ws/install/examples_rclpy_minimal_publisher:/home/intern1/ros2_ws/install/examples_rclpy_minimal_client:/home/intern1/ros2_ws/install/examples_rclpy_minimal_action_server:/home/intern1/ros2_ws/install/examples_rclpy_minimal_action_client:/home/intern1/ros2_ws/install/examples_rclpy_guard_conditions:/home/intern1/ros2_ws/install/examples_rclpy_executors:/home/intern1/ros2_ws/install/education_material:/home/intern1/ros2_ws/install/camera_follow:/home/intern1/ros2_ws/install/amr_ws:/opt/ros/jazzy DEBUGINFOD_URLS=https://debuginfod.ubuntu.com /usr/bin/cmake --build /home/intern1/ros2_ws/build/examples_rclcpp_minimal_action_server -- -j14 -l14
[2.312s] DEBUG:colcon.colcon_core.event_handler.log_command:Invoking command in '/home/intern1/ros2_ws/build/examples_rclcpp_minimal_action_server': CMAKE_PREFIX_PATH=${CMAKE_PREFIX_PATH}:/home/intern1/ros2_ws/install/tb3_multi_robot:/home/intern1/ros2_ws/install/launch_testing_examples:/home/intern1/ros2_ws/install/examples_rclpy_pointcloud_publisher:/home/intern1/ros2_ws/install/examples_rclpy_minimal_subscriber:/home/intern1/ros2_ws/install/examples_rclpy_minimal_service:/home/intern1/ros2_ws/install/examples_rclpy_minimal_publisher:/home/intern1/ros2_ws/install/examples_rclpy_minimal_client:/home/intern1/ros2_ws/install/examples_rclpy_minimal_action_server:/home/intern1/ros2_ws/install/examples_rclpy_minimal_action_client:/home/intern1/ros2_ws/install/examples_rclpy_guard_conditions:/home/intern1/ros2_ws/install/examples_rclpy_executors:/home/intern1/ros2_ws/install/education_material:/home/intern1/ros2_ws/install/camera_follow:/home/intern1/ros2_ws/install/amr_ws:/opt/ros/jazzy DEBUGINFOD_URLS=https://debuginfod.ubuntu.com /usr/bin/cmake --install /home/intern1/ros2_ws/build/examples_rclcpp_minimal_action_server
[2.314s] Level 1:colcon.colcon_core.environment:create_environment_scripts_only(examples_rclcpp_minimal_client)
[2.315s] Level 1:colcon.colcon_core.environment:checking '/home/intern1/ros2_ws/install/examples_rclcpp_minimal_client' for CMake module files
[2.315s] DEBUG:colcon.colcon_core.event_handler.log_command:Invoked command in '/home/intern1/ros2_ws/build/examples_rclcpp_minimal_client' returned '0': CMAKE_PREFIX_PATH=${CMAKE_PREFIX_PATH}:/home/intern1/ros2_ws/install/tb3_multi_robot:/home/intern1/ros2_ws/install/launch_testing_examples:/home/intern1/ros2_ws/install/examples_rclpy_pointcloud_publisher:/home/intern1/ros2_ws/install/examples_rclpy_minimal_subscriber:/home/intern1/ros2_ws/install/examples_rclpy_minimal_service:/home/intern1/ros2_ws/install/examples_rclpy_minimal_publisher:/home/intern1/ros2_ws/install/examples_rclpy_minimal_client:/home/intern1/ros2_ws/install/examples_rclpy_minimal_action_server:/home/intern1/ros2_ws/install/examples_rclpy_minimal_action_client:/home/intern1/ros2_ws/install/examples_rclpy_guard_conditions:/home/intern1/ros2_ws/install/examples_rclpy_executors:/home/intern1/ros2_ws/install/education_material:/home/intern1/ros2_ws/install/camera_follow:/home/intern1/ros2_ws/install/amr_ws:/opt/ros/jazzy DEBUGINFOD_URLS=https://debuginfod.ubuntu.com /usr/bin/cmake --install /home/intern1/ros2_ws/build/examples_rclcpp_minimal_client
[2.317s] Level 1:colcon.colcon_core.environment:checking '/home/intern1/ros2_ws/install/examples_rclcpp_minimal_client' for CMake config files
[2.318s] Level 1:colcon.colcon_core.shell:create_environment_hook('examples_rclcpp_minimal_client', 'cmake_prefix_path')
[2.318s] INFO:colcon.colcon_core.shell:Creating environment hook '/home/intern1/ros2_ws/install/examples_rclcpp_minimal_client/share/examples_rclcpp_minimal_client/hook/cmake_prefix_path.ps1'
[2.320s] INFO:colcon.colcon_core.shell:Creating environment descriptor '/home/intern1/ros2_ws/install/examples_rclcpp_minimal_client/share/examples_rclcpp_minimal_client/hook/cmake_prefix_path.dsv'
[2.321s] INFO:colcon.colcon_core.shell:Creating environment hook '/home/intern1/ros2_ws/install/examples_rclcpp_minimal_client/share/examples_rclcpp_minimal_client/hook/cmake_prefix_path.sh'
[2.323s] Level 1:colcon.colcon_core.environment:checking '/home/intern1/ros2_ws/install/examples_rclcpp_minimal_client/lib'
[2.323s] Level 1:colcon.colcon_core.environment:checking '/home/intern1/ros2_ws/install/examples_rclcpp_minimal_client/bin'
[2.323s] Level 1:colcon.colcon_core.environment:checking '/home/intern1/ros2_ws/install/examples_rclcpp_minimal_client/lib/pkgconfig/examples_rclcpp_minimal_client.pc'
[2.324s] Level 1:colcon.colcon_core.environment:checking '/home/intern1/ros2_ws/install/examples_rclcpp_minimal_client/lib/python3.12/site-packages'
[2.324s] Level 1:colcon.colcon_core.environment:checking '/home/intern1/ros2_ws/install/examples_rclcpp_minimal_client/bin'
[2.325s] INFO:colcon.colcon_core.shell:Creating package script '/home/intern1/ros2_ws/install/examples_rclcpp_minimal_client/share/examples_rclcpp_minimal_client/package.ps1'
[2.326s] INFO:colcon.colcon_core.shell:Creating package descriptor '/home/intern1/ros2_ws/install/examples_rclcpp_minimal_client/share/examples_rclcpp_minimal_client/package.dsv'
[2.327s] INFO:colcon.colcon_core.shell:Creating package script '/home/intern1/ros2_ws/install/examples_rclcpp_minimal_client/share/examples_rclcpp_minimal_client/package.sh'
[2.328s] INFO:colcon.colcon_core.shell:Creating package script '/home/intern1/ros2_ws/install/examples_rclcpp_minimal_client/share/examples_rclcpp_minimal_client/package.bash'
[2.329s] INFO:colcon.colcon_core.shell:Creating package script '/home/intern1/ros2_ws/install/examples_rclcpp_minimal_client/share/examples_rclcpp_minimal_client/package.zsh'
[2.330s] Level 1:colcon.colcon_core.environment:create_file_with_runtime_dependencies(/home/intern1/ros2_ws/install/examples_rclcpp_minimal_client/share/colcon-core/packages/examples_rclcpp_minimal_client)
[2.331s] Level 1:colcon.colcon_core.environment:create_environment_scripts_only(examples_rclcpp_minimal_client)
[2.331s] Level 1:colcon.colcon_core.environment:checking '/home/intern1/ros2_ws/install/examples_rclcpp_minimal_client' for CMake module files
[2.333s] Level 1:colcon.colcon_core.environment:checking '/home/intern1/ros2_ws/install/examples_rclcpp_minimal_client' for CMake config files
[2.333s] Level 1:colcon.colcon_core.shell:create_environment_hook('examples_rclcpp_minimal_client', 'cmake_prefix_path')
[2.334s] INFO:colcon.colcon_core.shell:Creating environment hook '/home/intern1/ros2_ws/install/examples_rclcpp_minimal_client/share/examples_rclcpp_minimal_client/hook/cmake_prefix_path.ps1'
[2.335s] INFO:colcon.colcon_core.shell:Creating environment descriptor '/home/intern1/ros2_ws/install/examples_rclcpp_minimal_client/share/examples_rclcpp_minimal_client/hook/cmake_prefix_path.dsv'
[2.335s] INFO:colcon.colcon_core.shell:Creating environment hook '/home/intern1/ros2_ws/install/examples_rclcpp_minimal_client/share/examples_rclcpp_minimal_client/hook/cmake_prefix_path.sh'
[2.337s] Level 1:colcon.colcon_core.environment:checking '/home/intern1/ros2_ws/install/examples_rclcpp_minimal_client/lib'
[2.337s] Level 1:colcon.colcon_core.environment:checking '/home/intern1/ros2_ws/install/examples_rclcpp_minimal_client/bin'
[2.337s] Level 1:colcon.colcon_core.environment:checking '/home/intern1/ros2_ws/install/examples_rclcpp_minimal_client/lib/pkgconfig/examples_rclcpp_minimal_client.pc'
[2.337s] Level 1:colcon.colcon_core.environment:checking '/home/intern1/ros2_ws/install/examples_rclcpp_minimal_client/lib/python3.12/site-packages'
[2.338s] Level 1:colcon.colcon_core.environment:checking '/home/intern1/ros2_ws/install/examples_rclcpp_minimal_client/bin'
[2.339s] INFO:colcon.colcon_core.shell:Creating package script '/home/intern1/ros2_ws/install/examples_rclcpp_minimal_client/share/examples_rclcpp_minimal_client/package.ps1'
[2.340s] INFO:colcon.colcon_core.shell:Creating package descriptor '/home/intern1/ros2_ws/install/examples_rclcpp_minimal_client/share/examples_rclcpp_minimal_client/package.dsv'
[2.341s] INFO:colcon.colcon_core.shell:Creating package script '/home/intern1/ros2_ws/install/examples_rclcpp_minimal_client/share/examples_rclcpp_minimal_client/package.sh'
[2.342s] INFO:colcon.colcon_core.shell:Creating package script '/home/intern1/ros2_ws/install/examples_rclcpp_minimal_client/share/examples_rclcpp_minimal_client/package.bash'
[2.343s] INFO:colcon.colcon_core.shell:Creating package script '/home/intern1/ros2_ws/install/examples_rclcpp_minimal_client/share/examples_rclcpp_minimal_client/package.zsh'
[2.343s] Level 1:colcon.colcon_core.environment:create_file_with_runtime_dependencies(/home/intern1/ros2_ws/install/examples_rclcpp_minimal_client/share/colcon-core/packages/examples_rclcpp_minimal_client)
[2.362s] INFO:colcon.colcon_ros.task.ament_python.build:Building ROS package in '/home/intern1/ros2_ws/src/examples/rclpy/guard_conditions' with build type 'ament_python'
[2.362s] Level 1:colcon.colcon_core.shell:create_environment_hook('examples_rclpy_guard_conditions', 'ament_prefix_path')
[2.363s] INFO:colcon.colcon_core.shell:Creating environment hook '/home/intern1/ros2_ws/install/examples_rclpy_guard_conditions/share/examples_rclpy_guard_conditions/hook/ament_prefix_path.ps1'
[2.364s] INFO:colcon.colcon_core.shell:Creating environment descriptor '/home/intern1/ros2_ws/install/examples_rclpy_guard_conditions/share/examples_rclpy_guard_conditions/hook/ament_prefix_path.dsv'
[2.366s] INFO:colcon.colcon_core.shell:Creating environment hook '/home/intern1/ros2_ws/install/examples_rclpy_guard_conditions/share/examples_rclpy_guard_conditions/hook/ament_prefix_path.sh'
[2.372s] INFO:colcon.colcon_core.shell:Skip shell extension 'powershell' for command environment: Not usable outside of PowerShell
[2.372s] DEBUG:colcon.colcon_core.shell:Skip shell extension 'dsv' for command environment
[2.376s] DEBUG:colcon.colcon_core.event_handler.log_command:Invoked command in '/home/intern1/ros2_ws/build/examples_rclcpp_minimal_subscriber' returned '0': CMAKE_PREFIX_PATH=${CMAKE_PREFIX_PATH}:/home/intern1/ros2_ws/install/tb3_multi_robot:/home/intern1/ros2_ws/install/launch_testing_examples:/home/intern1/ros2_ws/install/examples_rclpy_pointcloud_publisher:/home/intern1/ros2_ws/install/examples_rclpy_minimal_subscriber:/home/intern1/ros2_ws/install/examples_rclpy_minimal_service:/home/intern1/ros2_ws/install/examples_rclpy_minimal_publisher:/home/intern1/ros2_ws/install/examples_rclpy_minimal_client:/home/intern1/ros2_ws/install/examples_rclpy_minimal_action_server:/home/intern1/ros2_ws/install/examples_rclpy_minimal_action_client:/home/intern1/ros2_ws/install/examples_rclpy_guard_conditions:/home/intern1/ros2_ws/install/examples_rclpy_executors:/home/intern1/ros2_ws/install/education_material:/home/intern1/ros2_ws/install/camera_follow:/home/intern1/ros2_ws/install/amr_ws:/opt/ros/jazzy DEBUGINFOD_URLS=https://debuginfod.ubuntu.com /usr/bin/cmake --build /home/intern1/ros2_ws/build/examples_rclcpp_minimal_subscriber -- -j14 -l14
[2.377s] DEBUG:colcon.colcon_core.event_handler.log_command:Invoking command in '/home/intern1/ros2_ws/build/examples_rclcpp_minimal_subscriber': CMAKE_PREFIX_PATH=${CMAKE_PREFIX_PATH}:/home/intern1/ros2_ws/install/tb3_multi_robot:/home/intern1/ros2_ws/install/launch_testing_examples:/home/intern1/ros2_ws/install/examples_rclpy_pointcloud_publisher:/home/intern1/ros2_ws/install/examples_rclpy_minimal_subscriber:/home/intern1/ros2_ws/install/examples_rclpy_minimal_service:/home/intern1/ros2_ws/install/examples_rclpy_minimal_publisher:/home/intern1/ros2_ws/install/examples_rclpy_minimal_client:/home/intern1/ros2_ws/install/examples_rclpy_minimal_action_server:/home/intern1/ros2_ws/install/examples_rclpy_minimal_action_client:/home/intern1/ros2_ws/install/examples_rclpy_guard_conditions:/home/intern1/ros2_ws/install/examples_rclpy_executors:/home/intern1/ros2_ws/install/education_material:/home/intern1/ros2_ws/install/camera_follow:/home/intern1/ros2_ws/install/amr_ws:/opt/ros/jazzy DEBUGINFOD_URLS=https://debuginfod.ubuntu.com /usr/bin/cmake --install /home/intern1/ros2_ws/build/examples_rclcpp_minimal_subscriber
[2.378s] DEBUG:colcon.colcon_core.event_handler.log_command:Invoked command in '/home/intern1/ros2_ws/build/examples_rclcpp_minimal_timer' returned '0': CMAKE_PREFIX_PATH=${CMAKE_PREFIX_PATH}:/home/intern1/ros2_ws/install/tb3_multi_robot:/home/intern1/ros2_ws/install/launch_testing_examples:/home/intern1/ros2_ws/install/examples_rclpy_pointcloud_publisher:/home/intern1/ros2_ws/install/examples_rclpy_minimal_subscriber:/home/intern1/ros2_ws/install/examples_rclpy_minimal_service:/home/intern1/ros2_ws/install/examples_rclpy_minimal_publisher:/home/intern1/ros2_ws/install/examples_rclpy_minimal_client:/home/intern1/ros2_ws/install/examples_rclpy_minimal_action_server:/home/intern1/ros2_ws/install/examples_rclpy_minimal_action_client:/home/intern1/ros2_ws/install/examples_rclpy_guard_conditions:/home/intern1/ros2_ws/install/examples_rclpy_executors:/home/intern1/ros2_ws/install/education_material:/home/intern1/ros2_ws/install/camera_follow:/home/intern1/ros2_ws/install/amr_ws:/opt/ros/jazzy DEBUGINFOD_URLS=https://debuginfod.ubuntu.com /usr/bin/cmake --build /home/intern1/ros2_ws/build/examples_rclcpp_minimal_timer -- -j14 -l14
[2.379s] DEBUG:colcon.colcon_core.event_handler.log_command:Invoking command in '/home/intern1/ros2_ws/build/examples_rclcpp_minimal_timer': CMAKE_PREFIX_PATH=${CMAKE_PREFIX_PATH}:/home/intern1/ros2_ws/install/tb3_multi_robot:/home/intern1/ros2_ws/install/launch_testing_examples:/home/intern1/ros2_ws/install/examples_rclpy_pointcloud_publisher:/home/intern1/ros2_ws/install/examples_rclpy_minimal_subscriber:/home/intern1/ros2_ws/install/examples_rclpy_minimal_service:/home/intern1/ros2_ws/install/examples_rclpy_minimal_publisher:/home/intern1/ros2_ws/install/examples_rclpy_minimal_client:/home/intern1/ros2_ws/install/examples_rclpy_minimal_action_server:/home/intern1/ros2_ws/install/examples_rclpy_minimal_action_client:/home/intern1/ros2_ws/install/examples_rclpy_guard_conditions:/home/intern1/ros2_ws/install/examples_rclpy_executors:/home/intern1/ros2_ws/install/education_material:/home/intern1/ros2_ws/install/camera_follow:/home/intern1/ros2_ws/install/amr_ws:/opt/ros/jazzy DEBUGINFOD_URLS=https://debuginfod.ubuntu.com /usr/bin/cmake --install /home/intern1/ros2_ws/build/examples_rclcpp_minimal_timer
[2.379s] DEBUG:colcon.colcon_core.event_handler.log_command:Invoked command in '/home/intern1/ros2_ws/build/examples_rclcpp_minimal_service' returned '0': CMAKE_PREFIX_PATH=${CMAKE_PREFIX_PATH}:/home/intern1/ros2_ws/install/tb3_multi_robot:/home/intern1/ros2_ws/install/launch_testing_examples:/home/intern1/ros2_ws/install/examples_rclpy_pointcloud_publisher:/home/intern1/ros2_ws/install/examples_rclpy_minimal_subscriber:/home/intern1/ros2_ws/install/examples_rclpy_minimal_service:/home/intern1/ros2_ws/install/examples_rclpy_minimal_publisher:/home/intern1/ros2_ws/install/examples_rclpy_minimal_client:/home/intern1/ros2_ws/install/examples_rclpy_minimal_action_server:/home/intern1/ros2_ws/install/examples_rclpy_minimal_action_client:/home/intern1/ros2_ws/install/examples_rclpy_guard_conditions:/home/intern1/ros2_ws/install/examples_rclpy_executors:/home/intern1/ros2_ws/install/education_material:/home/intern1/ros2_ws/install/camera_follow:/home/intern1/ros2_ws/install/amr_ws:/opt/ros/jazzy DEBUGINFOD_URLS=https://debuginfod.ubuntu.com /usr/bin/cmake --build /home/intern1/ros2_ws/build/examples_rclcpp_minimal_service -- -j14 -l14
[2.380s] DEBUG:colcon.colcon_core.event_handler.log_command:Invoking command in '/home/intern1/ros2_ws/build/examples_rclcpp_minimal_service': CMAKE_PREFIX_PATH=${CMAKE_PREFIX_PATH}:/home/intern1/ros2_ws/install/tb3_multi_robot:/home/intern1/ros2_ws/install/launch_testing_examples:/home/intern1/ros2_ws/install/examples_rclpy_pointcloud_publisher:/home/intern1/ros2_ws/install/examples_rclpy_minimal_subscriber:/home/intern1/ros2_ws/install/examples_rclpy_minimal_service:/home/intern1/ros2_ws/install/examples_rclpy_minimal_publisher:/home/intern1/ros2_ws/install/examples_rclpy_minimal_client:/home/intern1/ros2_ws/install/examples_rclpy_minimal_action_server:/home/intern1/ros2_ws/install/examples_rclpy_minimal_action_client:/home/intern1/ros2_ws/install/examples_rclpy_guard_conditions:/home/intern1/ros2_ws/install/examples_rclpy_executors:/home/intern1/ros2_ws/install/education_material:/home/intern1/ros2_ws/install/camera_follow:/home/intern1/ros2_ws/install/amr_ws:/opt/ros/jazzy DEBUGINFOD_URLS=https://debuginfod.ubuntu.com /usr/bin/cmake --install /home/intern1/ros2_ws/build/examples_rclcpp_minimal_service
[2.401s] DEBUG:colcon.colcon_core.event_handler.log_command:Invoking command in '/home/intern1/ros2_ws/build/examples_rclcpp_wait_set': CMAKE_PREFIX_PATH=${CMAKE_PREFIX_PATH}:/home/intern1/ros2_ws/install/tb3_multi_robot:/home/intern1/ros2_ws/install/launch_testing_examples:/home/intern1/ros2_ws/install/examples_rclpy_pointcloud_publisher:/home/intern1/ros2_ws/install/examples_rclpy_minimal_subscriber:/home/intern1/ros2_ws/install/examples_rclpy_minimal_service:/home/intern1/ros2_ws/install/examples_rclpy_minimal_publisher:/home/intern1/ros2_ws/install/examples_rclpy_minimal_client:/home/intern1/ros2_ws/install/examples_rclpy_minimal_action_server:/home/intern1/ros2_ws/install/examples_rclpy_minimal_action_client:/home/intern1/ros2_ws/install/examples_rclpy_guard_conditions:/home/intern1/ros2_ws/install/examples_rclpy_executors:/home/intern1/ros2_ws/install/education_material:/home/intern1/ros2_ws/install/camera_follow:/home/intern1/ros2_ws/install/amr_ws:/opt/ros/jazzy DEBUGINFOD_URLS=https://debuginfod.ubuntu.com /usr/bin/cmake --build /home/intern1/ros2_ws/build/examples_rclcpp_wait_set -- -j14 -l14
[2.402s] DEBUG:colcon.colcon_core.event_handler.log_command:Invoked command in '/home/intern1/ros2_ws/build/examples_rclcpp_minimal_composition' returned '0': CMAKE_PREFIX_PATH=${CMAKE_PREFIX_PATH}:/home/intern1/ros2_ws/install/tb3_multi_robot:/home/intern1/ros2_ws/install/launch_testing_examples:/home/intern1/ros2_ws/install/examples_rclpy_pointcloud_publisher:/home/intern1/ros2_ws/install/examples_rclpy_minimal_subscriber:/home/intern1/ros2_ws/install/examples_rclpy_minimal_service:/home/intern1/ros2_ws/install/examples_rclpy_minimal_publisher:/home/intern1/ros2_ws/install/examples_rclpy_minimal_client:/home/intern1/ros2_ws/install/examples_rclpy_minimal_action_server:/home/intern1/ros2_ws/install/examples_rclpy_minimal_action_client:/home/intern1/ros2_ws/install/examples_rclpy_guard_conditions:/home/intern1/ros2_ws/install/examples_rclpy_executors:/home/intern1/ros2_ws/install/education_material:/home/intern1/ros2_ws/install/camera_follow:/home/intern1/ros2_ws/install/amr_ws:/opt/ros/jazzy DEBUGINFOD_URLS=https://debuginfod.ubuntu.com /usr/bin/cmake --build /home/intern1/ros2_ws/build/examples_rclcpp_minimal_composition -- -j14 -l14
[2.403s] DEBUG:colcon.colcon_core.event_handler.log_command:Invoking command in '/home/intern1/ros2_ws/build/examples_rclcpp_minimal_composition': CMAKE_PREFIX_PATH=${CMAKE_PREFIX_PATH}:/home/intern1/ros2_ws/install/tb3_multi_robot:/home/intern1/ros2_ws/install/launch_testing_examples:/home/intern1/ros2_ws/install/examples_rclpy_pointcloud_publisher:/home/intern1/ros2_ws/install/examples_rclpy_minimal_subscriber:/home/intern1/ros2_ws/install/examples_rclpy_minimal_service:/home/intern1/ros2_ws/install/examples_rclpy_minimal_publisher:/home/intern1/ros2_ws/install/examples_rclpy_minimal_client:/home/intern1/ros2_ws/install/examples_rclpy_minimal_action_server:/home/intern1/ros2_ws/install/examples_rclpy_minimal_action_client:/home/intern1/ros2_ws/install/examples_rclpy_guard_conditions:/home/intern1/ros2_ws/install/examples_rclpy_executors:/home/intern1/ros2_ws/install/education_material:/home/intern1/ros2_ws/install/camera_follow:/home/intern1/ros2_ws/install/amr_ws:/opt/ros/jazzy DEBUGINFOD_URLS=https://debuginfod.ubuntu.com /usr/bin/cmake --install /home/intern1/ros2_ws/build/examples_rclcpp_minimal_composition
[2.404s] DEBUG:colcon.colcon_core.event_handler.log_command:Invoked command in '/home/intern1/ros2_ws/build/examples_rclcpp_multithreaded_executor' returned '0': CMAKE_PREFIX_PATH=${CMAKE_PREFIX_PATH}:/home/intern1/ros2_ws/install/tb3_multi_robot:/home/intern1/ros2_ws/install/launch_testing_examples:/home/intern1/ros2_ws/install/examples_rclpy_pointcloud_publisher:/home/intern1/ros2_ws/install/examples_rclpy_minimal_subscriber:/home/intern1/ros2_ws/install/examples_rclpy_minimal_service:/home/intern1/ros2_ws/install/examples_rclpy_minimal_publisher:/home/intern1/ros2_ws/install/examples_rclpy_minimal_client:/home/intern1/ros2_ws/install/examples_rclpy_minimal_action_server:/home/intern1/ros2_ws/install/examples_rclpy_minimal_action_client:/home/intern1/ros2_ws/install/examples_rclpy_guard_conditions:/home/intern1/ros2_ws/install/examples_rclpy_executors:/home/intern1/ros2_ws/install/education_material:/home/intern1/ros2_ws/install/camera_follow:/home/intern1/ros2_ws/install/amr_ws:/opt/ros/jazzy DEBUGINFOD_URLS=https://debuginfod.ubuntu.com /usr/bin/cmake --build /home/intern1/ros2_ws/build/examples_rclcpp_multithreaded_executor -- -j14 -l14
[2.407s] DEBUG:colcon.colcon_core.event_handler.log_command:Invoking command in '/home/intern1/ros2_ws/build/examples_rclcpp_multithreaded_executor': CMAKE_PREFIX_PATH=${CMAKE_PREFIX_PATH}:/home/intern1/ros2_ws/install/tb3_multi_robot:/home/intern1/ros2_ws/install/launch_testing_examples:/home/intern1/ros2_ws/install/examples_rclpy_pointcloud_publisher:/home/intern1/ros2_ws/install/examples_rclpy_minimal_subscriber:/home/intern1/ros2_ws/install/examples_rclpy_minimal_service:/home/intern1/ros2_ws/install/examples_rclpy_minimal_publisher:/home/intern1/ros2_ws/install/examples_rclpy_minimal_client:/home/intern1/ros2_ws/install/examples_rclpy_minimal_action_server:/home/intern1/ros2_ws/install/examples_rclpy_minimal_action_client:/home/intern1/ros2_ws/install/examples_rclpy_guard_conditions:/home/intern1/ros2_ws/install/examples_rclpy_executors:/home/intern1/ros2_ws/install/education_material:/home/intern1/ros2_ws/install/camera_follow:/home/intern1/ros2_ws/install/amr_ws:/opt/ros/jazzy DEBUGINFOD_URLS=https://debuginfod.ubuntu.com /usr/bin/cmake --install /home/intern1/ros2_ws/build/examples_rclcpp_multithreaded_executor
[2.840s] INFO:colcon.colcon_core.task.python.build:Building Python package in '/home/intern1/ros2_ws/src/examples/rclpy/executors'
[2.840s] INFO:colcon.colcon_core.shell:Skip shell extension 'powershell' for command environment: Not usable outside of PowerShell
[2.842s] DEBUG:colcon.colcon_core.shell:Skip shell extension 'dsv' for command environment
[2.856s] Level 1:colcon.colcon_core.environment:create_environment_scripts_only(examples_rclcpp_cbg_executor)
[2.856s] Level 1:colcon.colcon_core.environment:checking '/home/intern1/ros2_ws/install/examples_rclcpp_cbg_executor' for CMake module files
[2.857s] Level 1:colcon.colcon_core.environment:checking '/home/intern1/ros2_ws/install/examples_rclcpp_cbg_executor' for CMake config files
[2.858s] Level 1:colcon.colcon_core.shell:create_environment_hook('examples_rclcpp_cbg_executor', 'cmake_prefix_path')
[2.858s] INFO:colcon.colcon_core.shell:Creating environment hook '/home/intern1/ros2_ws/install/examples_rclcpp_cbg_executor/share/examples_rclcpp_cbg_executor/hook/cmake_prefix_path.ps1'
[2.859s] INFO:colcon.colcon_core.shell:Creating environment descriptor '/home/intern1/ros2_ws/install/examples_rclcpp_cbg_executor/share/examples_rclcpp_cbg_executor/hook/cmake_prefix_path.dsv'
[2.860s] DEBUG:colcon.colcon_core.event_handler.log_command:Invoked command in '/home/intern1/ros2_ws/build/examples_rclcpp_cbg_executor' returned '0': CMAKE_PREFIX_PATH=${CMAKE_PREFIX_PATH}:/home/intern1/ros2_ws/install/tb3_multi_robot:/home/intern1/ros2_ws/install/launch_testing_examples:/home/intern1/ros2_ws/install/examples_rclpy_pointcloud_publisher:/home/intern1/ros2_ws/install/examples_rclpy_minimal_subscriber:/home/intern1/ros2_ws/install/examples_rclpy_minimal_service:/home/intern1/ros2_ws/install/examples_rclpy_minimal_publisher:/home/intern1/ros2_ws/install/examples_rclpy_minimal_client:/home/intern1/ros2_ws/install/examples_rclpy_minimal_action_server:/home/intern1/ros2_ws/install/examples_rclpy_minimal_action_client:/home/intern1/ros2_ws/install/examples_rclpy_guard_conditions:/home/intern1/ros2_ws/install/examples_rclpy_executors:/home/intern1/ros2_ws/install/education_material:/home/intern1/ros2_ws/install/camera_follow:/home/intern1/ros2_ws/install/amr_ws:/opt/ros/jazzy DEBUGINFOD_URLS=https://debuginfod.ubuntu.com /usr/bin/cmake --install /home/intern1/ros2_ws/build/examples_rclcpp_cbg_executor
[2.862s] INFO:colcon.colcon_core.shell:Creating environment hook '/home/intern1/ros2_ws/install/examples_rclcpp_cbg_executor/share/examples_rclcpp_cbg_executor/hook/cmake_prefix_path.sh'
[2.865s] Level 1:colcon.colcon_core.environment:checking '/home/intern1/ros2_ws/install/examples_rclcpp_cbg_executor/lib'
[2.865s] Level 1:colcon.colcon_core.environment:checking '/home/intern1/ros2_ws/install/examples_rclcpp_cbg_executor/bin'
[2.865s] Level 1:colcon.colcon_core.environment:checking '/home/intern1/ros2_ws/install/examples_rclcpp_cbg_executor/lib/pkgconfig/examples_rclcpp_cbg_executor.pc'
[2.868s] Level 1:colcon.colcon_core.environment:checking '/home/intern1/ros2_ws/install/examples_rclcpp_cbg_executor/lib/python3.12/site-packages'
[2.869s] Level 1:colcon.colcon_core.environment:checking '/home/intern1/ros2_ws/install/examples_rclcpp_cbg_executor/bin'
[2.869s] INFO:colcon.colcon_core.shell:Creating package script '/home/intern1/ros2_ws/install/examples_rclcpp_cbg_executor/share/examples_rclcpp_cbg_executor/package.ps1'
[2.870s] INFO:colcon.colcon_core.shell:Creating package descriptor '/home/intern1/ros2_ws/install/examples_rclcpp_cbg_executor/share/examples_rclcpp_cbg_executor/package.dsv'
[2.871s] INFO:colcon.colcon_core.shell:Creating package script '/home/intern1/ros2_ws/install/examples_rclcpp_cbg_executor/share/examples_rclcpp_cbg_executor/package.sh'
[2.872s] INFO:colcon.colcon_core.shell:Creating package script '/home/intern1/ros2_ws/install/examples_rclcpp_cbg_executor/share/examples_rclcpp_cbg_executor/package.bash'
[2.873s] INFO:colcon.colcon_core.shell:Creating package script '/home/intern1/ros2_ws/install/examples_rclcpp_cbg_executor/share/examples_rclcpp_cbg_executor/package.zsh'
[2.874s] Level 1:colcon.colcon_core.environment:create_file_with_runtime_dependencies(/home/intern1/ros2_ws/install/examples_rclcpp_cbg_executor/share/colcon-core/packages/examples_rclcpp_cbg_executor)
[2.875s] Level 1:colcon.colcon_core.environment:create_environment_scripts_only(examples_rclcpp_cbg_executor)
[2.875s] Level 1:colcon.colcon_core.environment:checking '/home/intern1/ros2_ws/install/examples_rclcpp_cbg_executor' for CMake module files
[2.877s] Level 1:colcon.colcon_core.environment:checking '/home/intern1/ros2_ws/install/examples_rclcpp_cbg_executor' for CMake config files
[2.877s] Level 1:colcon.colcon_core.shell:create_environment_hook('examples_rclcpp_cbg_executor', 'cmake_prefix_path')
[2.878s] INFO:colcon.colcon_core.shell:Creating environment hook '/home/intern1/ros2_ws/install/examples_rclcpp_cbg_executor/share/examples_rclcpp_cbg_executor/hook/cmake_prefix_path.ps1'
[2.879s] INFO:colcon.colcon_core.shell:Creating environment descriptor '/home/intern1/ros2_ws/install/examples_rclcpp_cbg_executor/share/examples_rclcpp_cbg_executor/hook/cmake_prefix_path.dsv'
[2.879s] INFO:colcon.colcon_core.shell:Creating environment hook '/home/intern1/ros2_ws/install/examples_rclcpp_cbg_executor/share/examples_rclcpp_cbg_executor/hook/cmake_prefix_path.sh'
[2.881s] Level 1:colcon.colcon_core.environment:checking '/home/intern1/ros2_ws/install/examples_rclcpp_cbg_executor/lib'
[2.881s] Level 1:colcon.colcon_core.environment:checking '/home/intern1/ros2_ws/install/examples_rclcpp_cbg_executor/bin'
[2.881s] Level 1:colcon.colcon_core.environment:checking '/home/intern1/ros2_ws/install/examples_rclcpp_cbg_executor/lib/pkgconfig/examples_rclcpp_cbg_executor.pc'
[2.882s] Level 1:colcon.colcon_core.environment:checking '/home/intern1/ros2_ws/install/examples_rclcpp_cbg_executor/lib/python3.12/site-packages'
[2.882s] Level 1:colcon.colcon_core.environment:checking '/home/intern1/ros2_ws/install/examples_rclcpp_cbg_executor/bin'
[2.883s] INFO:colcon.colcon_core.shell:Creating package script '/home/intern1/ros2_ws/install/examples_rclcpp_cbg_executor/share/examples_rclcpp_cbg_executor/package.ps1'
[2.884s] INFO:colcon.colcon_core.shell:Creating package descriptor '/home/intern1/ros2_ws/install/examples_rclcpp_cbg_executor/share/examples_rclcpp_cbg_executor/package.dsv'
[2.885s] INFO:colcon.colcon_core.shell:Creating package script '/home/intern1/ros2_ws/install/examples_rclcpp_cbg_executor/share/examples_rclcpp_cbg_executor/package.sh'
[2.886s] INFO:colcon.colcon_core.shell:Creating package script '/home/intern1/ros2_ws/install/examples_rclcpp_cbg_executor/share/examples_rclcpp_cbg_executor/package.bash'
[2.887s] INFO:colcon.colcon_core.shell:Creating package script '/home/intern1/ros2_ws/install/examples_rclcpp_cbg_executor/share/examples_rclcpp_cbg_executor/package.zsh'
[2.888s] Level 1:colcon.colcon_core.environment:create_file_with_runtime_dependencies(/home/intern1/ros2_ws/install/examples_rclcpp_cbg_executor/share/colcon-core/packages/examples_rclcpp_cbg_executor)
[2.888s] Level 1:colcon.colcon_core.environment:create_environment_scripts_only(examples_rclcpp_minimal_action_server)
[2.888s] Level 1:colcon.colcon_core.environment:checking '/home/intern1/ros2_ws/install/examples_rclcpp_minimal_action_server' for CMake module files
[2.892s] Level 1:colcon.colcon_core.environment:checking '/home/intern1/ros2_ws/install/examples_rclcpp_minimal_action_server' for CMake config files
[2.892s] Level 1:colcon.colcon_core.shell:create_environment_hook('examples_rclcpp_minimal_action_server', 'cmake_prefix_path')
[2.893s] INFO:colcon.colcon_core.shell:Creating environment hook '/home/intern1/ros2_ws/install/examples_rclcpp_minimal_action_server/share/examples_rclcpp_minimal_action_server/hook/cmake_prefix_path.ps1'
[2.894s] DEBUG:colcon.colcon_core.event_handler.log_command:Invoked command in '/home/intern1/ros2_ws/build/examples_rclcpp_minimal_action_server' returned '0': CMAKE_PREFIX_PATH=${CMAKE_PREFIX_PATH}:/home/intern1/ros2_ws/install/tb3_multi_robot:/home/intern1/ros2_ws/install/launch_testing_examples:/home/intern1/ros2_ws/install/examples_rclpy_pointcloud_publisher:/home/intern1/ros2_ws/install/examples_rclpy_minimal_subscriber:/home/intern1/ros2_ws/install/examples_rclpy_minimal_service:/home/intern1/ros2_ws/install/examples_rclpy_minimal_publisher:/home/intern1/ros2_ws/install/examples_rclpy_minimal_client:/home/intern1/ros2_ws/install/examples_rclpy_minimal_action_server:/home/intern1/ros2_ws/install/examples_rclpy_minimal_action_client:/home/intern1/ros2_ws/install/examples_rclpy_guard_conditions:/home/intern1/ros2_ws/install/examples_rclpy_executors:/home/intern1/ros2_ws/install/education_material:/home/intern1/ros2_ws/install/camera_follow:/home/intern1/ros2_ws/install/amr_ws:/opt/ros/jazzy DEBUGINFOD_URLS=https://debuginfod.ubuntu.com /usr/bin/cmake --install /home/intern1/ros2_ws/build/examples_rclcpp_minimal_action_server
[2.896s] INFO:colcon.colcon_core.shell:Creating environment descriptor '/home/intern1/ros2_ws/install/examples_rclcpp_minimal_action_server/share/examples_rclcpp_minimal_action_server/hook/cmake_prefix_path.dsv'
[2.897s] INFO:colcon.colcon_core.shell:Creating environment hook '/home/intern1/ros2_ws/install/examples_rclcpp_minimal_action_server/share/examples_rclcpp_minimal_action_server/hook/cmake_prefix_path.sh'
[2.899s] Level 1:colcon.colcon_core.environment:checking '/home/intern1/ros2_ws/install/examples_rclcpp_minimal_action_server/lib'
[2.899s] Level 1:colcon.colcon_core.environment:checking '/home/intern1/ros2_ws/install/examples_rclcpp_minimal_action_server/bin'
[2.899s] Level 1:colcon.colcon_core.environment:checking '/home/intern1/ros2_ws/install/examples_rclcpp_minimal_action_server/lib/pkgconfig/examples_rclcpp_minimal_action_server.pc'
[2.899s] Level 1:colcon.colcon_core.environment:checking '/home/intern1/ros2_ws/install/examples_rclcpp_minimal_action_server/lib/python3.12/site-packages'
[2.900s] Level 1:colcon.colcon_core.environment:checking '/home/intern1/ros2_ws/install/examples_rclcpp_minimal_action_server/bin'
[2.901s] INFO:colcon.colcon_core.shell:Creating package script '/home/intern1/ros2_ws/install/examples_rclcpp_minimal_action_server/share/examples_rclcpp_minimal_action_server/package.ps1'
[2.902s] INFO:colcon.colcon_core.shell:Creating package descriptor '/home/intern1/ros2_ws/install/examples_rclcpp_minimal_action_server/share/examples_rclcpp_minimal_action_server/package.dsv'
[2.903s] INFO:colcon.colcon_core.shell:Creating package script '/home/intern1/ros2_ws/install/examples_rclcpp_minimal_action_server/share/examples_rclcpp_minimal_action_server/package.sh'
[2.903s] INFO:colcon.colcon_core.shell:Creating package script '/home/intern1/ros2_ws/install/examples_rclcpp_minimal_action_server/share/examples_rclcpp_minimal_action_server/package.bash'
[2.904s] INFO:colcon.colcon_core.shell:Creating package script '/home/intern1/ros2_ws/install/examples_rclcpp_minimal_action_server/share/examples_rclcpp_minimal_action_server/package.zsh'
[2.905s] Level 1:colcon.colcon_core.environment:create_file_with_runtime_dependencies(/home/intern1/ros2_ws/install/examples_rclcpp_minimal_action_server/share/colcon-core/packages/examples_rclcpp_minimal_action_server)
[2.906s] Level 1:colcon.colcon_core.environment:create_environment_scripts_only(examples_rclcpp_minimal_action_server)
[2.906s] Level 1:colcon.colcon_core.environment:checking '/home/intern1/ros2_ws/install/examples_rclcpp_minimal_action_server' for CMake module files
[2.907s] Level 1:colcon.colcon_core.environment:checking '/home/intern1/ros2_ws/install/examples_rclcpp_minimal_action_server' for CMake config files
[2.908s] Level 1:colcon.colcon_core.shell:create_environment_hook('examples_rclcpp_minimal_action_server', 'cmake_prefix_path')
[2.908s] INFO:colcon.colcon_core.shell:Creating environment hook '/home/intern1/ros2_ws/install/examples_rclcpp_minimal_action_server/share/examples_rclcpp_minimal_action_server/hook/cmake_prefix_path.ps1'
[2.909s] INFO:colcon.colcon_core.shell:Creating environment descriptor '/home/intern1/ros2_ws/install/examples_rclcpp_minimal_action_server/share/examples_rclcpp_minimal_action_server/hook/cmake_prefix_path.dsv'
[2.910s] INFO:colcon.colcon_core.shell:Creating environment hook '/home/intern1/ros2_ws/install/examples_rclcpp_minimal_action_server/share/examples_rclcpp_minimal_action_server/hook/cmake_prefix_path.sh'
[2.911s] Level 1:colcon.colcon_core.environment:checking '/home/intern1/ros2_ws/install/examples_rclcpp_minimal_action_server/lib'
[2.912s] Level 1:colcon.colcon_core.environment:checking '/home/intern1/ros2_ws/install/examples_rclcpp_minimal_action_server/bin'
[2.912s] Level 1:colcon.colcon_core.environment:checking '/home/intern1/ros2_ws/install/examples_rclcpp_minimal_action_server/lib/pkgconfig/examples_rclcpp_minimal_action_server.pc'
[2.912s] Level 1:colcon.colcon_core.environment:checking '/home/intern1/ros2_ws/install/examples_rclcpp_minimal_action_server/lib/python3.12/site-packages'
[2.913s] Level 1:colcon.colcon_core.environment:checking '/home/intern1/ros2_ws/install/examples_rclcpp_minimal_action_server/bin'
[2.913s] INFO:colcon.colcon_core.shell:Creating package script '/home/intern1/ros2_ws/install/examples_rclcpp_minimal_action_server/share/examples_rclcpp_minimal_action_server/package.ps1'
[2.914s] INFO:colcon.colcon_core.shell:Creating package descriptor '/home/intern1/ros2_ws/install/examples_rclcpp_minimal_action_server/share/examples_rclcpp_minimal_action_server/package.dsv'
[2.915s] INFO:colcon.colcon_core.shell:Creating package script '/home/intern1/ros2_ws/install/examples_rclcpp_minimal_action_server/share/examples_rclcpp_minimal_action_server/package.sh'
[2.916s] INFO:colcon.colcon_core.shell:Creating package script '/home/intern1/ros2_ws/install/examples_rclcpp_minimal_action_server/share/examples_rclcpp_minimal_action_server/package.bash'
[2.917s] INFO:colcon.colcon_core.shell:Creating package script '/home/intern1/ros2_ws/install/examples_rclcpp_minimal_action_server/share/examples_rclcpp_minimal_action_server/package.zsh'
[2.918s] Level 1:colcon.colcon_core.environment:create_file_with_runtime_dependencies(/home/intern1/ros2_ws/install/examples_rclcpp_minimal_action_server/share/colcon-core/packages/examples_rclcpp_minimal_action_server)
[2.918s] Level 1:colcon.colcon_core.environment:create_environment_scripts_only(examples_rclcpp_minimal_publisher)
[2.919s] Level 1:colcon.colcon_core.environment:checking '/home/intern1/ros2_ws/install/examples_rclcpp_minimal_publisher' for CMake module files
[2.921s] DEBUG:colcon.colcon_core.event_handler.log_command:Invoked command in '/home/intern1/ros2_ws/build/examples_rclcpp_minimal_publisher' returned '0': CMAKE_PREFIX_PATH=${CMAKE_PREFIX_PATH}:/home/intern1/ros2_ws/install/tb3_multi_robot:/home/intern1/ros2_ws/install/launch_testing_examples:/home/intern1/ros2_ws/install/examples_rclpy_pointcloud_publisher:/home/intern1/ros2_ws/install/examples_rclpy_minimal_subscriber:/home/intern1/ros2_ws/install/examples_rclpy_minimal_service:/home/intern1/ros2_ws/install/examples_rclpy_minimal_publisher:/home/intern1/ros2_ws/install/examples_rclpy_minimal_client:/home/intern1/ros2_ws/install/examples_rclpy_minimal_action_server:/home/intern1/ros2_ws/install/examples_rclpy_minimal_action_client:/home/intern1/ros2_ws/install/examples_rclpy_guard_conditions:/home/intern1/ros2_ws/install/examples_rclpy_executors:/home/intern1/ros2_ws/install/education_material:/home/intern1/ros2_ws/install/camera_follow:/home/intern1/ros2_ws/install/amr_ws:/opt/ros/jazzy DEBUGINFOD_URLS=https://debuginfod.ubuntu.com /usr/bin/cmake --install /home/intern1/ros2_ws/build/examples_rclcpp_minimal_publisher
[2.922s] Level 1:colcon.colcon_core.environment:checking '/home/intern1/ros2_ws/install/examples_rclcpp_minimal_publisher' for CMake config files
[2.922s] Level 1:colcon.colcon_core.shell:create_environment_hook('examples_rclcpp_minimal_publisher', 'cmake_prefix_path')
[2.923s] INFO:colcon.colcon_core.shell:Creating environment hook '/home/intern1/ros2_ws/install/examples_rclcpp_minimal_publisher/share/examples_rclcpp_minimal_publisher/hook/cmake_prefix_path.ps1'
[2.924s] INFO:colcon.colcon_core.shell:Creating environment descriptor '/home/intern1/ros2_ws/install/examples_rclcpp_minimal_publisher/share/examples_rclcpp_minimal_publisher/hook/cmake_prefix_path.dsv'
[2.924s] INFO:colcon.colcon_core.shell:Creating environment hook '/home/intern1/ros2_ws/install/examples_rclcpp_minimal_publisher/share/examples_rclcpp_minimal_publisher/hook/cmake_prefix_path.sh'
[2.926s] Level 1:colcon.colcon_core.environment:checking '/home/intern1/ros2_ws/install/examples_rclcpp_minimal_publisher/lib'
[2.926s] Level 1:colcon.colcon_core.environment:checking '/home/intern1/ros2_ws/install/examples_rclcpp_minimal_publisher/bin'
[2.926s] Level 1:colcon.colcon_core.environment:checking '/home/intern1/ros2_ws/install/examples_rclcpp_minimal_publisher/lib/pkgconfig/examples_rclcpp_minimal_publisher.pc'
[2.927s] Level 1:colcon.colcon_core.environment:checking '/home/intern1/ros2_ws/install/examples_rclcpp_minimal_publisher/lib/python3.12/site-packages'
[2.927s] Level 1:colcon.colcon_core.environment:checking '/home/intern1/ros2_ws/install/examples_rclcpp_minimal_publisher/bin'
[2.928s] INFO:colcon.colcon_core.shell:Creating package script '/home/intern1/ros2_ws/install/examples_rclcpp_minimal_publisher/share/examples_rclcpp_minimal_publisher/package.ps1'
[2.929s] INFO:colcon.colcon_core.shell:Creating package descriptor '/home/intern1/ros2_ws/install/examples_rclcpp_minimal_publisher/share/examples_rclcpp_minimal_publisher/package.dsv'
[2.930s] INFO:colcon.colcon_core.shell:Creating package script '/home/intern1/ros2_ws/install/examples_rclcpp_minimal_publisher/share/examples_rclcpp_minimal_publisher/package.sh'
[2.931s] INFO:colcon.colcon_core.shell:Creating package script '/home/intern1/ros2_ws/install/examples_rclcpp_minimal_publisher/share/examples_rclcpp_minimal_publisher/package.bash'
[2.932s] INFO:colcon.colcon_core.shell:Creating package script '/home/intern1/ros2_ws/install/examples_rclcpp_minimal_publisher/share/examples_rclcpp_minimal_publisher/package.zsh'
[2.932s] Level 1:colcon.colcon_core.environment:create_file_with_runtime_dependencies(/home/intern1/ros2_ws/install/examples_rclcpp_minimal_publisher/share/colcon-core/packages/examples_rclcpp_minimal_publisher)
[2.933s] Level 1:colcon.colcon_core.environment:create_environment_scripts_only(examples_rclcpp_minimal_publisher)
[2.934s] Level 1:colcon.colcon_core.environment:checking '/home/intern1/ros2_ws/install/examples_rclcpp_minimal_publisher' for CMake module files
[2.935s] Level 1:colcon.colcon_core.environment:checking '/home/intern1/ros2_ws/install/examples_rclcpp_minimal_publisher' for CMake config files
[2.936s] Level 1:colcon.colcon_core.shell:create_environment_hook('examples_rclcpp_minimal_publisher', 'cmake_prefix_path')
[2.936s] INFO:colcon.colcon_core.shell:Creating environment hook '/home/intern1/ros2_ws/install/examples_rclcpp_minimal_publisher/share/examples_rclcpp_minimal_publisher/hook/cmake_prefix_path.ps1'
[2.937s] INFO:colcon.colcon_core.shell:Creating environment descriptor '/home/intern1/ros2_ws/install/examples_rclcpp_minimal_publisher/share/examples_rclcpp_minimal_publisher/hook/cmake_prefix_path.dsv'
[2.938s] INFO:colcon.colcon_core.shell:Creating environment hook '/home/intern1/ros2_ws/install/examples_rclcpp_minimal_publisher/share/examples_rclcpp_minimal_publisher/hook/cmake_prefix_path.sh'
[2.939s] Level 1:colcon.colcon_core.environment:checking '/home/intern1/ros2_ws/install/examples_rclcpp_minimal_publisher/lib'
[2.939s] Level 1:colcon.colcon_core.environment:checking '/home/intern1/ros2_ws/install/examples_rclcpp_minimal_publisher/bin'
[2.940s] Level 1:colcon.colcon_core.environment:checking '/home/intern1/ros2_ws/install/examples_rclcpp_minimal_publisher/lib/pkgconfig/examples_rclcpp_minimal_publisher.pc'
[2.940s] Level 1:colcon.colcon_core.environment:checking '/home/intern1/ros2_ws/install/examples_rclcpp_minimal_publisher/lib/python3.12/site-packages'
[2.941s] Level 1:colcon.colcon_core.environment:checking '/home/intern1/ros2_ws/install/examples_rclcpp_minimal_publisher/bin'
[2.941s] INFO:colcon.colcon_core.shell:Creating package script '/home/intern1/ros2_ws/install/examples_rclcpp_minimal_publisher/share/examples_rclcpp_minimal_publisher/package.ps1'
[2.943s] INFO:colcon.colcon_core.shell:Creating package descriptor '/home/intern1/ros2_ws/install/examples_rclcpp_minimal_publisher/share/examples_rclcpp_minimal_publisher/package.dsv'
[2.943s] INFO:colcon.colcon_core.shell:Creating package script '/home/intern1/ros2_ws/install/examples_rclcpp_minimal_publisher/share/examples_rclcpp_minimal_publisher/package.sh'
[2.944s] INFO:colcon.colcon_core.shell:Creating package script '/home/intern1/ros2_ws/install/examples_rclcpp_minimal_publisher/share/examples_rclcpp_minimal_publisher/package.bash'
[2.944s] INFO:colcon.colcon_core.shell:Creating package script '/home/intern1/ros2_ws/install/examples_rclcpp_minimal_publisher/share/examples_rclcpp_minimal_publisher/package.zsh'
[2.944s] Level 1:colcon.colcon_core.environment:create_file_with_runtime_dependencies(/home/intern1/ros2_ws/install/examples_rclcpp_minimal_publisher/share/colcon-core/packages/examples_rclcpp_minimal_publisher)
[2.947s] INFO:colcon.colcon_ros.task.ament_python.build:Building ROS package in '/home/intern1/ros2_ws/src/examples/rclpy/actions/minimal_action_client' with build type 'ament_python'
[2.947s] Level 1:colcon.colcon_core.shell:create_environment_hook('examples_rclpy_minimal_action_client', 'ament_prefix_path')
[2.948s] INFO:colcon.colcon_core.shell:Creating environment hook '/home/intern1/ros2_ws/install/examples_rclpy_minimal_action_client/share/examples_rclpy_minimal_action_client/hook/ament_prefix_path.ps1'
[2.950s] INFO:colcon.colcon_core.shell:Creating environment descriptor '/home/intern1/ros2_ws/install/examples_rclpy_minimal_action_client/share/examples_rclpy_minimal_action_client/hook/ament_prefix_path.dsv'
[2.951s] INFO:colcon.colcon_core.shell:Creating environment hook '/home/intern1/ros2_ws/install/examples_rclpy_minimal_action_client/share/examples_rclpy_minimal_action_client/hook/ament_prefix_path.sh'
[2.952s] INFO:colcon.colcon_core.shell:Skip shell extension 'powershell' for command environment: Not usable outside of PowerShell
[2.952s] DEBUG:colcon.colcon_core.shell:Skip shell extension 'dsv' for command environment
[2.967s] INFO:colcon.colcon_ros.task.ament_python.build:Building ROS package in '/home/intern1/ros2_ws/src/examples/rclpy/actions/minimal_action_server' with build type 'ament_python'
[2.967s] Level 1:colcon.colcon_core.shell:create_environment_hook('examples_rclpy_minimal_action_server', 'ament_prefix_path')
[2.968s] INFO:colcon.colcon_core.shell:Creating environment hook '/home/intern1/ros2_ws/install/examples_rclpy_minimal_action_server/share/examples_rclpy_minimal_action_server/hook/ament_prefix_path.ps1'
[2.970s] INFO:colcon.colcon_core.shell:Creating environment descriptor '/home/intern1/ros2_ws/install/examples_rclpy_minimal_action_server/share/examples_rclpy_minimal_action_server/hook/ament_prefix_path.dsv'
[2.971s] INFO:colcon.colcon_core.shell:Creating environment hook '/home/intern1/ros2_ws/install/examples_rclpy_minimal_action_server/share/examples_rclpy_minimal_action_server/hook/ament_prefix_path.sh'
[2.972s] INFO:colcon.colcon_core.shell:Skip shell extension 'powershell' for command environment: Not usable outside of PowerShell
[2.972s] DEBUG:colcon.colcon_core.shell:Skip shell extension 'dsv' for command environment
[2.987s] INFO:colcon.colcon_ros.task.ament_python.build:Building ROS package in '/home/intern1/ros2_ws/src/examples/rclpy/services/minimal_client' with build type 'ament_python'
[2.987s] Level 1:colcon.colcon_core.shell:create_environment_hook('examples_rclpy_minimal_client', 'ament_prefix_path')
[2.988s] INFO:colcon.colcon_core.shell:Creating environment hook '/home/intern1/ros2_ws/install/examples_rclpy_minimal_client/share/examples_rclpy_minimal_client/hook/ament_prefix_path.ps1'
[2.989s] INFO:colcon.colcon_core.shell:Creating environment descriptor '/home/intern1/ros2_ws/install/examples_rclpy_minimal_client/share/examples_rclpy_minimal_client/hook/ament_prefix_path.dsv'
[2.990s] INFO:colcon.colcon_core.shell:Creating environment hook '/home/intern1/ros2_ws/install/examples_rclpy_minimal_client/share/examples_rclpy_minimal_client/hook/ament_prefix_path.sh'
[2.991s] INFO:colcon.colcon_core.shell:Skip shell extension 'powershell' for command environment: Not usable outside of PowerShell
[2.991s] DEBUG:colcon.colcon_core.shell:Skip shell extension 'dsv' for command environment
[3.004s] Level 1:colcon.colcon_core.environment:create_environment_scripts_only(examples_rclcpp_minimal_timer)
[3.005s] Level 1:colcon.colcon_core.environment:checking '/home/intern1/ros2_ws/install/examples_rclcpp_minimal_timer' for CMake module files
[3.005s] DEBUG:colcon.colcon_core.event_handler.log_command:Invoked command in '/home/intern1/ros2_ws/build/examples_rclcpp_minimal_timer' returned '0': CMAKE_PREFIX_PATH=${CMAKE_PREFIX_PATH}:/home/intern1/ros2_ws/install/tb3_multi_robot:/home/intern1/ros2_ws/install/launch_testing_examples:/home/intern1/ros2_ws/install/examples_rclpy_pointcloud_publisher:/home/intern1/ros2_ws/install/examples_rclpy_minimal_subscriber:/home/intern1/ros2_ws/install/examples_rclpy_minimal_service:/home/intern1/ros2_ws/install/examples_rclpy_minimal_publisher:/home/intern1/ros2_ws/install/examples_rclpy_minimal_client:/home/intern1/ros2_ws/install/examples_rclpy_minimal_action_server:/home/intern1/ros2_ws/install/examples_rclpy_minimal_action_client:/home/intern1/ros2_ws/install/examples_rclpy_guard_conditions:/home/intern1/ros2_ws/install/examples_rclpy_executors:/home/intern1/ros2_ws/install/education_material:/home/intern1/ros2_ws/install/camera_follow:/home/intern1/ros2_ws/install/amr_ws:/opt/ros/jazzy DEBUGINFOD_URLS=https://debuginfod.ubuntu.com /usr/bin/cmake --install /home/intern1/ros2_ws/build/examples_rclcpp_minimal_timer
[3.006s] Level 1:colcon.colcon_core.environment:checking '/home/intern1/ros2_ws/install/examples_rclcpp_minimal_timer' for CMake config files
[3.006s] Level 1:colcon.colcon_core.shell:create_environment_hook('examples_rclcpp_minimal_timer', 'cmake_prefix_path')
[3.006s] INFO:colcon.colcon_core.shell:Creating environment hook '/home/intern1/ros2_ws/install/examples_rclcpp_minimal_timer/share/examples_rclcpp_minimal_timer/hook/cmake_prefix_path.ps1'
[3.007s] INFO:colcon.colcon_core.shell:Creating environment descriptor '/home/intern1/ros2_ws/install/examples_rclcpp_minimal_timer/share/examples_rclcpp_minimal_timer/hook/cmake_prefix_path.dsv'
[3.008s] INFO:colcon.colcon_core.shell:Creating environment hook '/home/intern1/ros2_ws/install/examples_rclcpp_minimal_timer/share/examples_rclcpp_minimal_timer/hook/cmake_prefix_path.sh'
[3.009s] Level 1:colcon.colcon_core.environment:checking '/home/intern1/ros2_ws/install/examples_rclcpp_minimal_timer/lib'
[3.009s] Level 1:colcon.colcon_core.environment:checking '/home/intern1/ros2_ws/install/examples_rclcpp_minimal_timer/bin'
[3.009s] Level 1:colcon.colcon_core.environment:checking '/home/intern1/ros2_ws/install/examples_rclcpp_minimal_timer/lib/pkgconfig/examples_rclcpp_minimal_timer.pc'
[3.009s] Level 1:colcon.colcon_core.environment:checking '/home/intern1/ros2_ws/install/examples_rclcpp_minimal_timer/lib/python3.12/site-packages'
[3.010s] Level 1:colcon.colcon_core.environment:checking '/home/intern1/ros2_ws/install/examples_rclcpp_minimal_timer/bin'
[3.010s] INFO:colcon.colcon_core.shell:Creating package script '/home/intern1/ros2_ws/install/examples_rclcpp_minimal_timer/share/examples_rclcpp_minimal_timer/package.ps1'
[3.011s] INFO:colcon.colcon_core.shell:Creating package descriptor '/home/intern1/ros2_ws/install/examples_rclcpp_minimal_timer/share/examples_rclcpp_minimal_timer/package.dsv'
[3.012s] INFO:colcon.colcon_core.shell:Creating package script '/home/intern1/ros2_ws/install/examples_rclcpp_minimal_timer/share/examples_rclcpp_minimal_timer/package.sh'
[3.012s] INFO:colcon.colcon_core.shell:Creating package script '/home/intern1/ros2_ws/install/examples_rclcpp_minimal_timer/share/examples_rclcpp_minimal_timer/package.bash'
[3.012s] INFO:colcon.colcon_core.shell:Creating package script '/home/intern1/ros2_ws/install/examples_rclcpp_minimal_timer/share/examples_rclcpp_minimal_timer/package.zsh'
[3.013s] Level 1:colcon.colcon_core.environment:create_file_with_runtime_dependencies(/home/intern1/ros2_ws/install/examples_rclcpp_minimal_timer/share/colcon-core/packages/examples_rclcpp_minimal_timer)
[3.014s] Level 1:colcon.colcon_core.environment:create_environment_scripts_only(examples_rclcpp_minimal_timer)
[3.014s] Level 1:colcon.colcon_core.environment:checking '/home/intern1/ros2_ws/install/examples_rclcpp_minimal_timer' for CMake module files
[3.014s] Level 1:colcon.colcon_core.environment:checking '/home/intern1/ros2_ws/install/examples_rclcpp_minimal_timer' for CMake config files
[3.015s] Level 1:colcon.colcon_core.shell:create_environment_hook('examples_rclcpp_minimal_timer', 'cmake_prefix_path')
[3.015s] INFO:colcon.colcon_core.shell:Creating environment hook '/home/intern1/ros2_ws/install/examples_rclcpp_minimal_timer/share/examples_rclcpp_minimal_timer/hook/cmake_prefix_path.ps1'
[3.015s] INFO:colcon.colcon_core.shell:Creating environment descriptor '/home/intern1/ros2_ws/install/examples_rclcpp_minimal_timer/share/examples_rclcpp_minimal_timer/hook/cmake_prefix_path.dsv'
[3.016s] INFO:colcon.colcon_core.shell:Creating environment hook '/home/intern1/ros2_ws/install/examples_rclcpp_minimal_timer/share/examples_rclcpp_minimal_timer/hook/cmake_prefix_path.sh'
[3.016s] Level 1:colcon.colcon_core.environment:checking '/home/intern1/ros2_ws/install/examples_rclcpp_minimal_timer/lib'
[3.017s] Level 1:colcon.colcon_core.environment:checking '/home/intern1/ros2_ws/install/examples_rclcpp_minimal_timer/bin'
[3.017s] Level 1:colcon.colcon_core.environment:checking '/home/intern1/ros2_ws/install/examples_rclcpp_minimal_timer/lib/pkgconfig/examples_rclcpp_minimal_timer.pc'
[3.017s] Level 1:colcon.colcon_core.environment:checking '/home/intern1/ros2_ws/install/examples_rclcpp_minimal_timer/lib/python3.12/site-packages'
[3.017s] Level 1:colcon.colcon_core.environment:checking '/home/intern1/ros2_ws/install/examples_rclcpp_minimal_timer/bin'
[3.018s] INFO:colcon.colcon_core.shell:Creating package script '/home/intern1/ros2_ws/install/examples_rclcpp_minimal_timer/share/examples_rclcpp_minimal_timer/package.ps1'
[3.018s] INFO:colcon.colcon_core.shell:Creating package descriptor '/home/intern1/ros2_ws/install/examples_rclcpp_minimal_timer/share/examples_rclcpp_minimal_timer/package.dsv'
[3.019s] INFO:colcon.colcon_core.shell:Creating package script '/home/intern1/ros2_ws/install/examples_rclcpp_minimal_timer/share/examples_rclcpp_minimal_timer/package.sh'
[3.019s] INFO:colcon.colcon_core.shell:Creating package script '/home/intern1/ros2_ws/install/examples_rclcpp_minimal_timer/share/examples_rclcpp_minimal_timer/package.bash'
[3.020s] INFO:colcon.colcon_core.shell:Creating package script '/home/intern1/ros2_ws/install/examples_rclcpp_minimal_timer/share/examples_rclcpp_minimal_timer/package.zsh'
[3.020s] Level 1:colcon.colcon_core.environment:create_file_with_runtime_dependencies(/home/intern1/ros2_ws/install/examples_rclcpp_minimal_timer/share/colcon-core/packages/examples_rclcpp_minimal_timer)
[3.021s] Level 1:colcon.colcon_core.environment:create_environment_scripts_only(examples_rclcpp_minimal_service)
[3.021s] Level 1:colcon.colcon_core.environment:checking '/home/intern1/ros2_ws/install/examples_rclcpp_minimal_service' for CMake module files
[3.022s] Level 1:colcon.colcon_core.environment:checking '/home/intern1/ros2_ws/install/examples_rclcpp_minimal_service' for CMake config files
[3.023s] Level 1:colcon.colcon_core.shell:create_environment_hook('examples_rclcpp_minimal_service', 'cmake_prefix_path')
[3.023s] INFO:colcon.colcon_core.shell:Creating environment hook '/home/intern1/ros2_ws/install/examples_rclcpp_minimal_service/share/examples_rclcpp_minimal_service/hook/cmake_prefix_path.ps1'
[3.023s] DEBUG:colcon.colcon_core.event_handler.log_command:Invoked command in '/home/intern1/ros2_ws/build/examples_rclcpp_minimal_service' returned '0': CMAKE_PREFIX_PATH=${CMAKE_PREFIX_PATH}:/home/intern1/ros2_ws/install/tb3_multi_robot:/home/intern1/ros2_ws/install/launch_testing_examples:/home/intern1/ros2_ws/install/examples_rclpy_pointcloud_publisher:/home/intern1/ros2_ws/install/examples_rclpy_minimal_subscriber:/home/intern1/ros2_ws/install/examples_rclpy_minimal_service:/home/intern1/ros2_ws/install/examples_rclpy_minimal_publisher:/home/intern1/ros2_ws/install/examples_rclpy_minimal_client:/home/intern1/ros2_ws/install/examples_rclpy_minimal_action_server:/home/intern1/ros2_ws/install/examples_rclpy_minimal_action_client:/home/intern1/ros2_ws/install/examples_rclpy_guard_conditions:/home/intern1/ros2_ws/install/examples_rclpy_executors:/home/intern1/ros2_ws/install/education_material:/home/intern1/ros2_ws/install/camera_follow:/home/intern1/ros2_ws/install/amr_ws:/opt/ros/jazzy DEBUGINFOD_URLS=https://debuginfod.ubuntu.com /usr/bin/cmake --install /home/intern1/ros2_ws/build/examples_rclcpp_minimal_service
[3.024s] INFO:colcon.colcon_core.shell:Creating environment descriptor '/home/intern1/ros2_ws/install/examples_rclcpp_minimal_service/share/examples_rclcpp_minimal_service/hook/cmake_prefix_path.dsv'
[3.024s] INFO:colcon.colcon_core.shell:Creating environment hook '/home/intern1/ros2_ws/install/examples_rclcpp_minimal_service/share/examples_rclcpp_minimal_service/hook/cmake_prefix_path.sh'
[3.025s] Level 1:colcon.colcon_core.environment:checking '/home/intern1/ros2_ws/install/examples_rclcpp_minimal_service/lib'
[3.025s] Level 1:colcon.colcon_core.environment:checking '/home/intern1/ros2_ws/install/examples_rclcpp_minimal_service/bin'
[3.025s] Level 1:colcon.colcon_core.environment:checking '/home/intern1/ros2_ws/install/examples_rclcpp_minimal_service/lib/pkgconfig/examples_rclcpp_minimal_service.pc'
[3.026s] Level 1:colcon.colcon_core.environment:checking '/home/intern1/ros2_ws/install/examples_rclcpp_minimal_service/lib/python3.12/site-packages'
[3.026s] Level 1:colcon.colcon_core.environment:checking '/home/intern1/ros2_ws/install/examples_rclcpp_minimal_service/bin'
[3.027s] INFO:colcon.colcon_core.shell:Creating package script '/home/intern1/ros2_ws/install/examples_rclcpp_minimal_service/share/examples_rclcpp_minimal_service/package.ps1'
[3.028s] INFO:colcon.colcon_core.shell:Creating package descriptor '/home/intern1/ros2_ws/install/examples_rclcpp_minimal_service/share/examples_rclcpp_minimal_service/package.dsv'
[3.028s] INFO:colcon.colcon_core.shell:Creating package script '/home/intern1/ros2_ws/install/examples_rclcpp_minimal_service/share/examples_rclcpp_minimal_service/package.sh'
[3.028s] INFO:colcon.colcon_core.shell:Creating package script '/home/intern1/ros2_ws/install/examples_rclcpp_minimal_service/share/examples_rclcpp_minimal_service/package.bash'
[3.029s] INFO:colcon.colcon_core.shell:Creating package script '/home/intern1/ros2_ws/install/examples_rclcpp_minimal_service/share/examples_rclcpp_minimal_service/package.zsh'
[3.029s] Level 1:colcon.colcon_core.environment:create_file_with_runtime_dependencies(/home/intern1/ros2_ws/install/examples_rclcpp_minimal_service/share/colcon-core/packages/examples_rclcpp_minimal_service)
[3.030s] Level 1:colcon.colcon_core.environment:create_environment_scripts_only(examples_rclcpp_minimal_service)
[3.030s] Level 1:colcon.colcon_core.environment:checking '/home/intern1/ros2_ws/install/examples_rclcpp_minimal_service' for CMake module files
[3.031s] Level 1:colcon.colcon_core.environment:checking '/home/intern1/ros2_ws/install/examples_rclcpp_minimal_service' for CMake config files
[3.031s] Level 1:colcon.colcon_core.shell:create_environment_hook('examples_rclcpp_minimal_service', 'cmake_prefix_path')
[3.031s] INFO:colcon.colcon_core.shell:Creating environment hook '/home/intern1/ros2_ws/install/examples_rclcpp_minimal_service/share/examples_rclcpp_minimal_service/hook/cmake_prefix_path.ps1'
[3.032s] INFO:colcon.colcon_core.shell:Creating environment descriptor '/home/intern1/ros2_ws/install/examples_rclcpp_minimal_service/share/examples_rclcpp_minimal_service/hook/cmake_prefix_path.dsv'
[3.032s] INFO:colcon.colcon_core.shell:Creating environment hook '/home/intern1/ros2_ws/install/examples_rclcpp_minimal_service/share/examples_rclcpp_minimal_service/hook/cmake_prefix_path.sh'
[3.033s] Level 1:colcon.colcon_core.environment:checking '/home/intern1/ros2_ws/install/examples_rclcpp_minimal_service/lib'
[3.033s] Level 1:colcon.colcon_core.environment:checking '/home/intern1/ros2_ws/install/examples_rclcpp_minimal_service/bin'
[3.033s] Level 1:colcon.colcon_core.environment:checking '/home/intern1/ros2_ws/install/examples_rclcpp_minimal_service/lib/pkgconfig/examples_rclcpp_minimal_service.pc'
[3.033s] Level 1:colcon.colcon_core.environment:checking '/home/intern1/ros2_ws/install/examples_rclcpp_minimal_service/lib/python3.12/site-packages'
[3.034s] Level 1:colcon.colcon_core.environment:checking '/home/intern1/ros2_ws/install/examples_rclcpp_minimal_service/bin'
[3.034s] INFO:colcon.colcon_core.shell:Creating package script '/home/intern1/ros2_ws/install/examples_rclcpp_minimal_service/share/examples_rclcpp_minimal_service/package.ps1'
[3.035s] INFO:colcon.colcon_core.shell:Creating package descriptor '/home/intern1/ros2_ws/install/examples_rclcpp_minimal_service/share/examples_rclcpp_minimal_service/package.dsv'
[3.035s] INFO:colcon.colcon_core.shell:Creating package script '/home/intern1/ros2_ws/install/examples_rclcpp_minimal_service/share/examples_rclcpp_minimal_service/package.sh'
[3.036s] INFO:colcon.colcon_core.shell:Creating package script '/home/intern1/ros2_ws/install/examples_rclcpp_minimal_service/share/examples_rclcpp_minimal_service/package.bash'
[3.036s] INFO:colcon.colcon_core.shell:Creating package script '/home/intern1/ros2_ws/install/examples_rclcpp_minimal_service/share/examples_rclcpp_minimal_service/package.zsh'
[3.037s] Level 1:colcon.colcon_core.environment:create_file_with_runtime_dependencies(/home/intern1/ros2_ws/install/examples_rclcpp_minimal_service/share/colcon-core/packages/examples_rclcpp_minimal_service)
[3.037s] Level 1:colcon.colcon_core.environment:create_environment_scripts_only(examples_rclcpp_minimal_subscriber)
[3.037s] Level 1:colcon.colcon_core.environment:checking '/home/intern1/ros2_ws/install/examples_rclcpp_minimal_subscriber' for CMake module files
[3.038s] Level 1:colcon.colcon_core.environment:checking '/home/intern1/ros2_ws/install/examples_rclcpp_minimal_subscriber' for CMake config files
[3.039s] DEBUG:colcon.colcon_core.event_handler.log_command:Invoked command in '/home/intern1/ros2_ws/build/examples_rclcpp_minimal_subscriber' returned '0': CMAKE_PREFIX_PATH=${CMAKE_PREFIX_PATH}:/home/intern1/ros2_ws/install/tb3_multi_robot:/home/intern1/ros2_ws/install/launch_testing_examples:/home/intern1/ros2_ws/install/examples_rclpy_pointcloud_publisher:/home/intern1/ros2_ws/install/examples_rclpy_minimal_subscriber:/home/intern1/ros2_ws/install/examples_rclpy_minimal_service:/home/intern1/ros2_ws/install/examples_rclpy_minimal_publisher:/home/intern1/ros2_ws/install/examples_rclpy_minimal_client:/home/intern1/ros2_ws/install/examples_rclpy_minimal_action_server:/home/intern1/ros2_ws/install/examples_rclpy_minimal_action_client:/home/intern1/ros2_ws/install/examples_rclpy_guard_conditions:/home/intern1/ros2_ws/install/examples_rclpy_executors:/home/intern1/ros2_ws/install/education_material:/home/intern1/ros2_ws/install/camera_follow:/home/intern1/ros2_ws/install/amr_ws:/opt/ros/jazzy DEBUGINFOD_URLS=https://debuginfod.ubuntu.com /usr/bin/cmake --install /home/intern1/ros2_ws/build/examples_rclcpp_minimal_subscriber
[3.039s] Level 1:colcon.colcon_core.shell:create_environment_hook('examples_rclcpp_minimal_subscriber', 'cmake_prefix_path')
[3.039s] INFO:colcon.colcon_core.shell:Creating environment hook '/home/intern1/ros2_ws/install/examples_rclcpp_minimal_subscriber/share/examples_rclcpp_minimal_subscriber/hook/cmake_prefix_path.ps1'
[3.040s] INFO:colcon.colcon_core.shell:Creating environment descriptor '/home/intern1/ros2_ws/install/examples_rclcpp_minimal_subscriber/share/examples_rclcpp_minimal_subscriber/hook/cmake_prefix_path.dsv'
[3.040s] INFO:colcon.colcon_core.shell:Creating environment hook '/home/intern1/ros2_ws/install/examples_rclcpp_minimal_subscriber/share/examples_rclcpp_minimal_subscriber/hook/cmake_prefix_path.sh'
[3.041s] Level 1:colcon.colcon_core.environment:checking '/home/intern1/ros2_ws/install/examples_rclcpp_minimal_subscriber/lib'
[3.041s] Level 1:colcon.colcon_core.shell:create_environment_hook('examples_rclcpp_minimal_subscriber', 'ld_library_path_lib')
[3.041s] INFO:colcon.colcon_core.shell:Creating environment hook '/home/intern1/ros2_ws/install/examples_rclcpp_minimal_subscriber/share/examples_rclcpp_minimal_subscriber/hook/ld_library_path_lib.ps1'
[3.042s] INFO:colcon.colcon_core.shell:Creating environment descriptor '/home/intern1/ros2_ws/install/examples_rclcpp_minimal_subscriber/share/examples_rclcpp_minimal_subscriber/hook/ld_library_path_lib.dsv'
[3.042s] INFO:colcon.colcon_core.shell:Creating environment hook '/home/intern1/ros2_ws/install/examples_rclcpp_minimal_subscriber/share/examples_rclcpp_minimal_subscriber/hook/ld_library_path_lib.sh'
[3.043s] Level 1:colcon.colcon_core.environment:checking '/home/intern1/ros2_ws/install/examples_rclcpp_minimal_subscriber/bin'
[3.043s] Level 1:colcon.colcon_core.environment:checking '/home/intern1/ros2_ws/install/examples_rclcpp_minimal_subscriber/lib/pkgconfig/examples_rclcpp_minimal_subscriber.pc'
[3.043s] Level 1:colcon.colcon_core.environment:checking '/home/intern1/ros2_ws/install/examples_rclcpp_minimal_subscriber/lib/python3.12/site-packages'
[3.043s] Level 1:colcon.colcon_core.environment:checking '/home/intern1/ros2_ws/install/examples_rclcpp_minimal_subscriber/bin'
[3.044s] INFO:colcon.colcon_core.shell:Creating package script '/home/intern1/ros2_ws/install/examples_rclcpp_minimal_subscriber/share/examples_rclcpp_minimal_subscriber/package.ps1'
[3.044s] INFO:colcon.colcon_core.shell:Creating package descriptor '/home/intern1/ros2_ws/install/examples_rclcpp_minimal_subscriber/share/examples_rclcpp_minimal_subscriber/package.dsv'
[3.045s] INFO:colcon.colcon_core.shell:Creating package script '/home/intern1/ros2_ws/install/examples_rclcpp_minimal_subscriber/share/examples_rclcpp_minimal_subscriber/package.sh'
[3.046s] INFO:colcon.colcon_core.shell:Creating package script '/home/intern1/ros2_ws/install/examples_rclcpp_minimal_subscriber/share/examples_rclcpp_minimal_subscriber/package.bash'
[3.046s] INFO:colcon.colcon_core.shell:Creating package script '/home/intern1/ros2_ws/install/examples_rclcpp_minimal_subscriber/share/examples_rclcpp_minimal_subscriber/package.zsh'
[3.046s] Level 1:colcon.colcon_core.environment:create_file_with_runtime_dependencies(/home/intern1/ros2_ws/install/examples_rclcpp_minimal_subscriber/share/colcon-core/packages/examples_rclcpp_minimal_subscriber)
[3.047s] Level 1:colcon.colcon_core.environment:create_environment_scripts_only(examples_rclcpp_minimal_subscriber)
[3.047s] Level 1:colcon.colcon_core.environment:checking '/home/intern1/ros2_ws/install/examples_rclcpp_minimal_subscriber' for CMake module files
[3.048s] Level 1:colcon.colcon_core.environment:checking '/home/intern1/ros2_ws/install/examples_rclcpp_minimal_subscriber' for CMake config files
[3.048s] Level 1:colcon.colcon_core.shell:create_environment_hook('examples_rclcpp_minimal_subscriber', 'cmake_prefix_path')
[3.048s] INFO:colcon.colcon_core.shell:Creating environment hook '/home/intern1/ros2_ws/install/examples_rclcpp_minimal_subscriber/share/examples_rclcpp_minimal_subscriber/hook/cmake_prefix_path.ps1'
[3.049s] INFO:colcon.colcon_core.shell:Creating environment descriptor '/home/intern1/ros2_ws/install/examples_rclcpp_minimal_subscriber/share/examples_rclcpp_minimal_subscriber/hook/cmake_prefix_path.dsv'
[3.049s] INFO:colcon.colcon_core.shell:Creating environment hook '/home/intern1/ros2_ws/install/examples_rclcpp_minimal_subscriber/share/examples_rclcpp_minimal_subscriber/hook/cmake_prefix_path.sh'
[3.050s] Level 1:colcon.colcon_core.environment:checking '/home/intern1/ros2_ws/install/examples_rclcpp_minimal_subscriber/lib'
[3.050s] Level 1:colcon.colcon_core.shell:create_environment_hook('examples_rclcpp_minimal_subscriber', 'ld_library_path_lib')
[3.050s] INFO:colcon.colcon_core.shell:Creating environment hook '/home/intern1/ros2_ws/install/examples_rclcpp_minimal_subscriber/share/examples_rclcpp_minimal_subscriber/hook/ld_library_path_lib.ps1'
[3.051s] INFO:colcon.colcon_core.shell:Creating environment descriptor '/home/intern1/ros2_ws/install/examples_rclcpp_minimal_subscriber/share/examples_rclcpp_minimal_subscriber/hook/ld_library_path_lib.dsv'
[3.051s] INFO:colcon.colcon_core.shell:Creating environment hook '/home/intern1/ros2_ws/install/examples_rclcpp_minimal_subscriber/share/examples_rclcpp_minimal_subscriber/hook/ld_library_path_lib.sh'
[3.052s] Level 1:colcon.colcon_core.environment:checking '/home/intern1/ros2_ws/install/examples_rclcpp_minimal_subscriber/bin'
[3.052s] Level 1:colcon.colcon_core.environment:checking '/home/intern1/ros2_ws/install/examples_rclcpp_minimal_subscriber/lib/pkgconfig/examples_rclcpp_minimal_subscriber.pc'
[3.053s] Level 1:colcon.colcon_core.environment:checking '/home/intern1/ros2_ws/install/examples_rclcpp_minimal_subscriber/lib/python3.12/site-packages'
[3.053s] Level 1:colcon.colcon_core.environment:checking '/home/intern1/ros2_ws/install/examples_rclcpp_minimal_subscriber/bin'
[3.054s] INFO:colcon.colcon_core.shell:Creating package script '/home/intern1/ros2_ws/install/examples_rclcpp_minimal_subscriber/share/examples_rclcpp_minimal_subscriber/package.ps1'
[3.054s] INFO:colcon.colcon_core.shell:Creating package descriptor '/home/intern1/ros2_ws/install/examples_rclcpp_minimal_subscriber/share/examples_rclcpp_minimal_subscriber/package.dsv'
[3.055s] INFO:colcon.colcon_core.shell:Creating package script '/home/intern1/ros2_ws/install/examples_rclcpp_minimal_subscriber/share/examples_rclcpp_minimal_subscriber/package.sh'
[3.055s] INFO:colcon.colcon_core.shell:Creating package script '/home/intern1/ros2_ws/install/examples_rclcpp_minimal_subscriber/share/examples_rclcpp_minimal_subscriber/package.bash'
[3.056s] INFO:colcon.colcon_core.shell:Creating package script '/home/intern1/ros2_ws/install/examples_rclcpp_minimal_subscriber/share/examples_rclcpp_minimal_subscriber/package.zsh'
[3.056s] Level 1:colcon.colcon_core.environment:create_file_with_runtime_dependencies(/home/intern1/ros2_ws/install/examples_rclcpp_minimal_subscriber/share/colcon-core/packages/examples_rclcpp_minimal_subscriber)
[3.060s] INFO:colcon.colcon_ros.task.ament_python.build:Building ROS package in '/home/intern1/ros2_ws/src/examples/rclpy/topics/minimal_publisher' with build type 'ament_python'
[3.060s] Level 1:colcon.colcon_core.shell:create_environment_hook('examples_rclpy_minimal_publisher', 'ament_prefix_path')
[3.060s] INFO:colcon.colcon_core.shell:Creating environment hook '/home/intern1/ros2_ws/install/examples_rclpy_minimal_publisher/share/examples_rclpy_minimal_publisher/hook/ament_prefix_path.ps1'
[3.061s] INFO:colcon.colcon_core.shell:Creating environment descriptor '/home/intern1/ros2_ws/install/examples_rclpy_minimal_publisher/share/examples_rclpy_minimal_publisher/hook/ament_prefix_path.dsv'
[3.062s] INFO:colcon.colcon_core.shell:Creating environment hook '/home/intern1/ros2_ws/install/examples_rclpy_minimal_publisher/share/examples_rclpy_minimal_publisher/hook/ament_prefix_path.sh'
[3.062s] INFO:colcon.colcon_core.shell:Skip shell extension 'powershell' for command environment: Not usable outside of PowerShell
[3.063s] DEBUG:colcon.colcon_core.shell:Skip shell extension 'dsv' for command environment
[3.070s] INFO:colcon.colcon_ros.task.ament_python.build:Building ROS package in '/home/intern1/ros2_ws/src/examples/rclpy/services/minimal_service' with build type 'ament_python'
[3.070s] Level 1:colcon.colcon_core.shell:create_environment_hook('examples_rclpy_minimal_service', 'ament_prefix_path')
[3.070s] INFO:colcon.colcon_core.shell:Creating environment hook '/home/intern1/ros2_ws/install/examples_rclpy_minimal_service/share/examples_rclpy_minimal_service/hook/ament_prefix_path.ps1'
[3.071s] INFO:colcon.colcon_core.shell:Creating environment descriptor '/home/intern1/ros2_ws/install/examples_rclpy_minimal_service/share/examples_rclpy_minimal_service/hook/ament_prefix_path.dsv'
[3.072s] INFO:colcon.colcon_core.shell:Creating environment hook '/home/intern1/ros2_ws/install/examples_rclpy_minimal_service/share/examples_rclpy_minimal_service/hook/ament_prefix_path.sh'
[3.072s] INFO:colcon.colcon_core.shell:Skip shell extension 'powershell' for command environment: Not usable outside of PowerShell
[3.072s] DEBUG:colcon.colcon_core.shell:Skip shell extension 'dsv' for command environment
[3.082s] INFO:colcon.colcon_ros.task.ament_python.build:Building ROS package in '/home/intern1/ros2_ws/src/examples/rclpy/topics/minimal_subscriber' with build type 'ament_python'
[3.082s] Level 1:colcon.colcon_core.shell:create_environment_hook('examples_rclpy_minimal_subscriber', 'ament_prefix_path')
[3.083s] INFO:colcon.colcon_core.shell:Creating environment hook '/home/intern1/ros2_ws/install/examples_rclpy_minimal_subscriber/share/examples_rclpy_minimal_subscriber/hook/ament_prefix_path.ps1'
[3.084s] INFO:colcon.colcon_core.shell:Creating environment descriptor '/home/intern1/ros2_ws/install/examples_rclpy_minimal_subscriber/share/examples_rclpy_minimal_subscriber/hook/ament_prefix_path.dsv'
[3.084s] INFO:colcon.colcon_core.shell:Creating environment hook '/home/intern1/ros2_ws/install/examples_rclpy_minimal_subscriber/share/examples_rclpy_minimal_subscriber/hook/ament_prefix_path.sh'
[3.085s] INFO:colcon.colcon_core.shell:Skip shell extension 'powershell' for command environment: Not usable outside of PowerShell
[3.085s] DEBUG:colcon.colcon_core.shell:Skip shell extension 'dsv' for command environment
[3.413s] INFO:colcon.colcon_core.task.python.build:Building Python package in '/home/intern1/ros2_ws/src/examples/rclpy/guard_conditions'
[3.414s] INFO:colcon.colcon_core.shell:Skip shell extension 'powershell' for command environment: Not usable outside of PowerShell
[3.414s] DEBUG:colcon.colcon_core.shell:Skip shell extension 'dsv' for command environment
[3.428s] Level 1:colcon.colcon_core.environment:create_environment_scripts_only(examples_rclcpp_minimal_composition)
[3.428s] Level 1:colcon.colcon_core.environment:checking '/home/intern1/ros2_ws/install/examples_rclcpp_minimal_composition' for CMake module files
[3.430s] DEBUG:colcon.colcon_core.event_handler.log_command:Invoked command in '/home/intern1/ros2_ws/build/examples_rclcpp_minimal_composition' returned '0': CMAKE_PREFIX_PATH=${CMAKE_PREFIX_PATH}:/home/intern1/ros2_ws/install/tb3_multi_robot:/home/intern1/ros2_ws/install/launch_testing_examples:/home/intern1/ros2_ws/install/examples_rclpy_pointcloud_publisher:/home/intern1/ros2_ws/install/examples_rclpy_minimal_subscriber:/home/intern1/ros2_ws/install/examples_rclpy_minimal_service:/home/intern1/ros2_ws/install/examples_rclpy_minimal_publisher:/home/intern1/ros2_ws/install/examples_rclpy_minimal_client:/home/intern1/ros2_ws/install/examples_rclpy_minimal_action_server:/home/intern1/ros2_ws/install/examples_rclpy_minimal_action_client:/home/intern1/ros2_ws/install/examples_rclpy_guard_conditions:/home/intern1/ros2_ws/install/examples_rclpy_executors:/home/intern1/ros2_ws/install/education_material:/home/intern1/ros2_ws/install/camera_follow:/home/intern1/ros2_ws/install/amr_ws:/opt/ros/jazzy DEBUGINFOD_URLS=https://debuginfod.ubuntu.com /usr/bin/cmake --install /home/intern1/ros2_ws/build/examples_rclcpp_minimal_composition
[3.430s] Level 1:colcon.colcon_core.environment:checking '/home/intern1/ros2_ws/install/examples_rclcpp_minimal_composition' for CMake config files
[3.431s] Level 1:colcon.colcon_core.shell:create_environment_hook('examples_rclcpp_minimal_composition', 'cmake_prefix_path')
[3.431s] INFO:colcon.colcon_core.shell:Creating environment hook '/home/intern1/ros2_ws/install/examples_rclcpp_minimal_composition/share/examples_rclcpp_minimal_composition/hook/cmake_prefix_path.ps1'
[3.432s] INFO:colcon.colcon_core.shell:Creating environment descriptor '/home/intern1/ros2_ws/install/examples_rclcpp_minimal_composition/share/examples_rclcpp_minimal_composition/hook/cmake_prefix_path.dsv'
[3.432s] INFO:colcon.colcon_core.shell:Creating environment hook '/home/intern1/ros2_ws/install/examples_rclcpp_minimal_composition/share/examples_rclcpp_minimal_composition/hook/cmake_prefix_path.sh'
[3.433s] Level 1:colcon.colcon_core.environment:checking '/home/intern1/ros2_ws/install/examples_rclcpp_minimal_composition/lib'
[3.433s] Level 1:colcon.colcon_core.shell:create_environment_hook('examples_rclcpp_minimal_composition', 'ld_library_path_lib')
[3.433s] INFO:colcon.colcon_core.shell:Creating environment hook '/home/intern1/ros2_ws/install/examples_rclcpp_minimal_composition/share/examples_rclcpp_minimal_composition/hook/ld_library_path_lib.ps1'
[3.434s] INFO:colcon.colcon_core.shell:Creating environment descriptor '/home/intern1/ros2_ws/install/examples_rclcpp_minimal_composition/share/examples_rclcpp_minimal_composition/hook/ld_library_path_lib.dsv'
[3.435s] INFO:colcon.colcon_core.shell:Creating environment hook '/home/intern1/ros2_ws/install/examples_rclcpp_minimal_composition/share/examples_rclcpp_minimal_composition/hook/ld_library_path_lib.sh'
[3.435s] Level 1:colcon.colcon_core.environment:checking '/home/intern1/ros2_ws/install/examples_rclcpp_minimal_composition/bin'
[3.435s] Level 1:colcon.colcon_core.environment:checking '/home/intern1/ros2_ws/install/examples_rclcpp_minimal_composition/lib/pkgconfig/examples_rclcpp_minimal_composition.pc'
[3.436s] Level 1:colcon.colcon_core.environment:checking '/home/intern1/ros2_ws/install/examples_rclcpp_minimal_composition/lib/python3.12/site-packages'
[3.436s] Level 1:colcon.colcon_core.environment:checking '/home/intern1/ros2_ws/install/examples_rclcpp_minimal_composition/bin'
[3.436s] INFO:colcon.colcon_core.shell:Creating package script '/home/intern1/ros2_ws/install/examples_rclcpp_minimal_composition/share/examples_rclcpp_minimal_composition/package.ps1'
[3.437s] INFO:colcon.colcon_core.shell:Creating package descriptor '/home/intern1/ros2_ws/install/examples_rclcpp_minimal_composition/share/examples_rclcpp_minimal_composition/package.dsv'
[3.438s] INFO:colcon.colcon_core.shell:Creating package script '/home/intern1/ros2_ws/install/examples_rclcpp_minimal_composition/share/examples_rclcpp_minimal_composition/package.sh'
[3.438s] INFO:colcon.colcon_core.shell:Creating package script '/home/intern1/ros2_ws/install/examples_rclcpp_minimal_composition/share/examples_rclcpp_minimal_composition/package.bash'
[3.438s] INFO:colcon.colcon_core.shell:Creating package script '/home/intern1/ros2_ws/install/examples_rclcpp_minimal_composition/share/examples_rclcpp_minimal_composition/package.zsh'
[3.439s] Level 1:colcon.colcon_core.environment:create_file_with_runtime_dependencies(/home/intern1/ros2_ws/install/examples_rclcpp_minimal_composition/share/colcon-core/packages/examples_rclcpp_minimal_composition)
[3.439s] Level 1:colcon.colcon_core.environment:create_environment_scripts_only(examples_rclcpp_minimal_composition)
[3.439s] Level 1:colcon.colcon_core.environment:checking '/home/intern1/ros2_ws/install/examples_rclcpp_minimal_composition' for CMake module files
[3.440s] Level 1:colcon.colcon_core.environment:checking '/home/intern1/ros2_ws/install/examples_rclcpp_minimal_composition' for CMake config files
[3.440s] Level 1:colcon.colcon_core.shell:create_environment_hook('examples_rclcpp_minimal_composition', 'cmake_prefix_path')
[3.441s] INFO:colcon.colcon_core.shell:Creating environment hook '/home/intern1/ros2_ws/install/examples_rclcpp_minimal_composition/share/examples_rclcpp_minimal_composition/hook/cmake_prefix_path.ps1'
[3.441s] INFO:colcon.colcon_core.shell:Creating environment descriptor '/home/intern1/ros2_ws/install/examples_rclcpp_minimal_composition/share/examples_rclcpp_minimal_composition/hook/cmake_prefix_path.dsv'
[3.441s] INFO:colcon.colcon_core.shell:Creating environment hook '/home/intern1/ros2_ws/install/examples_rclcpp_minimal_composition/share/examples_rclcpp_minimal_composition/hook/cmake_prefix_path.sh'
[3.442s] Level 1:colcon.colcon_core.environment:checking '/home/intern1/ros2_ws/install/examples_rclcpp_minimal_composition/lib'
[3.442s] Level 1:colcon.colcon_core.shell:create_environment_hook('examples_rclcpp_minimal_composition', 'ld_library_path_lib')
[3.442s] INFO:colcon.colcon_core.shell:Creating environment hook '/home/intern1/ros2_ws/install/examples_rclcpp_minimal_composition/share/examples_rclcpp_minimal_composition/hook/ld_library_path_lib.ps1'
[3.443s] INFO:colcon.colcon_core.shell:Creating environment descriptor '/home/intern1/ros2_ws/install/examples_rclcpp_minimal_composition/share/examples_rclcpp_minimal_composition/hook/ld_library_path_lib.dsv'
[3.443s] INFO:colcon.colcon_core.shell:Creating environment hook '/home/intern1/ros2_ws/install/examples_rclcpp_minimal_composition/share/examples_rclcpp_minimal_composition/hook/ld_library_path_lib.sh'
[3.443s] Level 1:colcon.colcon_core.environment:checking '/home/intern1/ros2_ws/install/examples_rclcpp_minimal_composition/bin'
[3.444s] Level 1:colcon.colcon_core.environment:checking '/home/intern1/ros2_ws/install/examples_rclcpp_minimal_composition/lib/pkgconfig/examples_rclcpp_minimal_composition.pc'
[3.444s] Level 1:colcon.colcon_core.environment:checking '/home/intern1/ros2_ws/install/examples_rclcpp_minimal_composition/lib/python3.12/site-packages'
[3.444s] Level 1:colcon.colcon_core.environment:checking '/home/intern1/ros2_ws/install/examples_rclcpp_minimal_composition/bin'
[3.445s] INFO:colcon.colcon_core.shell:Creating package script '/home/intern1/ros2_ws/install/examples_rclcpp_minimal_composition/share/examples_rclcpp_minimal_composition/package.ps1'
[3.445s] INFO:colcon.colcon_core.shell:Creating package descriptor '/home/intern1/ros2_ws/install/examples_rclcpp_minimal_composition/share/examples_rclcpp_minimal_composition/package.dsv'
[3.446s] INFO:colcon.colcon_core.shell:Creating package script '/home/intern1/ros2_ws/install/examples_rclcpp_minimal_composition/share/examples_rclcpp_minimal_composition/package.sh'
[3.446s] INFO:colcon.colcon_core.shell:Creating package script '/home/intern1/ros2_ws/install/examples_rclcpp_minimal_composition/share/examples_rclcpp_minimal_composition/package.bash'
[3.447s] INFO:colcon.colcon_core.shell:Creating package script '/home/intern1/ros2_ws/install/examples_rclcpp_minimal_composition/share/examples_rclcpp_minimal_composition/package.zsh'
[3.447s] Level 1:colcon.colcon_core.environment:create_file_with_runtime_dependencies(/home/intern1/ros2_ws/install/examples_rclcpp_minimal_composition/share/colcon-core/packages/examples_rclcpp_minimal_composition)
[3.450s] Level 1:colcon.colcon_core.environment:create_environment_scripts_only(examples_rclcpp_multithreaded_executor)
[3.450s] Level 1:colcon.colcon_core.environment:checking '/home/intern1/ros2_ws/install/examples_rclcpp_multithreaded_executor' for CMake module files
[3.451s] DEBUG:colcon.colcon_core.event_handler.log_command:Invoked command in '/home/intern1/ros2_ws/build/examples_rclcpp_wait_set' returned '0': CMAKE_PREFIX_PATH=${CMAKE_PREFIX_PATH}:/home/intern1/ros2_ws/install/tb3_multi_robot:/home/intern1/ros2_ws/install/launch_testing_examples:/home/intern1/ros2_ws/install/examples_rclpy_pointcloud_publisher:/home/intern1/ros2_ws/install/examples_rclpy_minimal_subscriber:/home/intern1/ros2_ws/install/examples_rclpy_minimal_service:/home/intern1/ros2_ws/install/examples_rclpy_minimal_publisher:/home/intern1/ros2_ws/install/examples_rclpy_minimal_client:/home/intern1/ros2_ws/install/examples_rclpy_minimal_action_server:/home/intern1/ros2_ws/install/examples_rclpy_minimal_action_client:/home/intern1/ros2_ws/install/examples_rclpy_guard_conditions:/home/intern1/ros2_ws/install/examples_rclpy_executors:/home/intern1/ros2_ws/install/education_material:/home/intern1/ros2_ws/install/camera_follow:/home/intern1/ros2_ws/install/amr_ws:/opt/ros/jazzy DEBUGINFOD_URLS=https://debuginfod.ubuntu.com /usr/bin/cmake --build /home/intern1/ros2_ws/build/examples_rclcpp_wait_set -- -j14 -l14
[3.453s] DEBUG:colcon.colcon_core.event_handler.log_command:Invoking command in '/home/intern1/ros2_ws/build/examples_rclcpp_wait_set': CMAKE_PREFIX_PATH=${CMAKE_PREFIX_PATH}:/home/intern1/ros2_ws/install/tb3_multi_robot:/home/intern1/ros2_ws/install/launch_testing_examples:/home/intern1/ros2_ws/install/examples_rclpy_pointcloud_publisher:/home/intern1/ros2_ws/install/examples_rclpy_minimal_subscriber:/home/intern1/ros2_ws/install/examples_rclpy_minimal_service:/home/intern1/ros2_ws/install/examples_rclpy_minimal_publisher:/home/intern1/ros2_ws/install/examples_rclpy_minimal_client:/home/intern1/ros2_ws/install/examples_rclpy_minimal_action_server:/home/intern1/ros2_ws/install/examples_rclpy_minimal_action_client:/home/intern1/ros2_ws/install/examples_rclpy_guard_conditions:/home/intern1/ros2_ws/install/examples_rclpy_executors:/home/intern1/ros2_ws/install/education_material:/home/intern1/ros2_ws/install/camera_follow:/home/intern1/ros2_ws/install/amr_ws:/opt/ros/jazzy DEBUGINFOD_URLS=https://debuginfod.ubuntu.com /usr/bin/cmake --install /home/intern1/ros2_ws/build/examples_rclcpp_wait_set
[3.454s] DEBUG:colcon.colcon_core.event_handler.log_command:Invoked command in '/home/intern1/ros2_ws/build/examples_rclcpp_multithreaded_executor' returned '0': CMAKE_PREFIX_PATH=${CMAKE_PREFIX_PATH}:/home/intern1/ros2_ws/install/tb3_multi_robot:/home/intern1/ros2_ws/install/launch_testing_examples:/home/intern1/ros2_ws/install/examples_rclpy_pointcloud_publisher:/home/intern1/ros2_ws/install/examples_rclpy_minimal_subscriber:/home/intern1/ros2_ws/install/examples_rclpy_minimal_service:/home/intern1/ros2_ws/install/examples_rclpy_minimal_publisher:/home/intern1/ros2_ws/install/examples_rclpy_minimal_client:/home/intern1/ros2_ws/install/examples_rclpy_minimal_action_server:/home/intern1/ros2_ws/install/examples_rclpy_minimal_action_client:/home/intern1/ros2_ws/install/examples_rclpy_guard_conditions:/home/intern1/ros2_ws/install/examples_rclpy_executors:/home/intern1/ros2_ws/install/education_material:/home/intern1/ros2_ws/install/camera_follow:/home/intern1/ros2_ws/install/amr_ws:/opt/ros/jazzy DEBUGINFOD_URLS=https://debuginfod.ubuntu.com /usr/bin/cmake --install /home/intern1/ros2_ws/build/examples_rclcpp_multithreaded_executor
[3.454s] Level 1:colcon.colcon_core.environment:checking '/home/intern1/ros2_ws/install/examples_rclcpp_multithreaded_executor' for CMake config files
[3.454s] Level 1:colcon.colcon_core.shell:create_environment_hook('examples_rclcpp_multithreaded_executor', 'cmake_prefix_path')
[3.455s] INFO:colcon.colcon_core.shell:Creating environment hook '/home/intern1/ros2_ws/install/examples_rclcpp_multithreaded_executor/share/examples_rclcpp_multithreaded_executor/hook/cmake_prefix_path.ps1'
[3.456s] INFO:colcon.colcon_core.shell:Creating environment descriptor '/home/intern1/ros2_ws/install/examples_rclcpp_multithreaded_executor/share/examples_rclcpp_multithreaded_executor/hook/cmake_prefix_path.dsv'
[3.456s] INFO:colcon.colcon_core.shell:Creating environment hook '/home/intern1/ros2_ws/install/examples_rclcpp_multithreaded_executor/share/examples_rclcpp_multithreaded_executor/hook/cmake_prefix_path.sh'
[3.457s] Level 1:colcon.colcon_core.environment:checking '/home/intern1/ros2_ws/install/examples_rclcpp_multithreaded_executor/lib'
[3.457s] Level 1:colcon.colcon_core.environment:checking '/home/intern1/ros2_ws/install/examples_rclcpp_multithreaded_executor/bin'
[3.457s] Level 1:colcon.colcon_core.environment:checking '/home/intern1/ros2_ws/install/examples_rclcpp_multithreaded_executor/lib/pkgconfig/examples_rclcpp_multithreaded_executor.pc'
[3.457s] Level 1:colcon.colcon_core.environment:checking '/home/intern1/ros2_ws/install/examples_rclcpp_multithreaded_executor/lib/python3.12/site-packages'
[3.458s] Level 1:colcon.colcon_core.environment:checking '/home/intern1/ros2_ws/install/examples_rclcpp_multithreaded_executor/bin'
[3.458s] INFO:colcon.colcon_core.shell:Creating package script '/home/intern1/ros2_ws/install/examples_rclcpp_multithreaded_executor/share/examples_rclcpp_multithreaded_executor/package.ps1'
[3.459s] INFO:colcon.colcon_core.shell:Creating package descriptor '/home/intern1/ros2_ws/install/examples_rclcpp_multithreaded_executor/share/examples_rclcpp_multithreaded_executor/package.dsv'
[3.459s] INFO:colcon.colcon_core.shell:Creating package script '/home/intern1/ros2_ws/install/examples_rclcpp_multithreaded_executor/share/examples_rclcpp_multithreaded_executor/package.sh'
[3.460s] INFO:colcon.colcon_core.shell:Creating package script '/home/intern1/ros2_ws/install/examples_rclcpp_multithreaded_executor/share/examples_rclcpp_multithreaded_executor/package.bash'
[3.460s] INFO:colcon.colcon_core.shell:Creating package script '/home/intern1/ros2_ws/install/examples_rclcpp_multithreaded_executor/share/examples_rclcpp_multithreaded_executor/package.zsh'
[3.460s] Level 1:colcon.colcon_core.environment:create_file_with_runtime_dependencies(/home/intern1/ros2_ws/install/examples_rclcpp_multithreaded_executor/share/colcon-core/packages/examples_rclcpp_multithreaded_executor)
[3.461s] Level 1:colcon.colcon_core.environment:create_environment_scripts_only(examples_rclcpp_multithreaded_executor)
[3.461s] Level 1:colcon.colcon_core.environment:checking '/home/intern1/ros2_ws/install/examples_rclcpp_multithreaded_executor' for CMake module files
[3.462s] Level 1:colcon.colcon_core.environment:checking '/home/intern1/ros2_ws/install/examples_rclcpp_multithreaded_executor' for CMake config files
[3.462s] Level 1:colcon.colcon_core.shell:create_environment_hook('examples_rclcpp_multithreaded_executor', 'cmake_prefix_path')
[3.462s] INFO:colcon.colcon_core.shell:Creating environment hook '/home/intern1/ros2_ws/install/examples_rclcpp_multithreaded_executor/share/examples_rclcpp_multithreaded_executor/hook/cmake_prefix_path.ps1'
[3.463s] INFO:colcon.colcon_core.shell:Creating environment descriptor '/home/intern1/ros2_ws/install/examples_rclcpp_multithreaded_executor/share/examples_rclcpp_multithreaded_executor/hook/cmake_prefix_path.dsv'
[3.463s] INFO:colcon.colcon_core.shell:Creating environment hook '/home/intern1/ros2_ws/install/examples_rclcpp_multithreaded_executor/share/examples_rclcpp_multithreaded_executor/hook/cmake_prefix_path.sh'
[3.465s] Level 1:colcon.colcon_core.environment:checking '/home/intern1/ros2_ws/install/examples_rclcpp_multithreaded_executor/lib'
[3.465s] Level 1:colcon.colcon_core.environment:checking '/home/intern1/ros2_ws/install/examples_rclcpp_multithreaded_executor/bin'
[3.465s] Level 1:colcon.colcon_core.environment:checking '/home/intern1/ros2_ws/install/examples_rclcpp_multithreaded_executor/lib/pkgconfig/examples_rclcpp_multithreaded_executor.pc'
[3.465s] Level 1:colcon.colcon_core.environment:checking '/home/intern1/ros2_ws/install/examples_rclcpp_multithreaded_executor/lib/python3.12/site-packages'
[3.466s] Level 1:colcon.colcon_core.environment:checking '/home/intern1/ros2_ws/install/examples_rclcpp_multithreaded_executor/bin'
[3.466s] INFO:colcon.colcon_core.shell:Creating package script '/home/intern1/ros2_ws/install/examples_rclcpp_multithreaded_executor/share/examples_rclcpp_multithreaded_executor/package.ps1'
[3.467s] INFO:colcon.colcon_core.shell:Creating package descriptor '/home/intern1/ros2_ws/install/examples_rclcpp_multithreaded_executor/share/examples_rclcpp_multithreaded_executor/package.dsv'
[3.468s] INFO:colcon.colcon_core.shell:Creating package script '/home/intern1/ros2_ws/install/examples_rclcpp_multithreaded_executor/share/examples_rclcpp_multithreaded_executor/package.sh'
[3.469s] INFO:colcon.colcon_core.shell:Creating package script '/home/intern1/ros2_ws/install/examples_rclcpp_multithreaded_executor/share/examples_rclcpp_multithreaded_executor/package.bash'
[3.470s] INFO:colcon.colcon_core.shell:Creating package script '/home/intern1/ros2_ws/install/examples_rclcpp_multithreaded_executor/share/examples_rclcpp_multithreaded_executor/package.zsh'
[3.471s] Level 1:colcon.colcon_core.environment:create_file_with_runtime_dependencies(/home/intern1/ros2_ws/install/examples_rclcpp_multithreaded_executor/share/colcon-core/packages/examples_rclcpp_multithreaded_executor)
[3.474s] INFO:colcon.colcon_ros.task.ament_python.build:Building ROS package in '/home/intern1/ros2_ws/src/examples/rclpy/topics/pointcloud_publisher' with build type 'ament_python'
[3.475s] Level 1:colcon.colcon_core.shell:create_environment_hook('examples_rclpy_pointcloud_publisher', 'ament_prefix_path')
[3.475s] INFO:colcon.colcon_core.shell:Creating environment hook '/home/intern1/ros2_ws/install/examples_rclpy_pointcloud_publisher/share/examples_rclpy_pointcloud_publisher/hook/ament_prefix_path.ps1'
[3.476s] INFO:colcon.colcon_core.shell:Creating environment descriptor '/home/intern1/ros2_ws/install/examples_rclpy_pointcloud_publisher/share/examples_rclpy_pointcloud_publisher/hook/ament_prefix_path.dsv'
[3.477s] INFO:colcon.colcon_core.shell:Creating environment hook '/home/intern1/ros2_ws/install/examples_rclpy_pointcloud_publisher/share/examples_rclpy_pointcloud_publisher/hook/ament_prefix_path.sh'
[3.477s] INFO:colcon.colcon_core.shell:Skip shell extension 'powershell' for command environment: Not usable outside of PowerShell
[3.478s] DEBUG:colcon.colcon_core.shell:Skip shell extension 'dsv' for command environment
[3.486s] INFO:colcon.colcon_ros.task.ament_python.build:Building ROS package in '/home/intern1/ros2_ws/src/examples/launch_testing/launch_testing_examples' with build type 'ament_python'
[3.487s] Level 1:colcon.colcon_core.shell:create_environment_hook('launch_testing_examples', 'ament_prefix_path')
[3.487s] INFO:colcon.colcon_core.shell:Creating environment hook '/home/intern1/ros2_ws/install/launch_testing_examples/share/launch_testing_examples/hook/ament_prefix_path.ps1'
[3.488s] INFO:colcon.colcon_core.shell:Creating environment descriptor '/home/intern1/ros2_ws/install/launch_testing_examples/share/launch_testing_examples/hook/ament_prefix_path.dsv'
[3.488s] INFO:colcon.colcon_core.shell:Creating environment hook '/home/intern1/ros2_ws/install/launch_testing_examples/share/launch_testing_examples/hook/ament_prefix_path.sh'
[3.489s] INFO:colcon.colcon_core.shell:Skip shell extension 'powershell' for command environment: Not usable outside of PowerShell
[3.489s] DEBUG:colcon.colcon_core.shell:Skip shell extension 'dsv' for command environment
[3.940s] INFO:colcon.colcon_core.task.python.build:Building Python package in '/home/intern1/ros2_ws/src/examples/rclpy/actions/minimal_action_client'
[3.941s] INFO:colcon.colcon_core.shell:Skip shell extension 'powershell' for command environment: Not usable outside of PowerShell
[3.941s] DEBUG:colcon.colcon_core.shell:Skip shell extension 'dsv' for command environment
[4.337s] INFO:colcon.colcon_core.task.python.build:Building Python package in '/home/intern1/ros2_ws/src/examples/rclpy/actions/minimal_action_server'
[4.338s] INFO:colcon.colcon_core.shell:Skip shell extension 'powershell' for command environment: Not usable outside of PowerShell
[4.338s] DEBUG:colcon.colcon_core.shell:Skip shell extension 'dsv' for command environment
[4.809s] INFO:colcon.colcon_core.task.python.build:Building Python package in '/home/intern1/ros2_ws/src/examples/rclpy/services/minimal_client'
[4.810s] INFO:colcon.colcon_core.shell:Skip shell extension 'powershell' for command environment: Not usable outside of PowerShell
[4.810s] DEBUG:colcon.colcon_core.shell:Skip shell extension 'dsv' for command environment
[4.832s] DEBUG:colcon.colcon_core.event_handler.log_command:Invoking command in '/home/intern1/ros2_ws/src/camera_follow': DEBUGINFOD_URLS=https://debuginfod.ubuntu.com PYTHONPATH=/home/intern1/ros2_ws/build/camera_follow/prefix_override:/usr/lib/python3/dist-packages/colcon_core/task/python/colcon_distutils_commands:/home/intern1/ros2_ws/install/camera_follow/lib/python3.12/site-packages:${PYTHONPATH} /usr/bin/python3 -W ignore:setup.py install is deprecated -W ignore:easy_install command is deprecated setup.py egg_info --egg-base ../../build/camera_follow build --build-base /home/intern1/ros2_ws/build/camera_follow/build install --record /home/intern1/ros2_ws/build/camera_follow/install.log --single-version-externally-managed install_data
[4.833s] Level 1:colcon.colcon_core.environment:create_environment_scripts_only(examples_rclcpp_wait_set)
[4.834s] Level 1:colcon.colcon_core.environment:checking '/home/intern1/ros2_ws/install/examples_rclcpp_wait_set' for CMake module files
[4.836s] Level 1:colcon.colcon_core.environment:checking '/home/intern1/ros2_ws/install/examples_rclcpp_wait_set' for CMake config files
[4.837s] DEBUG:colcon.colcon_core.event_handler.log_command:Invoking command in '/home/intern1/ros2_ws/src/education_material': DEBUGINFOD_URLS=https://debuginfod.ubuntu.com PYTHONPATH=/home/intern1/ros2_ws/build/education_material/prefix_override:/usr/lib/python3/dist-packages/colcon_core/task/python/colcon_distutils_commands:/home/intern1/ros2_ws/install/education_material/lib/python3.12/site-packages:${PYTHONPATH} /usr/bin/python3 -W ignore:setup.py install is deprecated -W ignore:easy_install command is deprecated setup.py egg_info --egg-base ../../build/education_material build --build-base /home/intern1/ros2_ws/build/education_material/build install --record /home/intern1/ros2_ws/build/education_material/install.log --single-version-externally-managed install_data
[4.838s] DEBUG:colcon.colcon_core.event_handler.log_command:Invoked command in '/home/intern1/ros2_ws/build/examples_rclcpp_wait_set' returned '0': CMAKE_PREFIX_PATH=${CMAKE_PREFIX_PATH}:/home/intern1/ros2_ws/install/tb3_multi_robot:/home/intern1/ros2_ws/install/launch_testing_examples:/home/intern1/ros2_ws/install/examples_rclpy_pointcloud_publisher:/home/intern1/ros2_ws/install/examples_rclpy_minimal_subscriber:/home/intern1/ros2_ws/install/examples_rclpy_minimal_service:/home/intern1/ros2_ws/install/examples_rclpy_minimal_publisher:/home/intern1/ros2_ws/install/examples_rclpy_minimal_client:/home/intern1/ros2_ws/install/examples_rclpy_minimal_action_server:/home/intern1/ros2_ws/install/examples_rclpy_minimal_action_client:/home/intern1/ros2_ws/install/examples_rclpy_guard_conditions:/home/intern1/ros2_ws/install/examples_rclpy_executors:/home/intern1/ros2_ws/install/education_material:/home/intern1/ros2_ws/install/camera_follow:/home/intern1/ros2_ws/install/amr_ws:/opt/ros/jazzy DEBUGINFOD_URLS=https://debuginfod.ubuntu.com /usr/bin/cmake --install /home/intern1/ros2_ws/build/examples_rclcpp_wait_set
[4.839s] Level 1:colcon.colcon_core.shell:create_environment_hook('examples_rclcpp_wait_set', 'cmake_prefix_path')
[4.839s] INFO:colcon.colcon_core.shell:Creating environment hook '/home/intern1/ros2_ws/install/examples_rclcpp_wait_set/share/examples_rclcpp_wait_set/hook/cmake_prefix_path.ps1'
[4.841s] INFO:colcon.colcon_core.shell:Creating environment descriptor '/home/intern1/ros2_ws/install/examples_rclcpp_wait_set/share/examples_rclcpp_wait_set/hook/cmake_prefix_path.dsv'
[4.842s] INFO:colcon.colcon_core.shell:Creating environment hook '/home/intern1/ros2_ws/install/examples_rclcpp_wait_set/share/examples_rclcpp_wait_set/hook/cmake_prefix_path.sh'
[4.843s] Level 1:colcon.colcon_core.environment:checking '/home/intern1/ros2_ws/install/examples_rclcpp_wait_set/lib'
[4.843s] Level 1:colcon.colcon_core.shell:create_environment_hook('examples_rclcpp_wait_set', 'ld_library_path_lib')
[4.844s] INFO:colcon.colcon_core.shell:Creating environment hook '/home/intern1/ros2_ws/install/examples_rclcpp_wait_set/share/examples_rclcpp_wait_set/hook/ld_library_path_lib.ps1'
[4.845s] INFO:colcon.colcon_core.shell:Creating environment descriptor '/home/intern1/ros2_ws/install/examples_rclcpp_wait_set/share/examples_rclcpp_wait_set/hook/ld_library_path_lib.dsv'
[4.846s] INFO:colcon.colcon_core.shell:Creating environment hook '/home/intern1/ros2_ws/install/examples_rclcpp_wait_set/share/examples_rclcpp_wait_set/hook/ld_library_path_lib.sh'
[4.847s] Level 1:colcon.colcon_core.environment:checking '/home/intern1/ros2_ws/install/examples_rclcpp_wait_set/bin'
[4.847s] Level 1:colcon.colcon_core.environment:checking '/home/intern1/ros2_ws/install/examples_rclcpp_wait_set/lib/pkgconfig/examples_rclcpp_wait_set.pc'
[4.848s] Level 1:colcon.colcon_core.environment:checking '/home/intern1/ros2_ws/install/examples_rclcpp_wait_set/lib/python3.12/site-packages'
[4.849s] Level 1:colcon.colcon_core.environment:checking '/home/intern1/ros2_ws/install/examples_rclcpp_wait_set/bin'
[4.849s] INFO:colcon.colcon_core.shell:Creating package script '/home/intern1/ros2_ws/install/examples_rclcpp_wait_set/share/examples_rclcpp_wait_set/package.ps1'
[4.851s] INFO:colcon.colcon_core.shell:Creating package descriptor '/home/intern1/ros2_ws/install/examples_rclcpp_wait_set/share/examples_rclcpp_wait_set/package.dsv'
[4.852s] INFO:colcon.colcon_core.shell:Creating package script '/home/intern1/ros2_ws/install/examples_rclcpp_wait_set/share/examples_rclcpp_wait_set/package.sh'
[4.852s] INFO:colcon.colcon_core.shell:Creating package script '/home/intern1/ros2_ws/install/examples_rclcpp_wait_set/share/examples_rclcpp_wait_set/package.bash'
[4.853s] INFO:colcon.colcon_core.shell:Creating package script '/home/intern1/ros2_ws/install/examples_rclcpp_wait_set/share/examples_rclcpp_wait_set/package.zsh'
[4.854s] Level 1:colcon.colcon_core.environment:create_file_with_runtime_dependencies(/home/intern1/ros2_ws/install/examples_rclcpp_wait_set/share/colcon-core/packages/examples_rclcpp_wait_set)
[4.855s] Level 1:colcon.colcon_core.environment:create_environment_scripts_only(examples_rclcpp_wait_set)
[4.855s] Level 1:colcon.colcon_core.environment:checking '/home/intern1/ros2_ws/install/examples_rclcpp_wait_set' for CMake module files
[4.857s] Level 1:colcon.colcon_core.environment:checking '/home/intern1/ros2_ws/install/examples_rclcpp_wait_set' for CMake config files
[4.857s] Level 1:colcon.colcon_core.shell:create_environment_hook('examples_rclcpp_wait_set', 'cmake_prefix_path')
[4.858s] INFO:colcon.colcon_core.shell:Creating environment hook '/home/intern1/ros2_ws/install/examples_rclcpp_wait_set/share/examples_rclcpp_wait_set/hook/cmake_prefix_path.ps1'
[4.859s] INFO:colcon.colcon_core.shell:Creating environment descriptor '/home/intern1/ros2_ws/install/examples_rclcpp_wait_set/share/examples_rclcpp_wait_set/hook/cmake_prefix_path.dsv'
[4.860s] INFO:colcon.colcon_core.shell:Creating environment hook '/home/intern1/ros2_ws/install/examples_rclcpp_wait_set/share/examples_rclcpp_wait_set/hook/cmake_prefix_path.sh'
[4.861s] Level 1:colcon.colcon_core.environment:checking '/home/intern1/ros2_ws/install/examples_rclcpp_wait_set/lib'
[4.861s] Level 1:colcon.colcon_core.shell:create_environment_hook('examples_rclcpp_wait_set', 'ld_library_path_lib')
[4.862s] INFO:colcon.colcon_core.shell:Creating environment hook '/home/intern1/ros2_ws/install/examples_rclcpp_wait_set/share/examples_rclcpp_wait_set/hook/ld_library_path_lib.ps1'
[4.862s] INFO:colcon.colcon_core.shell:Creating environment descriptor '/home/intern1/ros2_ws/install/examples_rclcpp_wait_set/share/examples_rclcpp_wait_set/hook/ld_library_path_lib.dsv'
[4.863s] INFO:colcon.colcon_core.shell:Creating environment hook '/home/intern1/ros2_ws/install/examples_rclcpp_wait_set/share/examples_rclcpp_wait_set/hook/ld_library_path_lib.sh'
[4.864s] Level 1:colcon.colcon_core.environment:checking '/home/intern1/ros2_ws/install/examples_rclcpp_wait_set/bin'
[4.864s] Level 1:colcon.colcon_core.environment:checking '/home/intern1/ros2_ws/install/examples_rclcpp_wait_set/lib/pkgconfig/examples_rclcpp_wait_set.pc'
[4.865s] Level 1:colcon.colcon_core.environment:checking '/home/intern1/ros2_ws/install/examples_rclcpp_wait_set/lib/python3.12/site-packages'
[4.865s] Level 1:colcon.colcon_core.environment:checking '/home/intern1/ros2_ws/install/examples_rclcpp_wait_set/bin'
[4.866s] INFO:colcon.colcon_core.shell:Creating package script '/home/intern1/ros2_ws/install/examples_rclcpp_wait_set/share/examples_rclcpp_wait_set/package.ps1'
[4.867s] INFO:colcon.colcon_core.shell:Creating package descriptor '/home/intern1/ros2_ws/install/examples_rclcpp_wait_set/share/examples_rclcpp_wait_set/package.dsv'
[4.868s] INFO:colcon.colcon_core.shell:Creating package script '/home/intern1/ros2_ws/install/examples_rclcpp_wait_set/share/examples_rclcpp_wait_set/package.sh'
[4.869s] INFO:colcon.colcon_core.shell:Creating package script '/home/intern1/ros2_ws/install/examples_rclcpp_wait_set/share/examples_rclcpp_wait_set/package.bash'
[4.870s] INFO:colcon.colcon_core.shell:Creating package script '/home/intern1/ros2_ws/install/examples_rclcpp_wait_set/share/examples_rclcpp_wait_set/package.zsh'
[4.871s] Level 1:colcon.colcon_core.environment:create_file_with_runtime_dependencies(/home/intern1/ros2_ws/install/examples_rclcpp_wait_set/share/colcon-core/packages/examples_rclcpp_wait_set)
[4.877s] DEBUG:colcon.colcon_core.event_handler.log_command:Invoking command in '/home/intern1/ros2_ws/src/amr_ws': DEBUGINFOD_URLS=https://debuginfod.ubuntu.com PYTHONPATH=/home/intern1/ros2_ws/build/amr_ws/prefix_override:/usr/lib/python3/dist-packages/colcon_core/task/python/colcon_distutils_commands:/home/intern1/ros2_ws/install/amr_ws/lib/python3.12/site-packages:${PYTHONPATH} /usr/bin/python3 -W ignore:setup.py install is deprecated -W ignore:easy_install command is deprecated setup.py egg_info --egg-base ../../build/amr_ws build --build-base /home/intern1/ros2_ws/build/amr_ws/build install --record /home/intern1/ros2_ws/build/amr_ws/install.log --single-version-externally-managed install_data
[5.348s] INFO:colcon.colcon_core.task.python.build:Building Python package in '/home/intern1/ros2_ws/src/examples/rclpy/topics/minimal_publisher'
[5.349s] INFO:colcon.colcon_core.shell:Skip shell extension 'powershell' for command environment: Not usable outside of PowerShell
[5.349s] DEBUG:colcon.colcon_core.shell:Skip shell extension 'dsv' for command environment
[5.761s] INFO:colcon.colcon_core.task.python.build:Building Python package in '/home/intern1/ros2_ws/src/examples/rclpy/services/minimal_service'
[5.762s] INFO:colcon.colcon_core.shell:Skip shell extension 'powershell' for command environment: Not usable outside of PowerShell
[5.762s] DEBUG:colcon.colcon_core.shell:Skip shell extension 'dsv' for command environment
[6.108s] INFO:colcon.colcon_core.task.python.build:Building Python package in '/home/intern1/ros2_ws/src/examples/rclpy/topics/minimal_subscriber'
[6.108s] INFO:colcon.colcon_core.shell:Skip shell extension 'powershell' for command environment: Not usable outside of PowerShell
[6.108s] DEBUG:colcon.colcon_core.shell:Skip shell extension 'dsv' for command environment
[6.125s] INFO:colcon.colcon_ros.task.ament_cmake.build:Building ROS package in '/home/intern1/ros2_ws/src/ros2-slam-auto-navigation' with build type 'ament_cmake'
[6.125s] INFO:colcon.colcon_cmake.task.cmake.build:Building CMake package in '/home/intern1/ros2_ws/src/ros2-slam-auto-navigation'
[6.125s] INFO:colcon.colcon_core.shell:Skip shell extension 'powershell' for command environment: Not usable outside of PowerShell
[6.125s] DEBUG:colcon.colcon_core.shell:Skip shell extension 'dsv' for command environment
[6.627s] INFO:colcon.colcon_core.task.python.build:Building Python package in '/home/intern1/ros2_ws/src/examples/rclpy/topics/pointcloud_publisher'
[6.628s] INFO:colcon.colcon_core.shell:Skip shell extension 'powershell' for command environment: Not usable outside of PowerShell
[6.628s] DEBUG:colcon.colcon_core.shell:Skip shell extension 'dsv' for command environment
[7.024s] INFO:colcon.colcon_core.task.python.build:Building Python package in '/home/intern1/ros2_ws/src/examples/launch_testing/launch_testing_examples'
[7.025s] INFO:colcon.colcon_core.shell:Skip shell extension 'powershell' for command environment: Not usable outside of PowerShell
[7.025s] DEBUG:colcon.colcon_core.shell:Skip shell extension 'dsv' for command environment
[7.042s] Level 1:colcon.colcon_core.environment:checking '/home/intern1/ros2_ws/install/amr_ws' for CMake module files
[7.044s] Level 1:colcon.colcon_core.environment:checking '/home/intern1/ros2_ws/install/amr_ws' for CMake config files
[7.044s] DEBUG:colcon.colcon_core.event_handler.log_command:Invoking command in '/home/intern1/ros2_ws/src/examples/rclpy/executors': DEBUGINFOD_URLS=https://debuginfod.ubuntu.com PYTHONPATH=/home/intern1/ros2_ws/build/examples_rclpy_executors/prefix_override:/usr/lib/python3/dist-packages/colcon_core/task/python/colcon_distutils_commands:/home/intern1/ros2_ws/install/examples_rclpy_executors/lib/python3.12/site-packages:${PYTHONPATH} /usr/bin/python3 -W ignore:setup.py install is deprecated -W ignore:easy_install command is deprecated setup.py egg_info --egg-base ../../../../build/examples_rclpy_executors build --build-base /home/intern1/ros2_ws/build/examples_rclpy_executors/build install --record /home/intern1/ros2_ws/build/examples_rclpy_executors/install.log --single-version-externally-managed install_data
[7.046s] DEBUG:colcon.colcon_core.event_handler.log_command:Invoked command in '/home/intern1/ros2_ws/src/amr_ws' returned '0': DEBUGINFOD_URLS=https://debuginfod.ubuntu.com PYTHONPATH=/home/intern1/ros2_ws/build/amr_ws/prefix_override:/usr/lib/python3/dist-packages/colcon_core/task/python/colcon_distutils_commands:/home/intern1/ros2_ws/install/amr_ws/lib/python3.12/site-packages:${PYTHONPATH} /usr/bin/python3 -W ignore:setup.py install is deprecated -W ignore:easy_install command is deprecated setup.py egg_info --egg-base ../../build/amr_ws build --build-base /home/intern1/ros2_ws/build/amr_ws/build install --record /home/intern1/ros2_ws/build/amr_ws/install.log --single-version-externally-managed install_data
[7.046s] Level 1:colcon.colcon_core.environment:checking '/home/intern1/ros2_ws/install/amr_ws/lib'
[7.046s] Level 1:colcon.colcon_core.environment:checking '/home/intern1/ros2_ws/install/amr_ws/bin'
[7.047s] Level 1:colcon.colcon_core.environment:checking '/home/intern1/ros2_ws/install/amr_ws/lib/pkgconfig/amr_ws.pc'
[7.047s] Level 1:colcon.colcon_core.environment:checking '/home/intern1/ros2_ws/install/amr_ws/lib/python3.12/site-packages'
[7.047s] Level 1:colcon.colcon_core.shell:create_environment_hook('amr_ws', 'pythonpath')
[7.047s] INFO:colcon.colcon_core.shell:Creating environment hook '/home/intern1/ros2_ws/install/amr_ws/share/amr_ws/hook/pythonpath.ps1'
[7.048s] INFO:colcon.colcon_core.shell:Creating environment descriptor '/home/intern1/ros2_ws/install/amr_ws/share/amr_ws/hook/pythonpath.dsv'
[7.049s] INFO:colcon.colcon_core.shell:Creating environment hook '/home/intern1/ros2_ws/install/amr_ws/share/amr_ws/hook/pythonpath.sh'
[7.049s] Level 1:colcon.colcon_core.environment:checking '/home/intern1/ros2_ws/install/amr_ws/bin'
[7.050s] Level 1:colcon.colcon_core.environment:create_environment_scripts_only(amr_ws)
[7.050s] INFO:colcon.colcon_core.shell:Creating package script '/home/intern1/ros2_ws/install/amr_ws/share/amr_ws/package.ps1'
[7.051s] INFO:colcon.colcon_core.shell:Creating package descriptor '/home/intern1/ros2_ws/install/amr_ws/share/amr_ws/package.dsv'
[7.051s] INFO:colcon.colcon_core.shell:Creating package script '/home/intern1/ros2_ws/install/amr_ws/share/amr_ws/package.sh'
[7.052s] INFO:colcon.colcon_core.shell:Creating package script '/home/intern1/ros2_ws/install/amr_ws/share/amr_ws/package.bash'
[7.052s] INFO:colcon.colcon_core.shell:Creating package script '/home/intern1/ros2_ws/install/amr_ws/share/amr_ws/package.zsh'
[7.052s] Level 1:colcon.colcon_core.environment:create_file_with_runtime_dependencies(/home/intern1/ros2_ws/install/amr_ws/share/colcon-core/packages/amr_ws)
[7.063s] Level 1:colcon.colcon_core.environment:checking '/home/intern1/ros2_ws/install/camera_follow' for CMake module files
[7.065s] DEBUG:colcon.colcon_core.event_handler.log_command:Invoked command in '/home/intern1/ros2_ws/src/camera_follow' returned '0': DEBUGINFOD_URLS=https://debuginfod.ubuntu.com PYTHONPATH=/home/intern1/ros2_ws/build/camera_follow/prefix_override:/usr/lib/python3/dist-packages/colcon_core/task/python/colcon_distutils_commands:/home/intern1/ros2_ws/install/camera_follow/lib/python3.12/site-packages:${PYTHONPATH} /usr/bin/python3 -W ignore:setup.py install is deprecated -W ignore:easy_install command is deprecated setup.py egg_info --egg-base ../../build/camera_follow build --build-base /home/intern1/ros2_ws/build/camera_follow/build install --record /home/intern1/ros2_ws/build/camera_follow/install.log --single-version-externally-managed install_data
[7.066s] Level 1:colcon.colcon_core.environment:checking '/home/intern1/ros2_ws/install/camera_follow' for CMake config files
[7.068s] Level 1:colcon.colcon_core.environment:checking '/home/intern1/ros2_ws/install/camera_follow/lib'
[7.068s] Level 1:colcon.colcon_core.environment:checking '/home/intern1/ros2_ws/install/camera_follow/bin'
[7.068s] Level 1:colcon.colcon_core.environment:checking '/home/intern1/ros2_ws/install/camera_follow/lib/pkgconfig/camera_follow.pc'
[7.069s] Level 1:colcon.colcon_core.environment:checking '/home/intern1/ros2_ws/install/camera_follow/lib/python3.12/site-packages'
[7.069s] Level 1:colcon.colcon_core.shell:create_environment_hook('camera_follow', 'pythonpath')
[7.069s] INFO:colcon.colcon_core.shell:Creating environment hook '/home/intern1/ros2_ws/install/camera_follow/share/camera_follow/hook/pythonpath.ps1'
[7.071s] INFO:colcon.colcon_core.shell:Creating environment descriptor '/home/intern1/ros2_ws/install/camera_follow/share/camera_follow/hook/pythonpath.dsv'
[7.071s] INFO:colcon.colcon_core.shell:Creating environment hook '/home/intern1/ros2_ws/install/camera_follow/share/camera_follow/hook/pythonpath.sh'
[7.073s] Level 1:colcon.colcon_core.environment:checking '/home/intern1/ros2_ws/install/camera_follow/bin'
[7.073s] Level 1:colcon.colcon_core.environment:create_environment_scripts_only(camera_follow)
[7.074s] INFO:colcon.colcon_core.shell:Creating package script '/home/intern1/ros2_ws/install/camera_follow/share/camera_follow/package.ps1'
[7.075s] INFO:colcon.colcon_core.shell:Creating package descriptor '/home/intern1/ros2_ws/install/camera_follow/share/camera_follow/package.dsv'
[7.076s] INFO:colcon.colcon_core.shell:Creating package script '/home/intern1/ros2_ws/install/camera_follow/share/camera_follow/package.sh'
[7.077s] INFO:colcon.colcon_core.shell:Creating package script '/home/intern1/ros2_ws/install/camera_follow/share/camera_follow/package.bash'
[7.078s] INFO:colcon.colcon_core.shell:Creating package script '/home/intern1/ros2_ws/install/camera_follow/share/camera_follow/package.zsh'
[7.079s] Level 1:colcon.colcon_core.environment:create_file_with_runtime_dependencies(/home/intern1/ros2_ws/install/camera_follow/share/colcon-core/packages/camera_follow)
[7.080s] Level 1:colcon.colcon_core.environment:checking '/home/intern1/ros2_ws/install/education_material' for CMake module files
[7.082s] DEBUG:colcon.colcon_core.event_handler.log_command:Invoked command in '/home/intern1/ros2_ws/src/education_material' returned '0': DEBUGINFOD_URLS=https://debuginfod.ubuntu.com PYTHONPATH=/home/intern1/ros2_ws/build/education_material/prefix_override:/usr/lib/python3/dist-packages/colcon_core/task/python/colcon_distutils_commands:/home/intern1/ros2_ws/install/education_material/lib/python3.12/site-packages:${PYTHONPATH} /usr/bin/python3 -W ignore:setup.py install is deprecated -W ignore:easy_install command is deprecated setup.py egg_info --egg-base ../../build/education_material build --build-base /home/intern1/ros2_ws/build/education_material/build install --record /home/intern1/ros2_ws/build/education_material/install.log --single-version-externally-managed install_data
[7.083s] Level 1:colcon.colcon_core.environment:checking '/home/intern1/ros2_ws/install/education_material' for CMake config files
[7.085s] Level 1:colcon.colcon_core.environment:checking '/home/intern1/ros2_ws/install/education_material/lib'
[7.085s] Level 1:colcon.colcon_core.environment:checking '/home/intern1/ros2_ws/install/education_material/bin'
[7.085s] Level 1:colcon.colcon_core.environment:checking '/home/intern1/ros2_ws/install/education_material/lib/pkgconfig/education_material.pc'
[7.086s] Level 1:colcon.colcon_core.environment:checking '/home/intern1/ros2_ws/install/education_material/lib/python3.12/site-packages'
[7.086s] Level 1:colcon.colcon_core.shell:create_environment_hook('education_material', 'pythonpath')
[7.087s] INFO:colcon.colcon_core.shell:Creating environment hook '/home/intern1/ros2_ws/install/education_material/share/education_material/hook/pythonpath.ps1'
[7.088s] INFO:colcon.colcon_core.shell:Creating environment descriptor '/home/intern1/ros2_ws/install/education_material/share/education_material/hook/pythonpath.dsv'
[7.089s] INFO:colcon.colcon_core.shell:Creating environment hook '/home/intern1/ros2_ws/install/education_material/share/education_material/hook/pythonpath.sh'
[7.091s] Level 1:colcon.colcon_core.environment:checking '/home/intern1/ros2_ws/install/education_material/bin'
[7.091s] Level 1:colcon.colcon_core.environment:create_environment_scripts_only(education_material)
[7.092s] INFO:colcon.colcon_core.shell:Creating package script '/home/intern1/ros2_ws/install/education_material/share/education_material/package.ps1'
[7.093s] INFO:colcon.colcon_core.shell:Creating package descriptor '/home/intern1/ros2_ws/install/education_material/share/education_material/package.dsv'
[7.094s] INFO:colcon.colcon_core.shell:Creating package script '/home/intern1/ros2_ws/install/education_material/share/education_material/package.sh'
[7.095s] INFO:colcon.colcon_core.shell:Creating package script '/home/intern1/ros2_ws/install/education_material/share/education_material/package.bash'
[7.096s] INFO:colcon.colcon_core.shell:Creating package script '/home/intern1/ros2_ws/install/education_material/share/education_material/package.zsh'
[7.096s] Level 1:colcon.colcon_core.environment:create_file_with_runtime_dependencies(/home/intern1/ros2_ws/install/education_material/share/colcon-core/packages/education_material)
[7.099s] INFO:colcon.colcon_ros.task.ament_cmake.build:Building ROS package in '/home/intern1/ros2_ws/src/rplidar_ros' with build type 'ament_cmake'
[7.099s] INFO:colcon.colcon_cmake.task.cmake.build:Building CMake package in '/home/intern1/ros2_ws/src/rplidar_ros'
[7.100s] INFO:colcon.colcon_core.shell:Skip shell extension 'powershell' for command environment: Not usable outside of PowerShell
[7.100s] DEBUG:colcon.colcon_core.shell:Skip shell extension 'dsv' for command environment
[7.113s] INFO:colcon.colcon_ros.task.ament_cmake.build:Building ROS package in '/home/intern1/ros2_ws/src/sam_bot_description' with build type 'ament_cmake'
[7.114s] INFO:colcon.colcon_cmake.task.cmake.build:Building CMake package in '/home/intern1/ros2_ws/src/sam_bot_description'
[7.114s] INFO:colcon.colcon_core.shell:Skip shell extension 'powershell' for command environment: Not usable outside of PowerShell
[7.114s] DEBUG:colcon.colcon_core.shell:Skip shell extension 'dsv' for command environment
[7.127s] INFO:colcon.colcon_ros.task.ament_cmake.build:Building ROS package in '/home/intern1/ros2_ws/src/ros2_system_webview' with build type 'ament_cmake'
[7.128s] INFO:colcon.colcon_cmake.task.cmake.build:Building CMake package in '/home/intern1/ros2_ws/src/ros2_system_webview'
[7.128s] INFO:colcon.colcon_core.shell:Skip shell extension 'powershell' for command environment: Not usable outside of PowerShell
[7.128s] DEBUG:colcon.colcon_core.shell:Skip shell extension 'dsv' for command environment
[7.159s] DEBUG:colcon.colcon_core.event_handler.log_command:Invoking command in '/home/intern1/ros2_ws/build/ros2_slam_auto_navigation': CMAKE_PREFIX_PATH=${CMAKE_PREFIX_PATH}:/home/intern1/ros2_ws/install/tb3_multi_robot:/home/intern1/ros2_ws/install/launch_testing_examples:/home/intern1/ros2_ws/install/examples_rclpy_pointcloud_publisher:/home/intern1/ros2_ws/install/examples_rclpy_minimal_subscriber:/home/intern1/ros2_ws/install/examples_rclpy_minimal_service:/home/intern1/ros2_ws/install/examples_rclpy_minimal_publisher:/home/intern1/ros2_ws/install/examples_rclpy_minimal_client:/home/intern1/ros2_ws/install/examples_rclpy_minimal_action_server:/home/intern1/ros2_ws/install/examples_rclpy_minimal_action_client:/home/intern1/ros2_ws/install/examples_rclpy_guard_conditions:/home/intern1/ros2_ws/install/examples_rclpy_executors:/home/intern1/ros2_ws/install/education_material:/home/intern1/ros2_ws/install/camera_follow:/home/intern1/ros2_ws/install/amr_ws:/opt/ros/jazzy DEBUGINFOD_URLS=https://debuginfod.ubuntu.com /usr/bin/cmake --build /home/intern1/ros2_ws/build/ros2_slam_auto_navigation -- -j14 -l14
[7.179s] DEBUG:colcon.colcon_core.event_handler.log_command:Invoking command in '/home/intern1/ros2_ws/src/examples/rclpy/guard_conditions': DEBUGINFOD_URLS=https://debuginfod.ubuntu.com PYTHONPATH=/home/intern1/ros2_ws/build/examples_rclpy_guard_conditions/prefix_override:/usr/lib/python3/dist-packages/colcon_core/task/python/colcon_distutils_commands:/home/intern1/ros2_ws/install/examples_rclpy_guard_conditions/lib/python3.12/site-packages:${PYTHONPATH} /usr/bin/python3 -W ignore:setup.py install is deprecated -W ignore:easy_install command is deprecated setup.py egg_info --egg-base ../../../../build/examples_rclpy_guard_conditions build --build-base /home/intern1/ros2_ws/build/examples_rclpy_guard_conditions/build install --record /home/intern1/ros2_ws/build/examples_rclpy_guard_conditions/install.log --single-version-externally-managed install_data
[7.190s] DEBUG:colcon.colcon_core.event_handler.log_command:Invoking command in '/home/intern1/ros2_ws/build/rplidar_ros': CMAKE_PREFIX_PATH=${CMAKE_PREFIX_PATH}:/home/intern1/ros2_ws/install/tb3_multi_robot:/home/intern1/ros2_ws/install/launch_testing_examples:/home/intern1/ros2_ws/install/examples_rclpy_pointcloud_publisher:/home/intern1/ros2_ws/install/examples_rclpy_minimal_subscriber:/home/intern1/ros2_ws/install/examples_rclpy_minimal_service:/home/intern1/ros2_ws/install/examples_rclpy_minimal_publisher:/home/intern1/ros2_ws/install/examples_rclpy_minimal_client:/home/intern1/ros2_ws/install/examples_rclpy_minimal_action_server:/home/intern1/ros2_ws/install/examples_rclpy_minimal_action_client:/home/intern1/ros2_ws/install/examples_rclpy_guard_conditions:/home/intern1/ros2_ws/install/examples_rclpy_executors:/home/intern1/ros2_ws/install/education_material:/home/intern1/ros2_ws/install/camera_follow:/home/intern1/ros2_ws/install/amr_ws:/opt/ros/jazzy DEBUGINFOD_URLS=https://debuginfod.ubuntu.com /usr/bin/cmake --build /home/intern1/ros2_ws/build/rplidar_ros -- -j14 -l14
[7.205s] DEBUG:colcon.colcon_core.event_handler.log_command:Invoking command in '/home/intern1/ros2_ws/build/sam_bot_description': CMAKE_PREFIX_PATH=${CMAKE_PREFIX_PATH}:/home/intern1/ros2_ws/install/tb3_multi_robot:/home/intern1/ros2_ws/install/launch_testing_examples:/home/intern1/ros2_ws/install/examples_rclpy_pointcloud_publisher:/home/intern1/ros2_ws/install/examples_rclpy_minimal_subscriber:/home/intern1/ros2_ws/install/examples_rclpy_minimal_service:/home/intern1/ros2_ws/install/examples_rclpy_minimal_publisher:/home/intern1/ros2_ws/install/examples_rclpy_minimal_client:/home/intern1/ros2_ws/install/examples_rclpy_minimal_action_server:/home/intern1/ros2_ws/install/examples_rclpy_minimal_action_client:/home/intern1/ros2_ws/install/examples_rclpy_guard_conditions:/home/intern1/ros2_ws/install/examples_rclpy_executors:/home/intern1/ros2_ws/install/education_material:/home/intern1/ros2_ws/install/camera_follow:/home/intern1/ros2_ws/install/amr_ws:/opt/ros/jazzy DEBUGINFOD_URLS=https://debuginfod.ubuntu.com /usr/bin/cmake --build /home/intern1/ros2_ws/build/sam_bot_description -- -j14 -l14
[7.216s] DEBUG:colcon.colcon_core.event_handler.log_command:Invoking command in '/home/intern1/ros2_ws/build/system_webview': CMAKE_PREFIX_PATH=${CMAKE_PREFIX_PATH}:/home/intern1/ros2_ws/install/tb3_multi_robot:/home/intern1/ros2_ws/install/launch_testing_examples:/home/intern1/ros2_ws/install/examples_rclpy_pointcloud_publisher:/home/intern1/ros2_ws/install/examples_rclpy_minimal_subscriber:/home/intern1/ros2_ws/install/examples_rclpy_minimal_service:/home/intern1/ros2_ws/install/examples_rclpy_minimal_publisher:/home/intern1/ros2_ws/install/examples_rclpy_minimal_client:/home/intern1/ros2_ws/install/examples_rclpy_minimal_action_server:/home/intern1/ros2_ws/install/examples_rclpy_minimal_action_client:/home/intern1/ros2_ws/install/examples_rclpy_guard_conditions:/home/intern1/ros2_ws/install/examples_rclpy_executors:/home/intern1/ros2_ws/install/education_material:/home/intern1/ros2_ws/install/camera_follow:/home/intern1/ros2_ws/install/amr_ws:/opt/ros/jazzy DEBUGINFOD_URLS=https://debuginfod.ubuntu.com /usr/bin/cmake --build /home/intern1/ros2_ws/build/system_webview -- -j14 -l14
[7.255s] DEBUG:colcon.colcon_core.event_handler.log_command:Invoked command in '/home/intern1/ros2_ws/build/ros2_slam_auto_navigation' returned '0': CMAKE_PREFIX_PATH=${CMAKE_PREFIX_PATH}:/home/intern1/ros2_ws/install/tb3_multi_robot:/home/intern1/ros2_ws/install/launch_testing_examples:/home/intern1/ros2_ws/install/examples_rclpy_pointcloud_publisher:/home/intern1/ros2_ws/install/examples_rclpy_minimal_subscriber:/home/intern1/ros2_ws/install/examples_rclpy_minimal_service:/home/intern1/ros2_ws/install/examples_rclpy_minimal_publisher:/home/intern1/ros2_ws/install/examples_rclpy_minimal_client:/home/intern1/ros2_ws/install/examples_rclpy_minimal_action_server:/home/intern1/ros2_ws/install/examples_rclpy_minimal_action_client:/home/intern1/ros2_ws/install/examples_rclpy_guard_conditions:/home/intern1/ros2_ws/install/examples_rclpy_executors:/home/intern1/ros2_ws/install/education_material:/home/intern1/ros2_ws/install/camera_follow:/home/intern1/ros2_ws/install/amr_ws:/opt/ros/jazzy DEBUGINFOD_URLS=https://debuginfod.ubuntu.com /usr/bin/cmake --build /home/intern1/ros2_ws/build/ros2_slam_auto_navigation -- -j14 -l14
[7.256s] DEBUG:colcon.colcon_core.event_handler.log_command:Invoking command in '/home/intern1/ros2_ws/build/ros2_slam_auto_navigation': CMAKE_PREFIX_PATH=${CMAKE_PREFIX_PATH}:/home/intern1/ros2_ws/install/tb3_multi_robot:/home/intern1/ros2_ws/install/launch_testing_examples:/home/intern1/ros2_ws/install/examples_rclpy_pointcloud_publisher:/home/intern1/ros2_ws/install/examples_rclpy_minimal_subscriber:/home/intern1/ros2_ws/install/examples_rclpy_minimal_service:/home/intern1/ros2_ws/install/examples_rclpy_minimal_publisher:/home/intern1/ros2_ws/install/examples_rclpy_minimal_client:/home/intern1/ros2_ws/install/examples_rclpy_minimal_action_server:/home/intern1/ros2_ws/install/examples_rclpy_minimal_action_client:/home/intern1/ros2_ws/install/examples_rclpy_guard_conditions:/home/intern1/ros2_ws/install/examples_rclpy_executors:/home/intern1/ros2_ws/install/education_material:/home/intern1/ros2_ws/install/camera_follow:/home/intern1/ros2_ws/install/amr_ws:/opt/ros/jazzy DEBUGINFOD_URLS=https://debuginfod.ubuntu.com /usr/bin/cmake --install /home/intern1/ros2_ws/build/ros2_slam_auto_navigation
[7.296s] Level 1:colcon.colcon_core.environment:create_environment_scripts_only(ros2_slam_auto_navigation)
[7.297s] Level 1:colcon.colcon_core.environment:checking '/home/intern1/ros2_ws/install/ros2_slam_auto_navigation' for CMake module files
[7.298s] Level 1:colcon.colcon_core.environment:checking '/home/intern1/ros2_ws/install/ros2_slam_auto_navigation' for CMake config files
[7.299s] DEBUG:colcon.colcon_core.event_handler.log_command:Invoked command in '/home/intern1/ros2_ws/build/ros2_slam_auto_navigation' returned '0': CMAKE_PREFIX_PATH=${CMAKE_PREFIX_PATH}:/home/intern1/ros2_ws/install/tb3_multi_robot:/home/intern1/ros2_ws/install/launch_testing_examples:/home/intern1/ros2_ws/install/examples_rclpy_pointcloud_publisher:/home/intern1/ros2_ws/install/examples_rclpy_minimal_subscriber:/home/intern1/ros2_ws/install/examples_rclpy_minimal_service:/home/intern1/ros2_ws/install/examples_rclpy_minimal_publisher:/home/intern1/ros2_ws/install/examples_rclpy_minimal_client:/home/intern1/ros2_ws/install/examples_rclpy_minimal_action_server:/home/intern1/ros2_ws/install/examples_rclpy_minimal_action_client:/home/intern1/ros2_ws/install/examples_rclpy_guard_conditions:/home/intern1/ros2_ws/install/examples_rclpy_executors:/home/intern1/ros2_ws/install/education_material:/home/intern1/ros2_ws/install/camera_follow:/home/intern1/ros2_ws/install/amr_ws:/opt/ros/jazzy DEBUGINFOD_URLS=https://debuginfod.ubuntu.com /usr/bin/cmake --install /home/intern1/ros2_ws/build/ros2_slam_auto_navigation
[7.302s] Level 1:colcon.colcon_core.shell:create_environment_hook('ros2_slam_auto_navigation', 'cmake_prefix_path')
[7.302s] INFO:colcon.colcon_core.shell:Creating environment hook '/home/intern1/ros2_ws/install/ros2_slam_auto_navigation/share/ros2_slam_auto_navigation/hook/cmake_prefix_path.ps1'
[7.303s] INFO:colcon.colcon_core.shell:Creating environment descriptor '/home/intern1/ros2_ws/install/ros2_slam_auto_navigation/share/ros2_slam_auto_navigation/hook/cmake_prefix_path.dsv'
[7.304s] INFO:colcon.colcon_core.shell:Creating environment hook '/home/intern1/ros2_ws/install/ros2_slam_auto_navigation/share/ros2_slam_auto_navigation/hook/cmake_prefix_path.sh'
[7.305s] Level 1:colcon.colcon_core.environment:checking '/home/intern1/ros2_ws/install/ros2_slam_auto_navigation/bin'
[7.306s] Level 1:colcon.colcon_core.environment:checking '/home/intern1/ros2_ws/install/ros2_slam_auto_navigation/lib/pkgconfig/ros2_slam_auto_navigation.pc'
[7.306s] Level 1:colcon.colcon_core.environment:checking '/home/intern1/ros2_ws/install/ros2_slam_auto_navigation/lib/python3.12/site-packages'
[7.307s] Level 1:colcon.colcon_core.environment:checking '/home/intern1/ros2_ws/install/ros2_slam_auto_navigation/bin'
[7.307s] INFO:colcon.colcon_core.shell:Creating package script '/home/intern1/ros2_ws/install/ros2_slam_auto_navigation/share/ros2_slam_auto_navigation/package.ps1'
[7.309s] INFO:colcon.colcon_core.shell:Creating package descriptor '/home/intern1/ros2_ws/install/ros2_slam_auto_navigation/share/ros2_slam_auto_navigation/package.dsv'
[7.310s] INFO:colcon.colcon_core.shell:Creating package script '/home/intern1/ros2_ws/install/ros2_slam_auto_navigation/share/ros2_slam_auto_navigation/package.sh'
[7.311s] INFO:colcon.colcon_core.shell:Creating package script '/home/intern1/ros2_ws/install/ros2_slam_auto_navigation/share/ros2_slam_auto_navigation/package.bash'
[7.311s] INFO:colcon.colcon_core.shell:Creating package script '/home/intern1/ros2_ws/install/ros2_slam_auto_navigation/share/ros2_slam_auto_navigation/package.zsh'
[7.312s] Level 1:colcon.colcon_core.environment:create_file_with_runtime_dependencies(/home/intern1/ros2_ws/install/ros2_slam_auto_navigation/share/colcon-core/packages/ros2_slam_auto_navigation)
[7.313s] Level 1:colcon.colcon_core.environment:create_environment_scripts_only(ros2_slam_auto_navigation)
[7.314s] Level 1:colcon.colcon_core.environment:checking '/home/intern1/ros2_ws/install/ros2_slam_auto_navigation' for CMake module files
[7.315s] Level 1:colcon.colcon_core.environment:checking '/home/intern1/ros2_ws/install/ros2_slam_auto_navigation' for CMake config files
[7.315s] Level 1:colcon.colcon_core.shell:create_environment_hook('ros2_slam_auto_navigation', 'cmake_prefix_path')
[7.316s] INFO:colcon.colcon_core.shell:Creating environment hook '/home/intern1/ros2_ws/install/ros2_slam_auto_navigation/share/ros2_slam_auto_navigation/hook/cmake_prefix_path.ps1'
[7.317s] INFO:colcon.colcon_core.shell:Creating environment descriptor '/home/intern1/ros2_ws/install/ros2_slam_auto_navigation/share/ros2_slam_auto_navigation/hook/cmake_prefix_path.dsv'
[7.317s] INFO:colcon.colcon_core.shell:Creating environment hook '/home/intern1/ros2_ws/install/ros2_slam_auto_navigation/share/ros2_slam_auto_navigation/hook/cmake_prefix_path.sh'
[7.319s] Level 1:colcon.colcon_core.environment:checking '/home/intern1/ros2_ws/install/ros2_slam_auto_navigation/bin'
[7.319s] Level 1:colcon.colcon_core.environment:checking '/home/intern1/ros2_ws/install/ros2_slam_auto_navigation/lib/pkgconfig/ros2_slam_auto_navigation.pc'
[7.321s] Level 1:colcon.colcon_core.environment:checking '/home/intern1/ros2_ws/install/ros2_slam_auto_navigation/lib/python3.12/site-packages'
[7.322s] Level 1:colcon.colcon_core.environment:checking '/home/intern1/ros2_ws/install/ros2_slam_auto_navigation/bin'
[7.323s] INFO:colcon.colcon_core.shell:Creating package script '/home/intern1/ros2_ws/install/ros2_slam_auto_navigation/share/ros2_slam_auto_navigation/package.ps1'
[7.324s] INFO:colcon.colcon_core.shell:Creating package descriptor '/home/intern1/ros2_ws/install/ros2_slam_auto_navigation/share/ros2_slam_auto_navigation/package.dsv'
[7.325s] INFO:colcon.colcon_core.shell:Creating package script '/home/intern1/ros2_ws/install/ros2_slam_auto_navigation/share/ros2_slam_auto_navigation/package.sh'
[7.326s] INFO:colcon.colcon_core.shell:Creating package script '/home/intern1/ros2_ws/install/ros2_slam_auto_navigation/share/ros2_slam_auto_navigation/package.bash'
[7.329s] INFO:colcon.colcon_core.shell:Creating package script '/home/intern1/ros2_ws/install/ros2_slam_auto_navigation/share/ros2_slam_auto_navigation/package.zsh'
[7.330s] Level 1:colcon.colcon_core.environment:create_file_with_runtime_dependencies(/home/intern1/ros2_ws/install/ros2_slam_auto_navigation/share/colcon-core/packages/ros2_slam_auto_navigation)
[7.332s] INFO:colcon.colcon_ros.task.ament_python.build:Building ROS package in '/home/intern1/ros2_ws/src/tb3_multi_robot' with build type 'ament_python'
[7.332s] Level 1:colcon.colcon_core.shell:create_environment_hook('tb3_multi_robot', 'ament_prefix_path')
[7.332s] INFO:colcon.colcon_core.shell:Creating environment hook '/home/intern1/ros2_ws/install/tb3_multi_robot/share/tb3_multi_robot/hook/ament_prefix_path.ps1'
[7.336s] INFO:colcon.colcon_core.shell:Creating environment descriptor '/home/intern1/ros2_ws/install/tb3_multi_robot/share/tb3_multi_robot/hook/ament_prefix_path.dsv'
[7.337s] INFO:colcon.colcon_core.shell:Creating environment hook '/home/intern1/ros2_ws/install/tb3_multi_robot/share/tb3_multi_robot/hook/ament_prefix_path.sh'
[7.339s] INFO:colcon.colcon_core.shell:Skip shell extension 'powershell' for command environment: Not usable outside of PowerShell
[7.340s] DEBUG:colcon.colcon_core.shell:Skip shell extension 'dsv' for command environment
[7.354s] DEBUG:colcon.colcon_core.event_handler.log_command:Invoked command in '/home/intern1/ros2_ws/build/sam_bot_description' returned '0': CMAKE_PREFIX_PATH=${CMAKE_PREFIX_PATH}:/home/intern1/ros2_ws/install/tb3_multi_robot:/home/intern1/ros2_ws/install/launch_testing_examples:/home/intern1/ros2_ws/install/examples_rclpy_pointcloud_publisher:/home/intern1/ros2_ws/install/examples_rclpy_minimal_subscriber:/home/intern1/ros2_ws/install/examples_rclpy_minimal_service:/home/intern1/ros2_ws/install/examples_rclpy_minimal_publisher:/home/intern1/ros2_ws/install/examples_rclpy_minimal_client:/home/intern1/ros2_ws/install/examples_rclpy_minimal_action_server:/home/intern1/ros2_ws/install/examples_rclpy_minimal_action_client:/home/intern1/ros2_ws/install/examples_rclpy_guard_conditions:/home/intern1/ros2_ws/install/examples_rclpy_executors:/home/intern1/ros2_ws/install/education_material:/home/intern1/ros2_ws/install/camera_follow:/home/intern1/ros2_ws/install/amr_ws:/opt/ros/jazzy DEBUGINFOD_URLS=https://debuginfod.ubuntu.com /usr/bin/cmake --build /home/intern1/ros2_ws/build/sam_bot_description -- -j14 -l14
[7.357s] DEBUG:colcon.colcon_core.event_handler.log_command:Invoking command in '/home/intern1/ros2_ws/build/sam_bot_description': CMAKE_PREFIX_PATH=${CMAKE_PREFIX_PATH}:/home/intern1/ros2_ws/install/tb3_multi_robot:/home/intern1/ros2_ws/install/launch_testing_examples:/home/intern1/ros2_ws/install/examples_rclpy_pointcloud_publisher:/home/intern1/ros2_ws/install/examples_rclpy_minimal_subscriber:/home/intern1/ros2_ws/install/examples_rclpy_minimal_service:/home/intern1/ros2_ws/install/examples_rclpy_minimal_publisher:/home/intern1/ros2_ws/install/examples_rclpy_minimal_client:/home/intern1/ros2_ws/install/examples_rclpy_minimal_action_server:/home/intern1/ros2_ws/install/examples_rclpy_minimal_action_client:/home/intern1/ros2_ws/install/examples_rclpy_guard_conditions:/home/intern1/ros2_ws/install/examples_rclpy_executors:/home/intern1/ros2_ws/install/education_material:/home/intern1/ros2_ws/install/camera_follow:/home/intern1/ros2_ws/install/amr_ws:/opt/ros/jazzy DEBUGINFOD_URLS=https://debuginfod.ubuntu.com /usr/bin/cmake --install /home/intern1/ros2_ws/build/sam_bot_description
[7.751s] INFO:colcon.colcon_core.task.python.build:Building Python package in '/home/intern1/ros2_ws/src/tb3_multi_robot'
[7.752s] INFO:colcon.colcon_core.shell:Skip shell extension 'powershell' for command environment: Not usable outside of PowerShell
[7.752s] DEBUG:colcon.colcon_core.shell:Skip shell extension 'dsv' for command environment
[7.767s] DEBUG:colcon.colcon_core.event_handler.log_command:Invoked command in '/home/intern1/ros2_ws/build/system_webview' returned '0': CMAKE_PREFIX_PATH=${CMAKE_PREFIX_PATH}:/home/intern1/ros2_ws/install/tb3_multi_robot:/home/intern1/ros2_ws/install/launch_testing_examples:/home/intern1/ros2_ws/install/examples_rclpy_pointcloud_publisher:/home/intern1/ros2_ws/install/examples_rclpy_minimal_subscriber:/home/intern1/ros2_ws/install/examples_rclpy_minimal_service:/home/intern1/ros2_ws/install/examples_rclpy_minimal_publisher:/home/intern1/ros2_ws/install/examples_rclpy_minimal_client:/home/intern1/ros2_ws/install/examples_rclpy_minimal_action_server:/home/intern1/ros2_ws/install/examples_rclpy_minimal_action_client:/home/intern1/ros2_ws/install/examples_rclpy_guard_conditions:/home/intern1/ros2_ws/install/examples_rclpy_executors:/home/intern1/ros2_ws/install/education_material:/home/intern1/ros2_ws/install/camera_follow:/home/intern1/ros2_ws/install/amr_ws:/opt/ros/jazzy DEBUGINFOD_URLS=https://debuginfod.ubuntu.com /usr/bin/cmake --build /home/intern1/ros2_ws/build/system_webview -- -j14 -l14
[7.767s] DEBUG:colcon.colcon_core.event_handler.log_command:Invoking command in '/home/intern1/ros2_ws/build/system_webview': CMAKE_PREFIX_PATH=${CMAKE_PREFIX_PATH}:/home/intern1/ros2_ws/install/tb3_multi_robot:/home/intern1/ros2_ws/install/launch_testing_examples:/home/intern1/ros2_ws/install/examples_rclpy_pointcloud_publisher:/home/intern1/ros2_ws/install/examples_rclpy_minimal_subscriber:/home/intern1/ros2_ws/install/examples_rclpy_minimal_service:/home/intern1/ros2_ws/install/examples_rclpy_minimal_publisher:/home/intern1/ros2_ws/install/examples_rclpy_minimal_client:/home/intern1/ros2_ws/install/examples_rclpy_minimal_action_server:/home/intern1/ros2_ws/install/examples_rclpy_minimal_action_client:/home/intern1/ros2_ws/install/examples_rclpy_guard_conditions:/home/intern1/ros2_ws/install/examples_rclpy_executors:/home/intern1/ros2_ws/install/education_material:/home/intern1/ros2_ws/install/camera_follow:/home/intern1/ros2_ws/install/amr_ws:/opt/ros/jazzy DEBUGINFOD_URLS=https://debuginfod.ubuntu.com /usr/bin/cmake --install /home/intern1/ros2_ws/build/system_webview
[7.768s] DEBUG:colcon.colcon_core.event_handler.log_command:Invoked command in '/home/intern1/ros2_ws/build/rplidar_ros' returned '0': CMAKE_PREFIX_PATH=${CMAKE_PREFIX_PATH}:/home/intern1/ros2_ws/install/tb3_multi_robot:/home/intern1/ros2_ws/install/launch_testing_examples:/home/intern1/ros2_ws/install/examples_rclpy_pointcloud_publisher:/home/intern1/ros2_ws/install/examples_rclpy_minimal_subscriber:/home/intern1/ros2_ws/install/examples_rclpy_minimal_service:/home/intern1/ros2_ws/install/examples_rclpy_minimal_publisher:/home/intern1/ros2_ws/install/examples_rclpy_minimal_client:/home/intern1/ros2_ws/install/examples_rclpy_minimal_action_server:/home/intern1/ros2_ws/install/examples_rclpy_minimal_action_client:/home/intern1/ros2_ws/install/examples_rclpy_guard_conditions:/home/intern1/ros2_ws/install/examples_rclpy_executors:/home/intern1/ros2_ws/install/education_material:/home/intern1/ros2_ws/install/camera_follow:/home/intern1/ros2_ws/install/amr_ws:/opt/ros/jazzy DEBUGINFOD_URLS=https://debuginfod.ubuntu.com /usr/bin/cmake --build /home/intern1/ros2_ws/build/rplidar_ros -- -j14 -l14
[7.768s] DEBUG:colcon.colcon_core.event_handler.log_command:Invoking command in '/home/intern1/ros2_ws/build/rplidar_ros': CMAKE_PREFIX_PATH=${CMAKE_PREFIX_PATH}:/home/intern1/ros2_ws/install/tb3_multi_robot:/home/intern1/ros2_ws/install/launch_testing_examples:/home/intern1/ros2_ws/install/examples_rclpy_pointcloud_publisher:/home/intern1/ros2_ws/install/examples_rclpy_minimal_subscriber:/home/intern1/ros2_ws/install/examples_rclpy_minimal_service:/home/intern1/ros2_ws/install/examples_rclpy_minimal_publisher:/home/intern1/ros2_ws/install/examples_rclpy_minimal_client:/home/intern1/ros2_ws/install/examples_rclpy_minimal_action_server:/home/intern1/ros2_ws/install/examples_rclpy_minimal_action_client:/home/intern1/ros2_ws/install/examples_rclpy_guard_conditions:/home/intern1/ros2_ws/install/examples_rclpy_executors:/home/intern1/ros2_ws/install/education_material:/home/intern1/ros2_ws/install/camera_follow:/home/intern1/ros2_ws/install/amr_ws:/opt/ros/jazzy DEBUGINFOD_URLS=https://debuginfod.ubuntu.com /usr/bin/cmake --install /home/intern1/ros2_ws/build/rplidar_ros
[7.769s] Level 1:colcon.colcon_core.environment:create_environment_scripts_only(sam_bot_description)
[7.769s] Level 1:colcon.colcon_core.environment:checking '/home/intern1/ros2_ws/install/sam_bot_description' for CMake module files
[7.770s] Level 1:colcon.colcon_core.environment:checking '/home/intern1/ros2_ws/install/sam_bot_description' for CMake config files
[7.774s] DEBUG:colcon.colcon_core.event_handler.log_command:Invoked command in '/home/intern1/ros2_ws/build/sam_bot_description' returned '0': CMAKE_PREFIX_PATH=${CMAKE_PREFIX_PATH}:/home/intern1/ros2_ws/install/tb3_multi_robot:/home/intern1/ros2_ws/install/launch_testing_examples:/home/intern1/ros2_ws/install/examples_rclpy_pointcloud_publisher:/home/intern1/ros2_ws/install/examples_rclpy_minimal_subscriber:/home/intern1/ros2_ws/install/examples_rclpy_minimal_service:/home/intern1/ros2_ws/install/examples_rclpy_minimal_publisher:/home/intern1/ros2_ws/install/examples_rclpy_minimal_client:/home/intern1/ros2_ws/install/examples_rclpy_minimal_action_server:/home/intern1/ros2_ws/install/examples_rclpy_minimal_action_client:/home/intern1/ros2_ws/install/examples_rclpy_guard_conditions:/home/intern1/ros2_ws/install/examples_rclpy_executors:/home/intern1/ros2_ws/install/education_material:/home/intern1/ros2_ws/install/camera_follow:/home/intern1/ros2_ws/install/amr_ws:/opt/ros/jazzy DEBUGINFOD_URLS=https://debuginfod.ubuntu.com /usr/bin/cmake --install /home/intern1/ros2_ws/build/sam_bot_description
[7.776s] Level 1:colcon.colcon_core.shell:create_environment_hook('sam_bot_description', 'cmake_prefix_path')
[7.776s] INFO:colcon.colcon_core.shell:Creating environment hook '/home/intern1/ros2_ws/install/sam_bot_description/share/sam_bot_description/hook/cmake_prefix_path.ps1'
[7.780s] INFO:colcon.colcon_core.shell:Creating environment descriptor '/home/intern1/ros2_ws/install/sam_bot_description/share/sam_bot_description/hook/cmake_prefix_path.dsv'
[7.781s] INFO:colcon.colcon_core.shell:Creating environment hook '/home/intern1/ros2_ws/install/sam_bot_description/share/sam_bot_description/hook/cmake_prefix_path.sh'
[7.782s] Level 1:colcon.colcon_core.environment:checking '/home/intern1/ros2_ws/install/sam_bot_description/bin'
[7.782s] Level 1:colcon.colcon_core.environment:checking '/home/intern1/ros2_ws/install/sam_bot_description/lib/pkgconfig/sam_bot_description.pc'
[7.783s] Level 1:colcon.colcon_core.environment:checking '/home/intern1/ros2_ws/install/sam_bot_description/lib/python3.12/site-packages'
[7.784s] Level 1:colcon.colcon_core.environment:checking '/home/intern1/ros2_ws/install/sam_bot_description/bin'
[7.784s] INFO:colcon.colcon_core.shell:Creating package script '/home/intern1/ros2_ws/install/sam_bot_description/share/sam_bot_description/package.ps1'
[7.787s] INFO:colcon.colcon_core.shell:Creating package descriptor '/home/intern1/ros2_ws/install/sam_bot_description/share/sam_bot_description/package.dsv'
[7.789s] INFO:colcon.colcon_core.shell:Creating package script '/home/intern1/ros2_ws/install/sam_bot_description/share/sam_bot_description/package.sh'
[7.792s] INFO:colcon.colcon_core.shell:Creating package script '/home/intern1/ros2_ws/install/sam_bot_description/share/sam_bot_description/package.bash'
[7.792s] INFO:colcon.colcon_core.shell:Creating package script '/home/intern1/ros2_ws/install/sam_bot_description/share/sam_bot_description/package.zsh'
[7.794s] Level 1:colcon.colcon_core.environment:create_file_with_runtime_dependencies(/home/intern1/ros2_ws/install/sam_bot_description/share/colcon-core/packages/sam_bot_description)
[7.795s] Level 1:colcon.colcon_core.environment:create_environment_scripts_only(sam_bot_description)
[7.796s] Level 1:colcon.colcon_core.environment:checking '/home/intern1/ros2_ws/install/sam_bot_description' for CMake module files
[7.799s] Level 1:colcon.colcon_core.environment:checking '/home/intern1/ros2_ws/install/sam_bot_description' for CMake config files
[7.799s] Level 1:colcon.colcon_core.shell:create_environment_hook('sam_bot_description', 'cmake_prefix_path')
[7.800s] INFO:colcon.colcon_core.shell:Creating environment hook '/home/intern1/ros2_ws/install/sam_bot_description/share/sam_bot_description/hook/cmake_prefix_path.ps1'
[7.809s] INFO:colcon.colcon_core.shell:Creating environment descriptor '/home/intern1/ros2_ws/install/sam_bot_description/share/sam_bot_description/hook/cmake_prefix_path.dsv'
[7.812s] INFO:colcon.colcon_core.shell:Creating environment hook '/home/intern1/ros2_ws/install/sam_bot_description/share/sam_bot_description/hook/cmake_prefix_path.sh'
[7.813s] Level 1:colcon.colcon_core.environment:checking '/home/intern1/ros2_ws/install/sam_bot_description/bin'
[7.814s] Level 1:colcon.colcon_core.environment:checking '/home/intern1/ros2_ws/install/sam_bot_description/lib/pkgconfig/sam_bot_description.pc'
[7.814s] Level 1:colcon.colcon_core.environment:checking '/home/intern1/ros2_ws/install/sam_bot_description/lib/python3.12/site-packages'
[7.815s] Level 1:colcon.colcon_core.environment:checking '/home/intern1/ros2_ws/install/sam_bot_description/bin'
[7.815s] INFO:colcon.colcon_core.shell:Creating package script '/home/intern1/ros2_ws/install/sam_bot_description/share/sam_bot_description/package.ps1'
[7.816s] INFO:colcon.colcon_core.shell:Creating package descriptor '/home/intern1/ros2_ws/install/sam_bot_description/share/sam_bot_description/package.dsv'
[7.817s] INFO:colcon.colcon_core.shell:Creating package script '/home/intern1/ros2_ws/install/sam_bot_description/share/sam_bot_description/package.sh'
[7.818s] INFO:colcon.colcon_core.shell:Creating package script '/home/intern1/ros2_ws/install/sam_bot_description/share/sam_bot_description/package.bash'
[7.819s] INFO:colcon.colcon_core.shell:Creating package script '/home/intern1/ros2_ws/install/sam_bot_description/share/sam_bot_description/package.zsh'
[7.819s] Level 1:colcon.colcon_core.environment:create_file_with_runtime_dependencies(/home/intern1/ros2_ws/install/sam_bot_description/share/colcon-core/packages/sam_bot_description)
[7.821s] INFO:colcon.colcon_ros.task.ament_cmake.build:Building ROS package in '/home/intern1/ros2_ws/src/ros_tutorials/turtlesim' with build type 'ament_cmake'
[7.821s] INFO:colcon.colcon_cmake.task.cmake.build:Building CMake package in '/home/intern1/ros2_ws/src/ros_tutorials/turtlesim'
[7.822s] INFO:colcon.colcon_core.shell:Skip shell extension 'powershell' for command environment: Not usable outside of PowerShell
[7.822s] DEBUG:colcon.colcon_core.shell:Skip shell extension 'dsv' for command environment
[7.849s] Level 1:colcon.colcon_core.environment:create_environment_scripts_only(rplidar_ros)
[7.849s] Level 1:colcon.colcon_core.environment:checking '/home/intern1/ros2_ws/install/rplidar_ros' for CMake module files
[7.850s] DEBUG:colcon.colcon_core.event_handler.log_command:Invoked command in '/home/intern1/ros2_ws/build/rplidar_ros' returned '0': CMAKE_PREFIX_PATH=${CMAKE_PREFIX_PATH}:/home/intern1/ros2_ws/install/tb3_multi_robot:/home/intern1/ros2_ws/install/launch_testing_examples:/home/intern1/ros2_ws/install/examples_rclpy_pointcloud_publisher:/home/intern1/ros2_ws/install/examples_rclpy_minimal_subscriber:/home/intern1/ros2_ws/install/examples_rclpy_minimal_service:/home/intern1/ros2_ws/install/examples_rclpy_minimal_publisher:/home/intern1/ros2_ws/install/examples_rclpy_minimal_client:/home/intern1/ros2_ws/install/examples_rclpy_minimal_action_server:/home/intern1/ros2_ws/install/examples_rclpy_minimal_action_client:/home/intern1/ros2_ws/install/examples_rclpy_guard_conditions:/home/intern1/ros2_ws/install/examples_rclpy_executors:/home/intern1/ros2_ws/install/education_material:/home/intern1/ros2_ws/install/camera_follow:/home/intern1/ros2_ws/install/amr_ws:/opt/ros/jazzy DEBUGINFOD_URLS=https://debuginfod.ubuntu.com /usr/bin/cmake --install /home/intern1/ros2_ws/build/rplidar_ros
[7.851s] Level 1:colcon.colcon_core.environment:checking '/home/intern1/ros2_ws/install/rplidar_ros' for CMake config files
[7.852s] Level 1:colcon.colcon_core.shell:create_environment_hook('rplidar_ros', 'cmake_prefix_path')
[7.852s] INFO:colcon.colcon_core.shell:Creating environment hook '/home/intern1/ros2_ws/install/rplidar_ros/share/rplidar_ros/hook/cmake_prefix_path.ps1'
[7.853s] INFO:colcon.colcon_core.shell:Creating environment descriptor '/home/intern1/ros2_ws/install/rplidar_ros/share/rplidar_ros/hook/cmake_prefix_path.dsv'
[7.856s] INFO:colcon.colcon_core.shell:Creating environment hook '/home/intern1/ros2_ws/install/rplidar_ros/share/rplidar_ros/hook/cmake_prefix_path.sh'
[7.857s] Level 1:colcon.colcon_core.environment:checking '/home/intern1/ros2_ws/install/rplidar_ros/lib'
[7.857s] Level 1:colcon.colcon_core.environment:checking '/home/intern1/ros2_ws/install/rplidar_ros/bin'
[7.857s] Level 1:colcon.colcon_core.environment:checking '/home/intern1/ros2_ws/install/rplidar_ros/lib/pkgconfig/rplidar_ros.pc'
[7.857s] Level 1:colcon.colcon_core.environment:checking '/home/intern1/ros2_ws/install/rplidar_ros/lib/python3.12/site-packages'
[7.858s] Level 1:colcon.colcon_core.environment:checking '/home/intern1/ros2_ws/install/rplidar_ros/bin'
[7.859s] INFO:colcon.colcon_core.shell:Creating package script '/home/intern1/ros2_ws/install/rplidar_ros/share/rplidar_ros/package.ps1'
[7.862s] INFO:colcon.colcon_core.shell:Creating package descriptor '/home/intern1/ros2_ws/install/rplidar_ros/share/rplidar_ros/package.dsv'
[7.863s] INFO:colcon.colcon_core.shell:Creating package script '/home/intern1/ros2_ws/install/rplidar_ros/share/rplidar_ros/package.sh'
[7.864s] INFO:colcon.colcon_core.shell:Creating package script '/home/intern1/ros2_ws/install/rplidar_ros/share/rplidar_ros/package.bash'
[7.865s] INFO:colcon.colcon_core.shell:Creating package script '/home/intern1/ros2_ws/install/rplidar_ros/share/rplidar_ros/package.zsh'
[7.865s] Level 1:colcon.colcon_core.environment:create_file_with_runtime_dependencies(/home/intern1/ros2_ws/install/rplidar_ros/share/colcon-core/packages/rplidar_ros)
[7.866s] Level 1:colcon.colcon_core.environment:create_environment_scripts_only(rplidar_ros)
[7.867s] Level 1:colcon.colcon_core.environment:checking '/home/intern1/ros2_ws/install/rplidar_ros' for CMake module files
[7.869s] Level 1:colcon.colcon_core.environment:checking '/home/intern1/ros2_ws/install/rplidar_ros' for CMake config files
[7.870s] Level 1:colcon.colcon_core.shell:create_environment_hook('rplidar_ros', 'cmake_prefix_path')
[7.870s] INFO:colcon.colcon_core.shell:Creating environment hook '/home/intern1/ros2_ws/install/rplidar_ros/share/rplidar_ros/hook/cmake_prefix_path.ps1'
[7.874s] INFO:colcon.colcon_core.shell:Creating environment descriptor '/home/intern1/ros2_ws/install/rplidar_ros/share/rplidar_ros/hook/cmake_prefix_path.dsv'
[7.875s] INFO:colcon.colcon_core.shell:Creating environment hook '/home/intern1/ros2_ws/install/rplidar_ros/share/rplidar_ros/hook/cmake_prefix_path.sh'
[7.878s] Level 1:colcon.colcon_core.environment:checking '/home/intern1/ros2_ws/install/rplidar_ros/lib'
[7.878s] Level 1:colcon.colcon_core.environment:checking '/home/intern1/ros2_ws/install/rplidar_ros/bin'
[7.878s] Level 1:colcon.colcon_core.environment:checking '/home/intern1/ros2_ws/install/rplidar_ros/lib/pkgconfig/rplidar_ros.pc'
[7.881s] Level 1:colcon.colcon_core.environment:checking '/home/intern1/ros2_ws/install/rplidar_ros/lib/python3.12/site-packages'
[7.883s] Level 1:colcon.colcon_core.environment:checking '/home/intern1/ros2_ws/install/rplidar_ros/bin'
[7.885s] INFO:colcon.colcon_core.shell:Creating package script '/home/intern1/ros2_ws/install/rplidar_ros/share/rplidar_ros/package.ps1'
[7.886s] INFO:colcon.colcon_core.shell:Creating package descriptor '/home/intern1/ros2_ws/install/rplidar_ros/share/rplidar_ros/package.dsv'
[7.887s] INFO:colcon.colcon_core.shell:Creating package script '/home/intern1/ros2_ws/install/rplidar_ros/share/rplidar_ros/package.sh'
[7.890s] INFO:colcon.colcon_core.shell:Creating package script '/home/intern1/ros2_ws/install/rplidar_ros/share/rplidar_ros/package.bash'
[7.891s] INFO:colcon.colcon_core.shell:Creating package script '/home/intern1/ros2_ws/install/rplidar_ros/share/rplidar_ros/package.zsh'
[7.892s] Level 1:colcon.colcon_core.environment:create_file_with_runtime_dependencies(/home/intern1/ros2_ws/install/rplidar_ros/share/colcon-core/packages/rplidar_ros)
[7.893s] Level 1:colcon.colcon_core.environment:create_environment_scripts_only(system_webview)
[7.894s] Level 1:colcon.colcon_core.environment:checking '/home/intern1/ros2_ws/install/system_webview' for CMake module files
[7.895s] Level 1:colcon.colcon_core.environment:checking '/home/intern1/ros2_ws/install/system_webview' for CMake config files
[7.900s] DEBUG:colcon.colcon_core.event_handler.log_command:Invoked command in '/home/intern1/ros2_ws/build/system_webview' returned '0': CMAKE_PREFIX_PATH=${CMAKE_PREFIX_PATH}:/home/intern1/ros2_ws/install/tb3_multi_robot:/home/intern1/ros2_ws/install/launch_testing_examples:/home/intern1/ros2_ws/install/examples_rclpy_pointcloud_publisher:/home/intern1/ros2_ws/install/examples_rclpy_minimal_subscriber:/home/intern1/ros2_ws/install/examples_rclpy_minimal_service:/home/intern1/ros2_ws/install/examples_rclpy_minimal_publisher:/home/intern1/ros2_ws/install/examples_rclpy_minimal_client:/home/intern1/ros2_ws/install/examples_rclpy_minimal_action_server:/home/intern1/ros2_ws/install/examples_rclpy_minimal_action_client:/home/intern1/ros2_ws/install/examples_rclpy_guard_conditions:/home/intern1/ros2_ws/install/examples_rclpy_executors:/home/intern1/ros2_ws/install/education_material:/home/intern1/ros2_ws/install/camera_follow:/home/intern1/ros2_ws/install/amr_ws:/opt/ros/jazzy DEBUGINFOD_URLS=https://debuginfod.ubuntu.com /usr/bin/cmake --install /home/intern1/ros2_ws/build/system_webview
[7.900s] Level 1:colcon.colcon_core.shell:create_environment_hook('system_webview', 'cmake_prefix_path')
[7.901s] INFO:colcon.colcon_core.shell:Creating environment hook '/home/intern1/ros2_ws/install/system_webview/share/system_webview/hook/cmake_prefix_path.ps1'
[7.902s] INFO:colcon.colcon_core.shell:Creating environment descriptor '/home/intern1/ros2_ws/install/system_webview/share/system_webview/hook/cmake_prefix_path.dsv'
[7.902s] INFO:colcon.colcon_core.shell:Creating environment hook '/home/intern1/ros2_ws/install/system_webview/share/system_webview/hook/cmake_prefix_path.sh'
[7.903s] Level 1:colcon.colcon_core.environment:checking '/home/intern1/ros2_ws/install/system_webview/lib'
[7.903s] Level 1:colcon.colcon_core.environment:checking '/home/intern1/ros2_ws/install/system_webview/bin'
[7.903s] Level 1:colcon.colcon_core.environment:checking '/home/intern1/ros2_ws/install/system_webview/lib/pkgconfig/system_webview.pc'
[7.904s] Level 1:colcon.colcon_core.environment:checking '/home/intern1/ros2_ws/install/system_webview/lib/python3.12/site-packages'
[7.904s] Level 1:colcon.colcon_core.environment:checking '/home/intern1/ros2_ws/install/system_webview/bin'
[7.905s] INFO:colcon.colcon_core.shell:Creating package script '/home/intern1/ros2_ws/install/system_webview/share/system_webview/package.ps1'
[7.905s] INFO:colcon.colcon_core.shell:Creating package descriptor '/home/intern1/ros2_ws/install/system_webview/share/system_webview/package.dsv'
[7.906s] INFO:colcon.colcon_core.shell:Creating package script '/home/intern1/ros2_ws/install/system_webview/share/system_webview/package.sh'
[7.906s] INFO:colcon.colcon_core.shell:Creating package script '/home/intern1/ros2_ws/install/system_webview/share/system_webview/package.bash'
[7.907s] INFO:colcon.colcon_core.shell:Creating package script '/home/intern1/ros2_ws/install/system_webview/share/system_webview/package.zsh'
[7.907s] Level 1:colcon.colcon_core.environment:create_file_with_runtime_dependencies(/home/intern1/ros2_ws/install/system_webview/share/colcon-core/packages/system_webview)
[7.908s] Level 1:colcon.colcon_core.environment:create_environment_scripts_only(system_webview)
[7.908s] Level 1:colcon.colcon_core.environment:checking '/home/intern1/ros2_ws/install/system_webview' for CMake module files
[7.909s] Level 1:colcon.colcon_core.environment:checking '/home/intern1/ros2_ws/install/system_webview' for CMake config files
[7.909s] Level 1:colcon.colcon_core.shell:create_environment_hook('system_webview', 'cmake_prefix_path')
[7.909s] INFO:colcon.colcon_core.shell:Creating environment hook '/home/intern1/ros2_ws/install/system_webview/share/system_webview/hook/cmake_prefix_path.ps1'
[7.910s] INFO:colcon.colcon_core.shell:Creating environment descriptor '/home/intern1/ros2_ws/install/system_webview/share/system_webview/hook/cmake_prefix_path.dsv'
[7.911s] INFO:colcon.colcon_core.shell:Creating environment hook '/home/intern1/ros2_ws/install/system_webview/share/system_webview/hook/cmake_prefix_path.sh'
[7.912s] Level 1:colcon.colcon_core.environment:checking '/home/intern1/ros2_ws/install/system_webview/lib'
[7.912s] Level 1:colcon.colcon_core.environment:checking '/home/intern1/ros2_ws/install/system_webview/bin'
[7.912s] Level 1:colcon.colcon_core.environment:checking '/home/intern1/ros2_ws/install/system_webview/lib/pkgconfig/system_webview.pc'
[7.913s] Level 1:colcon.colcon_core.environment:checking '/home/intern1/ros2_ws/install/system_webview/lib/python3.12/site-packages'
[7.913s] Level 1:colcon.colcon_core.environment:checking '/home/intern1/ros2_ws/install/system_webview/bin'
[7.914s] INFO:colcon.colcon_core.shell:Creating package script '/home/intern1/ros2_ws/install/system_webview/share/system_webview/package.ps1'
[7.917s] INFO:colcon.colcon_core.shell:Creating package descriptor '/home/intern1/ros2_ws/install/system_webview/share/system_webview/package.dsv'
[7.918s] INFO:colcon.colcon_core.shell:Creating package script '/home/intern1/ros2_ws/install/system_webview/share/system_webview/package.sh'
[7.919s] INFO:colcon.colcon_core.shell:Creating package script '/home/intern1/ros2_ws/install/system_webview/share/system_webview/package.bash'
[7.920s] INFO:colcon.colcon_core.shell:Creating package script '/home/intern1/ros2_ws/install/system_webview/share/system_webview/package.zsh'
[7.920s] Level 1:colcon.colcon_core.environment:create_file_with_runtime_dependencies(/home/intern1/ros2_ws/install/system_webview/share/colcon-core/packages/system_webview)
[7.927s] DEBUG:colcon.colcon_core.event_handler.log_command:Invoking command in '/home/intern1/ros2_ws/build/turtlesim': CMAKE_PREFIX_PATH=${CMAKE_PREFIX_PATH}:/home/intern1/ros2_ws/install/tb3_multi_robot:/home/intern1/ros2_ws/install/launch_testing_examples:/home/intern1/ros2_ws/install/examples_rclpy_pointcloud_publisher:/home/intern1/ros2_ws/install/examples_rclpy_minimal_subscriber:/home/intern1/ros2_ws/install/examples_rclpy_minimal_service:/home/intern1/ros2_ws/install/examples_rclpy_minimal_publisher:/home/intern1/ros2_ws/install/examples_rclpy_minimal_client:/home/intern1/ros2_ws/install/examples_rclpy_minimal_action_server:/home/intern1/ros2_ws/install/examples_rclpy_minimal_action_client:/home/intern1/ros2_ws/install/examples_rclpy_guard_conditions:/home/intern1/ros2_ws/install/examples_rclpy_executors:/home/intern1/ros2_ws/install/education_material:/home/intern1/ros2_ws/install/camera_follow:/home/intern1/ros2_ws/install/amr_ws:/opt/ros/jazzy DEBUGINFOD_URLS=https://debuginfod.ubuntu.com /usr/bin/cmake --build /home/intern1/ros2_ws/build/turtlesim -- -j14 -l14
[8.266s] Level 1:colcon.colcon_core.environment:checking '/home/intern1/ros2_ws/install/examples_rclpy_executors' for CMake module files
[8.266s] DEBUG:colcon.colcon_core.event_handler.log_command:Invoked command in '/home/intern1/ros2_ws/src/examples/rclpy/executors' returned '0': DEBUGINFOD_URLS=https://debuginfod.ubuntu.com PYTHONPATH=/home/intern1/ros2_ws/build/examples_rclpy_executors/prefix_override:/usr/lib/python3/dist-packages/colcon_core/task/python/colcon_distutils_commands:/home/intern1/ros2_ws/install/examples_rclpy_executors/lib/python3.12/site-packages:${PYTHONPATH} /usr/bin/python3 -W ignore:setup.py install is deprecated -W ignore:easy_install command is deprecated setup.py egg_info --egg-base ../../../../build/examples_rclpy_executors build --build-base /home/intern1/ros2_ws/build/examples_rclpy_executors/build install --record /home/intern1/ros2_ws/build/examples_rclpy_executors/install.log --single-version-externally-managed install_data
[8.268s] Level 1:colcon.colcon_core.environment:checking '/home/intern1/ros2_ws/install/examples_rclpy_executors' for CMake config files
[8.270s] Level 1:colcon.colcon_core.environment:checking '/home/intern1/ros2_ws/install/examples_rclpy_executors/lib'
[8.270s] Level 1:colcon.colcon_core.environment:checking '/home/intern1/ros2_ws/install/examples_rclpy_executors/bin'
[8.270s] Level 1:colcon.colcon_core.environment:checking '/home/intern1/ros2_ws/install/examples_rclpy_executors/lib/pkgconfig/examples_rclpy_executors.pc'
[8.271s] Level 1:colcon.colcon_core.environment:checking '/home/intern1/ros2_ws/install/examples_rclpy_executors/lib/python3.12/site-packages'
[8.271s] Level 1:colcon.colcon_core.shell:create_environment_hook('examples_rclpy_executors', 'pythonpath')
[8.272s] INFO:colcon.colcon_core.shell:Creating environment hook '/home/intern1/ros2_ws/install/examples_rclpy_executors/share/examples_rclpy_executors/hook/pythonpath.ps1'
[8.272s] INFO:colcon.colcon_core.shell:Creating environment descriptor '/home/intern1/ros2_ws/install/examples_rclpy_executors/share/examples_rclpy_executors/hook/pythonpath.dsv'
[8.274s] INFO:colcon.colcon_core.shell:Creating environment hook '/home/intern1/ros2_ws/install/examples_rclpy_executors/share/examples_rclpy_executors/hook/pythonpath.sh'
[8.276s] Level 1:colcon.colcon_core.environment:checking '/home/intern1/ros2_ws/install/examples_rclpy_executors/bin'
[8.277s] Level 1:colcon.colcon_core.environment:create_environment_scripts_only(examples_rclpy_executors)
[8.277s] INFO:colcon.colcon_core.shell:Creating package script '/home/intern1/ros2_ws/install/examples_rclpy_executors/share/examples_rclpy_executors/package.ps1'
[8.280s] INFO:colcon.colcon_core.shell:Creating package descriptor '/home/intern1/ros2_ws/install/examples_rclpy_executors/share/examples_rclpy_executors/package.dsv'
[8.281s] INFO:colcon.colcon_core.shell:Creating package script '/home/intern1/ros2_ws/install/examples_rclpy_executors/share/examples_rclpy_executors/package.sh'
[8.284s] INFO:colcon.colcon_core.shell:Creating package script '/home/intern1/ros2_ws/install/examples_rclpy_executors/share/examples_rclpy_executors/package.bash'
[8.285s] INFO:colcon.colcon_core.shell:Creating package script '/home/intern1/ros2_ws/install/examples_rclpy_executors/share/examples_rclpy_executors/package.zsh'
[8.287s] Level 1:colcon.colcon_core.environment:create_file_with_runtime_dependencies(/home/intern1/ros2_ws/install/examples_rclpy_executors/share/colcon-core/packages/examples_rclpy_executors)
[8.305s] DEBUG:colcon.colcon_core.event_handler.log_command:Invoking command in '/home/intern1/ros2_ws/src/examples/rclpy/actions/minimal_action_server': DEBUGINFOD_URLS=https://debuginfod.ubuntu.com PYTHONPATH=/home/intern1/ros2_ws/build/examples_rclpy_minimal_action_server/prefix_override:/usr/lib/python3/dist-packages/colcon_core/task/python/colcon_distutils_commands:/home/intern1/ros2_ws/install/examples_rclpy_minimal_action_server/lib/python3.12/site-packages:${PYTHONPATH} /usr/bin/python3 -W ignore:setup.py install is deprecated -W ignore:easy_install command is deprecated setup.py egg_info --egg-base ../../../../../build/examples_rclpy_minimal_action_server build --build-base /home/intern1/ros2_ws/build/examples_rclpy_minimal_action_server/build install --record /home/intern1/ros2_ws/build/examples_rclpy_minimal_action_server/install.log --single-version-externally-managed install_data
[8.321s] DEBUG:colcon.colcon_core.event_handler.log_command:Invoking command in '/home/intern1/ros2_ws/src/examples/rclpy/services/minimal_client': DEBUGINFOD_URLS=https://debuginfod.ubuntu.com PYTHONPATH=/home/intern1/ros2_ws/build/examples_rclpy_minimal_client/prefix_override:/usr/lib/python3/dist-packages/colcon_core/task/python/colcon_distutils_commands:/home/intern1/ros2_ws/install/examples_rclpy_minimal_client/lib/python3.12/site-packages:${PYTHONPATH} /usr/bin/python3 -W ignore:setup.py install is deprecated -W ignore:easy_install command is deprecated setup.py egg_info --egg-base ../../../../../build/examples_rclpy_minimal_client build --build-base /home/intern1/ros2_ws/build/examples_rclpy_minimal_client/build install --record /home/intern1/ros2_ws/build/examples_rclpy_minimal_client/install.log --single-version-externally-managed install_data
[8.399s] Level 1:colcon.colcon_core.environment:checking '/home/intern1/ros2_ws/install/examples_rclpy_guard_conditions' for CMake module files
[8.401s] Level 1:colcon.colcon_core.environment:checking '/home/intern1/ros2_ws/install/examples_rclpy_guard_conditions' for CMake config files
[8.402s] Level 1:colcon.colcon_core.environment:checking '/home/intern1/ros2_ws/install/examples_rclpy_guard_conditions/lib'
[8.400s] DEBUG:colcon.colcon_core.event_handler.log_command:Invoked command in '/home/intern1/ros2_ws/src/examples/rclpy/guard_conditions' returned '0': DEBUGINFOD_URLS=https://debuginfod.ubuntu.com PYTHONPATH=/home/intern1/ros2_ws/build/examples_rclpy_guard_conditions/prefix_override:/usr/lib/python3/dist-packages/colcon_core/task/python/colcon_distutils_commands:/home/intern1/ros2_ws/install/examples_rclpy_guard_conditions/lib/python3.12/site-packages:${PYTHONPATH} /usr/bin/python3 -W ignore:setup.py install is deprecated -W ignore:easy_install command is deprecated setup.py egg_info --egg-base ../../../../build/examples_rclpy_guard_conditions build --build-base /home/intern1/ros2_ws/build/examples_rclpy_guard_conditions/build install --record /home/intern1/ros2_ws/build/examples_rclpy_guard_conditions/install.log --single-version-externally-managed install_data
[8.402s] Level 1:colcon.colcon_core.environment:checking '/home/intern1/ros2_ws/install/examples_rclpy_guard_conditions/bin'
[8.403s] Level 1:colcon.colcon_core.environment:checking '/home/intern1/ros2_ws/install/examples_rclpy_guard_conditions/lib/pkgconfig/examples_rclpy_guard_conditions.pc'
[8.404s] Level 1:colcon.colcon_core.environment:checking '/home/intern1/ros2_ws/install/examples_rclpy_guard_conditions/lib/python3.12/site-packages'
[8.404s] Level 1:colcon.colcon_core.shell:create_environment_hook('examples_rclpy_guard_conditions', 'pythonpath')
[8.404s] INFO:colcon.colcon_core.shell:Creating environment hook '/home/intern1/ros2_ws/install/examples_rclpy_guard_conditions/share/examples_rclpy_guard_conditions/hook/pythonpath.ps1'
[8.408s] INFO:colcon.colcon_core.shell:Creating environment descriptor '/home/intern1/ros2_ws/install/examples_rclpy_guard_conditions/share/examples_rclpy_guard_conditions/hook/pythonpath.dsv'
[8.410s] INFO:colcon.colcon_core.shell:Creating environment hook '/home/intern1/ros2_ws/install/examples_rclpy_guard_conditions/share/examples_rclpy_guard_conditions/hook/pythonpath.sh'
[8.413s] Level 1:colcon.colcon_core.environment:checking '/home/intern1/ros2_ws/install/examples_rclpy_guard_conditions/bin'
[8.413s] Level 1:colcon.colcon_core.environment:create_environment_scripts_only(examples_rclpy_guard_conditions)
[8.414s] INFO:colcon.colcon_core.shell:Creating package script '/home/intern1/ros2_ws/install/examples_rclpy_guard_conditions/share/examples_rclpy_guard_conditions/package.ps1'
[8.416s] INFO:colcon.colcon_core.shell:Creating package descriptor '/home/intern1/ros2_ws/install/examples_rclpy_guard_conditions/share/examples_rclpy_guard_conditions/package.dsv'
[8.417s] INFO:colcon.colcon_core.shell:Creating package script '/home/intern1/ros2_ws/install/examples_rclpy_guard_conditions/share/examples_rclpy_guard_conditions/package.sh'
[8.418s] INFO:colcon.colcon_core.shell:Creating package script '/home/intern1/ros2_ws/install/examples_rclpy_guard_conditions/share/examples_rclpy_guard_conditions/package.bash'
[8.420s] INFO:colcon.colcon_core.shell:Creating package script '/home/intern1/ros2_ws/install/examples_rclpy_guard_conditions/share/examples_rclpy_guard_conditions/package.zsh'
[8.421s] Level 1:colcon.colcon_core.environment:create_file_with_runtime_dependencies(/home/intern1/ros2_ws/install/examples_rclpy_guard_conditions/share/colcon-core/packages/examples_rclpy_guard_conditions)
[8.428s] DEBUG:colcon.colcon_core.event_handler.log_command:Invoking command in '/home/intern1/ros2_ws/src/examples/rclpy/topics/pointcloud_publisher': DEBUGINFOD_URLS=https://debuginfod.ubuntu.com PYTHONPATH=/home/intern1/ros2_ws/build/examples_rclpy_pointcloud_publisher/prefix_override:/usr/lib/python3/dist-packages/colcon_core/task/python/colcon_distutils_commands:/home/intern1/ros2_ws/install/examples_rclpy_pointcloud_publisher/lib/python3.12/site-packages:${PYTHONPATH} /usr/bin/python3 -W ignore:setup.py install is deprecated -W ignore:easy_install command is deprecated setup.py egg_info --egg-base ../../../../../build/examples_rclpy_pointcloud_publisher build --build-base /home/intern1/ros2_ws/build/examples_rclpy_pointcloud_publisher/build install --record /home/intern1/ros2_ws/build/examples_rclpy_pointcloud_publisher/install.log --single-version-externally-managed install_data
[8.514s] DEBUG:colcon.colcon_core.event_handler.log_command:Invoking command in '/home/intern1/ros2_ws/src/examples/rclpy/services/minimal_service': DEBUGINFOD_URLS=https://debuginfod.ubuntu.com PYTHONPATH=/home/intern1/ros2_ws/build/examples_rclpy_minimal_service/prefix_override:/usr/lib/python3/dist-packages/colcon_core/task/python/colcon_distutils_commands:/home/intern1/ros2_ws/install/examples_rclpy_minimal_service/lib/python3.12/site-packages:${PYTHONPATH} /usr/bin/python3 -W ignore:setup.py install is deprecated -W ignore:easy_install command is deprecated setup.py egg_info --egg-base ../../../../../build/examples_rclpy_minimal_service build --build-base /home/intern1/ros2_ws/build/examples_rclpy_minimal_service/build install --record /home/intern1/ros2_ws/build/examples_rclpy_minimal_service/install.log --single-version-externally-managed install_data
[8.587s] DEBUG:colcon.colcon_core.event_handler.log_command:Invoking command in '/home/intern1/ros2_ws/src/examples/rclpy/topics/minimal_publisher': DEBUGINFOD_URLS=https://debuginfod.ubuntu.com PYTHONPATH=/home/intern1/ros2_ws/build/examples_rclpy_minimal_publisher/prefix_override:/usr/lib/python3/dist-packages/colcon_core/task/python/colcon_distutils_commands:/home/intern1/ros2_ws/install/examples_rclpy_minimal_publisher/lib/python3.12/site-packages:${PYTHONPATH} /usr/bin/python3 -W ignore:setup.py install is deprecated -W ignore:easy_install command is deprecated setup.py egg_info --egg-base ../../../../../build/examples_rclpy_minimal_publisher build --build-base /home/intern1/ros2_ws/build/examples_rclpy_minimal_publisher/build install --record /home/intern1/ros2_ws/build/examples_rclpy_minimal_publisher/install.log --single-version-externally-managed install_data
[8.631s] DEBUG:colcon.colcon_core.event_handler.log_command:Invoking command in '/home/intern1/ros2_ws/src/examples/rclpy/actions/minimal_action_client': DEBUGINFOD_URLS=https://debuginfod.ubuntu.com PYTHONPATH=/home/intern1/ros2_ws/build/examples_rclpy_minimal_action_client/prefix_override:/usr/lib/python3/dist-packages/colcon_core/task/python/colcon_distutils_commands:/home/intern1/ros2_ws/install/examples_rclpy_minimal_action_client/lib/python3.12/site-packages:${PYTHONPATH} /usr/bin/python3 -W ignore:setup.py install is deprecated -W ignore:easy_install command is deprecated setup.py egg_info --egg-base ../../../../../build/examples_rclpy_minimal_action_client build --build-base /home/intern1/ros2_ws/build/examples_rclpy_minimal_action_client/build install --record /home/intern1/ros2_ws/build/examples_rclpy_minimal_action_client/install.log --single-version-externally-managed install_data
[8.639s] DEBUG:colcon.colcon_core.event_handler.log_command:Invoking command in '/home/intern1/ros2_ws/src/examples/rclpy/topics/minimal_subscriber': DEBUGINFOD_URLS=https://debuginfod.ubuntu.com PYTHONPATH=/home/intern1/ros2_ws/build/examples_rclpy_minimal_subscriber/prefix_override:/usr/lib/python3/dist-packages/colcon_core/task/python/colcon_distutils_commands:/home/intern1/ros2_ws/install/examples_rclpy_minimal_subscriber/lib/python3.12/site-packages:${PYTHONPATH} /usr/bin/python3 -W ignore:setup.py install is deprecated -W ignore:easy_install command is deprecated setup.py egg_info --egg-base ../../../../../build/examples_rclpy_minimal_subscriber build --build-base /home/intern1/ros2_ws/build/examples_rclpy_minimal_subscriber/build install --record /home/intern1/ros2_ws/build/examples_rclpy_minimal_subscriber/install.log --single-version-externally-managed install_data
[8.935s] DEBUG:colcon.colcon_core.event_handler.log_command:Invoking command in '/home/intern1/ros2_ws/src/examples/launch_testing/launch_testing_examples': DEBUGINFOD_URLS=https://debuginfod.ubuntu.com PYTHONPATH=/home/intern1/ros2_ws/build/launch_testing_examples/prefix_override:/usr/lib/python3/dist-packages/colcon_core/task/python/colcon_distutils_commands:/home/intern1/ros2_ws/install/launch_testing_examples/lib/python3.12/site-packages:${PYTHONPATH} /usr/bin/python3 -W ignore:setup.py install is deprecated -W ignore:easy_install command is deprecated setup.py egg_info --egg-base ../../../../build/launch_testing_examples build --build-base /home/intern1/ros2_ws/build/launch_testing_examples/build install --record /home/intern1/ros2_ws/build/launch_testing_examples/install.log --single-version-externally-managed install_data
[9.022s] DEBUG:colcon.colcon_core.event_handler.log_command:Invoking command in '/home/intern1/ros2_ws/src/tb3_multi_robot': DEBUGINFOD_URLS=https://debuginfod.ubuntu.com PYTHONPATH=/home/intern1/ros2_ws/build/tb3_multi_robot/prefix_override:/usr/lib/python3/dist-packages/colcon_core/task/python/colcon_distutils_commands:/home/intern1/ros2_ws/install/tb3_multi_robot/lib/python3.12/site-packages:${PYTHONPATH} /usr/bin/python3 -W ignore:setup.py install is deprecated -W ignore:easy_install command is deprecated setup.py egg_info --egg-base ../../build/tb3_multi_robot build --build-base /home/intern1/ros2_ws/build/tb3_multi_robot/build install --record /home/intern1/ros2_ws/build/tb3_multi_robot/install.log --single-version-externally-managed install_data
[9.043s] DEBUG:colcon.colcon_core.event_handler.log_command:Invoked command in '/home/intern1/ros2_ws/build/turtlesim' returned '0': CMAKE_PREFIX_PATH=${CMAKE_PREFIX_PATH}:/home/intern1/ros2_ws/install/tb3_multi_robot:/home/intern1/ros2_ws/install/launch_testing_examples:/home/intern1/ros2_ws/install/examples_rclpy_pointcloud_publisher:/home/intern1/ros2_ws/install/examples_rclpy_minimal_subscriber:/home/intern1/ros2_ws/install/examples_rclpy_minimal_service:/home/intern1/ros2_ws/install/examples_rclpy_minimal_publisher:/home/intern1/ros2_ws/install/examples_rclpy_minimal_client:/home/intern1/ros2_ws/install/examples_rclpy_minimal_action_server:/home/intern1/ros2_ws/install/examples_rclpy_minimal_action_client:/home/intern1/ros2_ws/install/examples_rclpy_guard_conditions:/home/intern1/ros2_ws/install/examples_rclpy_executors:/home/intern1/ros2_ws/install/education_material:/home/intern1/ros2_ws/install/camera_follow:/home/intern1/ros2_ws/install/amr_ws:/opt/ros/jazzy DEBUGINFOD_URLS=https://debuginfod.ubuntu.com /usr/bin/cmake --build /home/intern1/ros2_ws/build/turtlesim -- -j14 -l14
[9.044s] DEBUG:colcon.colcon_core.event_handler.log_command:Invoking command in '/home/intern1/ros2_ws/build/turtlesim': CMAKE_PREFIX_PATH=${CMAKE_PREFIX_PATH}:/home/intern1/ros2_ws/install/tb3_multi_robot:/home/intern1/ros2_ws/install/launch_testing_examples:/home/intern1/ros2_ws/install/examples_rclpy_pointcloud_publisher:/home/intern1/ros2_ws/install/examples_rclpy_minimal_subscriber:/home/intern1/ros2_ws/install/examples_rclpy_minimal_service:/home/intern1/ros2_ws/install/examples_rclpy_minimal_publisher:/home/intern1/ros2_ws/install/examples_rclpy_minimal_client:/home/intern1/ros2_ws/install/examples_rclpy_minimal_action_server:/home/intern1/ros2_ws/install/examples_rclpy_minimal_action_client:/home/intern1/ros2_ws/install/examples_rclpy_guard_conditions:/home/intern1/ros2_ws/install/examples_rclpy_executors:/home/intern1/ros2_ws/install/education_material:/home/intern1/ros2_ws/install/camera_follow:/home/intern1/ros2_ws/install/amr_ws:/opt/ros/jazzy DEBUGINFOD_URLS=https://debuginfod.ubuntu.com /usr/bin/cmake --install /home/intern1/ros2_ws/build/turtlesim
[9.473s] Level 1:colcon.colcon_core.environment:checking '/home/intern1/ros2_ws/install/examples_rclpy_minimal_action_server' for CMake module files
[9.474s] Level 1:colcon.colcon_core.environment:checking '/home/intern1/ros2_ws/install/examples_rclpy_minimal_action_server' for CMake config files
[9.475s] Level 1:colcon.colcon_core.environment:checking '/home/intern1/ros2_ws/install/examples_rclpy_minimal_action_server/lib'
[9.475s] Level 1:colcon.colcon_core.environment:checking '/home/intern1/ros2_ws/install/examples_rclpy_minimal_action_server/bin'
[9.475s] Level 1:colcon.colcon_core.environment:checking '/home/intern1/ros2_ws/install/examples_rclpy_minimal_action_server/lib/pkgconfig/examples_rclpy_minimal_action_server.pc'
[9.475s] Level 1:colcon.colcon_core.environment:checking '/home/intern1/ros2_ws/install/examples_rclpy_minimal_action_server/lib/python3.12/site-packages'
[9.475s] Level 1:colcon.colcon_core.shell:create_environment_hook('examples_rclpy_minimal_action_server', 'pythonpath')
[9.476s] INFO:colcon.colcon_core.shell:Creating environment hook '/home/intern1/ros2_ws/install/examples_rclpy_minimal_action_server/share/examples_rclpy_minimal_action_server/hook/pythonpath.ps1'
[9.480s] INFO:colcon.colcon_core.shell:Creating environment descriptor '/home/intern1/ros2_ws/install/examples_rclpy_minimal_action_server/share/examples_rclpy_minimal_action_server/hook/pythonpath.dsv'
[9.484s] INFO:colcon.colcon_core.shell:Creating environment hook '/home/intern1/ros2_ws/install/examples_rclpy_minimal_action_server/share/examples_rclpy_minimal_action_server/hook/pythonpath.sh'
[9.495s] Level 1:colcon.colcon_core.environment:checking '/home/intern1/ros2_ws/install/examples_rclpy_minimal_action_server/bin'
[9.495s] Level 1:colcon.colcon_core.environment:create_environment_scripts_only(examples_rclpy_minimal_action_server)
[9.496s] INFO:colcon.colcon_core.shell:Creating package script '/home/intern1/ros2_ws/install/examples_rclpy_minimal_action_server/share/examples_rclpy_minimal_action_server/package.ps1'
[9.501s] INFO:colcon.colcon_core.shell:Creating package descriptor '/home/intern1/ros2_ws/install/examples_rclpy_minimal_action_server/share/examples_rclpy_minimal_action_server/package.dsv'
[9.505s] INFO:colcon.colcon_core.shell:Creating package script '/home/intern1/ros2_ws/install/examples_rclpy_minimal_action_server/share/examples_rclpy_minimal_action_server/package.sh'
[9.508s] DEBUG:colcon.colcon_core.event_handler.log_command:Invoked command in '/home/intern1/ros2_ws/src/examples/rclpy/actions/minimal_action_server' returned '0': DEBUGINFOD_URLS=https://debuginfod.ubuntu.com PYTHONPATH=/home/intern1/ros2_ws/build/examples_rclpy_minimal_action_server/prefix_override:/usr/lib/python3/dist-packages/colcon_core/task/python/colcon_distutils_commands:/home/intern1/ros2_ws/install/examples_rclpy_minimal_action_server/lib/python3.12/site-packages:${PYTHONPATH} /usr/bin/python3 -W ignore:setup.py install is deprecated -W ignore:easy_install command is deprecated setup.py egg_info --egg-base ../../../../../build/examples_rclpy_minimal_action_server build --build-base /home/intern1/ros2_ws/build/examples_rclpy_minimal_action_server/build install --record /home/intern1/ros2_ws/build/examples_rclpy_minimal_action_server/install.log --single-version-externally-managed install_data
[9.512s] INFO:colcon.colcon_core.shell:Creating package script '/home/intern1/ros2_ws/install/examples_rclpy_minimal_action_server/share/examples_rclpy_minimal_action_server/package.bash'
[9.513s] INFO:colcon.colcon_core.shell:Creating package script '/home/intern1/ros2_ws/install/examples_rclpy_minimal_action_server/share/examples_rclpy_minimal_action_server/package.zsh'
[9.515s] Level 1:colcon.colcon_core.environment:create_file_with_runtime_dependencies(/home/intern1/ros2_ws/install/examples_rclpy_minimal_action_server/share/colcon-core/packages/examples_rclpy_minimal_action_server)
[9.542s] Level 1:colcon.colcon_core.environment:checking '/home/intern1/ros2_ws/install/examples_rclpy_minimal_client' for CMake module files
[9.543s] Level 1:colcon.colcon_core.environment:checking '/home/intern1/ros2_ws/install/examples_rclpy_minimal_client' for CMake config files
[9.543s] Level 1:colcon.colcon_core.environment:checking '/home/intern1/ros2_ws/install/examples_rclpy_minimal_client/lib'
[9.544s] Level 1:colcon.colcon_core.environment:checking '/home/intern1/ros2_ws/install/examples_rclpy_minimal_client/bin'
[9.544s] Level 1:colcon.colcon_core.environment:checking '/home/intern1/ros2_ws/install/examples_rclpy_minimal_client/lib/pkgconfig/examples_rclpy_minimal_client.pc'
[9.544s] Level 1:colcon.colcon_core.environment:checking '/home/intern1/ros2_ws/install/examples_rclpy_minimal_client/lib/python3.12/site-packages'
[9.544s] Level 1:colcon.colcon_core.shell:create_environment_hook('examples_rclpy_minimal_client', 'pythonpath')
[9.545s] INFO:colcon.colcon_core.shell:Creating environment hook '/home/intern1/ros2_ws/install/examples_rclpy_minimal_client/share/examples_rclpy_minimal_client/hook/pythonpath.ps1'
[9.542s] DEBUG:colcon.colcon_core.event_handler.log_command:Invoked command in '/home/intern1/ros2_ws/src/examples/rclpy/services/minimal_client' returned '0': DEBUGINFOD_URLS=https://debuginfod.ubuntu.com PYTHONPATH=/home/intern1/ros2_ws/build/examples_rclpy_minimal_client/prefix_override:/usr/lib/python3/dist-packages/colcon_core/task/python/colcon_distutils_commands:/home/intern1/ros2_ws/install/examples_rclpy_minimal_client/lib/python3.12/site-packages:${PYTHONPATH} /usr/bin/python3 -W ignore:setup.py install is deprecated -W ignore:easy_install command is deprecated setup.py egg_info --egg-base ../../../../../build/examples_rclpy_minimal_client build --build-base /home/intern1/ros2_ws/build/examples_rclpy_minimal_client/build install --record /home/intern1/ros2_ws/build/examples_rclpy_minimal_client/install.log --single-version-externally-managed install_data
[9.545s] INFO:colcon.colcon_core.shell:Creating environment descriptor '/home/intern1/ros2_ws/install/examples_rclpy_minimal_client/share/examples_rclpy_minimal_client/hook/pythonpath.dsv'
[9.547s] INFO:colcon.colcon_core.shell:Creating environment hook '/home/intern1/ros2_ws/install/examples_rclpy_minimal_client/share/examples_rclpy_minimal_client/hook/pythonpath.sh'
[9.548s] Level 1:colcon.colcon_core.environment:checking '/home/intern1/ros2_ws/install/examples_rclpy_minimal_client/bin'
[9.548s] Level 1:colcon.colcon_core.environment:create_environment_scripts_only(examples_rclpy_minimal_client)
[9.548s] INFO:colcon.colcon_core.shell:Creating package script '/home/intern1/ros2_ws/install/examples_rclpy_minimal_client/share/examples_rclpy_minimal_client/package.ps1'
[9.549s] INFO:colcon.colcon_core.shell:Creating package descriptor '/home/intern1/ros2_ws/install/examples_rclpy_minimal_client/share/examples_rclpy_minimal_client/package.dsv'
[9.550s] INFO:colcon.colcon_core.shell:Creating package script '/home/intern1/ros2_ws/install/examples_rclpy_minimal_client/share/examples_rclpy_minimal_client/package.sh'
[9.551s] INFO:colcon.colcon_core.shell:Creating package script '/home/intern1/ros2_ws/install/examples_rclpy_minimal_client/share/examples_rclpy_minimal_client/package.bash'
[9.551s] INFO:colcon.colcon_core.shell:Creating package script '/home/intern1/ros2_ws/install/examples_rclpy_minimal_client/share/examples_rclpy_minimal_client/package.zsh'
[9.552s] Level 1:colcon.colcon_core.environment:create_file_with_runtime_dependencies(/home/intern1/ros2_ws/install/examples_rclpy_minimal_client/share/colcon-core/packages/examples_rclpy_minimal_client)
[9.585s] Level 1:colcon.colcon_core.environment:checking '/home/intern1/ros2_ws/install/examples_rclpy_pointcloud_publisher' for CMake module files
[9.587s] DEBUG:colcon.colcon_core.event_handler.log_command:Invoked command in '/home/intern1/ros2_ws/src/examples/rclpy/topics/pointcloud_publisher' returned '0': DEBUGINFOD_URLS=https://debuginfod.ubuntu.com PYTHONPATH=/home/intern1/ros2_ws/build/examples_rclpy_pointcloud_publisher/prefix_override:/usr/lib/python3/dist-packages/colcon_core/task/python/colcon_distutils_commands:/home/intern1/ros2_ws/install/examples_rclpy_pointcloud_publisher/lib/python3.12/site-packages:${PYTHONPATH} /usr/bin/python3 -W ignore:setup.py install is deprecated -W ignore:easy_install command is deprecated setup.py egg_info --egg-base ../../../../../build/examples_rclpy_pointcloud_publisher build --build-base /home/intern1/ros2_ws/build/examples_rclpy_pointcloud_publisher/build install --record /home/intern1/ros2_ws/build/examples_rclpy_pointcloud_publisher/install.log --single-version-externally-managed install_data
[9.588s] Level 1:colcon.colcon_core.environment:checking '/home/intern1/ros2_ws/install/examples_rclpy_pointcloud_publisher' for CMake config files
[9.595s] Level 1:colcon.colcon_core.environment:checking '/home/intern1/ros2_ws/install/examples_rclpy_pointcloud_publisher/lib'
[9.596s] Level 1:colcon.colcon_core.environment:checking '/home/intern1/ros2_ws/install/examples_rclpy_pointcloud_publisher/bin'
[9.596s] Level 1:colcon.colcon_core.environment:checking '/home/intern1/ros2_ws/install/examples_rclpy_pointcloud_publisher/lib/pkgconfig/examples_rclpy_pointcloud_publisher.pc'
[9.597s] Level 1:colcon.colcon_core.environment:checking '/home/intern1/ros2_ws/install/examples_rclpy_pointcloud_publisher/lib/python3.12/site-packages'
[9.597s] Level 1:colcon.colcon_core.shell:create_environment_hook('examples_rclpy_pointcloud_publisher', 'pythonpath')
[9.597s] INFO:colcon.colcon_core.shell:Creating environment hook '/home/intern1/ros2_ws/install/examples_rclpy_pointcloud_publisher/share/examples_rclpy_pointcloud_publisher/hook/pythonpath.ps1'
[9.599s] INFO:colcon.colcon_core.shell:Creating environment descriptor '/home/intern1/ros2_ws/install/examples_rclpy_pointcloud_publisher/share/examples_rclpy_pointcloud_publisher/hook/pythonpath.dsv'
[9.600s] INFO:colcon.colcon_core.shell:Creating environment hook '/home/intern1/ros2_ws/install/examples_rclpy_pointcloud_publisher/share/examples_rclpy_pointcloud_publisher/hook/pythonpath.sh'
[9.602s] Level 1:colcon.colcon_core.environment:checking '/home/intern1/ros2_ws/install/examples_rclpy_pointcloud_publisher/bin'
[9.603s] Level 1:colcon.colcon_core.environment:create_environment_scripts_only(examples_rclpy_pointcloud_publisher)
[9.603s] INFO:colcon.colcon_core.shell:Creating package script '/home/intern1/ros2_ws/install/examples_rclpy_pointcloud_publisher/share/examples_rclpy_pointcloud_publisher/package.ps1'
[9.604s] INFO:colcon.colcon_core.shell:Creating package descriptor '/home/intern1/ros2_ws/install/examples_rclpy_pointcloud_publisher/share/examples_rclpy_pointcloud_publisher/package.dsv'
[9.606s] INFO:colcon.colcon_core.shell:Creating package script '/home/intern1/ros2_ws/install/examples_rclpy_pointcloud_publisher/share/examples_rclpy_pointcloud_publisher/package.sh'
[9.607s] INFO:colcon.colcon_core.shell:Creating package script '/home/intern1/ros2_ws/install/examples_rclpy_pointcloud_publisher/share/examples_rclpy_pointcloud_publisher/package.bash'
[9.609s] INFO:colcon.colcon_core.shell:Creating package script '/home/intern1/ros2_ws/install/examples_rclpy_pointcloud_publisher/share/examples_rclpy_pointcloud_publisher/package.zsh'
[9.610s] Level 1:colcon.colcon_core.environment:create_file_with_runtime_dependencies(/home/intern1/ros2_ws/install/examples_rclpy_pointcloud_publisher/share/colcon-core/packages/examples_rclpy_pointcloud_publisher)
[9.616s] Level 1:colcon.colcon_core.environment:create_environment_scripts_only(turtlesim)
[9.617s] Level 1:colcon.colcon_core.environment:checking '/home/intern1/ros2_ws/install/turtlesim' for CMake module files
[9.618s] DEBUG:colcon.colcon_core.event_handler.log_command:Invoked command in '/home/intern1/ros2_ws/build/turtlesim' returned '0': CMAKE_PREFIX_PATH=${CMAKE_PREFIX_PATH}:/home/intern1/ros2_ws/install/tb3_multi_robot:/home/intern1/ros2_ws/install/launch_testing_examples:/home/intern1/ros2_ws/install/examples_rclpy_pointcloud_publisher:/home/intern1/ros2_ws/install/examples_rclpy_minimal_subscriber:/home/intern1/ros2_ws/install/examples_rclpy_minimal_service:/home/intern1/ros2_ws/install/examples_rclpy_minimal_publisher:/home/intern1/ros2_ws/install/examples_rclpy_minimal_client:/home/intern1/ros2_ws/install/examples_rclpy_minimal_action_server:/home/intern1/ros2_ws/install/examples_rclpy_minimal_action_client:/home/intern1/ros2_ws/install/examples_rclpy_guard_conditions:/home/intern1/ros2_ws/install/examples_rclpy_executors:/home/intern1/ros2_ws/install/education_material:/home/intern1/ros2_ws/install/camera_follow:/home/intern1/ros2_ws/install/amr_ws:/opt/ros/jazzy DEBUGINFOD_URLS=https://debuginfod.ubuntu.com /usr/bin/cmake --install /home/intern1/ros2_ws/build/turtlesim
[9.620s] Level 1:colcon.colcon_core.environment:checking '/home/intern1/ros2_ws/install/turtlesim' for CMake config files
[9.621s] Level 1:colcon.colcon_core.shell:create_environment_hook('turtlesim', 'cmake_prefix_path')
[9.622s] INFO:colcon.colcon_core.shell:Creating environment hook '/home/intern1/ros2_ws/install/turtlesim/share/turtlesim/hook/cmake_prefix_path.ps1'
[9.623s] INFO:colcon.colcon_core.shell:Creating environment descriptor '/home/intern1/ros2_ws/install/turtlesim/share/turtlesim/hook/cmake_prefix_path.dsv'
[9.623s] INFO:colcon.colcon_core.shell:Creating environment hook '/home/intern1/ros2_ws/install/turtlesim/share/turtlesim/hook/cmake_prefix_path.sh'
[9.625s] Level 1:colcon.colcon_core.environment:checking '/home/intern1/ros2_ws/install/turtlesim/lib'
[9.625s] Level 1:colcon.colcon_core.shell:create_environment_hook('turtlesim', 'ld_library_path_lib')
[9.625s] INFO:colcon.colcon_core.shell:Creating environment hook '/home/intern1/ros2_ws/install/turtlesim/share/turtlesim/hook/ld_library_path_lib.ps1'
[9.626s] INFO:colcon.colcon_core.shell:Creating environment descriptor '/home/intern1/ros2_ws/install/turtlesim/share/turtlesim/hook/ld_library_path_lib.dsv'
[9.626s] INFO:colcon.colcon_core.shell:Creating environment hook '/home/intern1/ros2_ws/install/turtlesim/share/turtlesim/hook/ld_library_path_lib.sh'
[9.627s] Level 1:colcon.colcon_core.environment:checking '/home/intern1/ros2_ws/install/turtlesim/bin'
[9.627s] Level 1:colcon.colcon_core.environment:checking '/home/intern1/ros2_ws/install/turtlesim/lib/pkgconfig/turtlesim.pc'
[9.628s] Level 1:colcon.colcon_core.environment:checking '/home/intern1/ros2_ws/install/turtlesim/lib/python3.12/site-packages'
[9.629s] Level 1:colcon.colcon_core.shell:create_environment_hook('turtlesim', 'pythonpath')
[9.629s] INFO:colcon.colcon_core.shell:Creating environment hook '/home/intern1/ros2_ws/install/turtlesim/share/turtlesim/hook/pythonpath.ps1'
[9.630s] INFO:colcon.colcon_core.shell:Creating environment descriptor '/home/intern1/ros2_ws/install/turtlesim/share/turtlesim/hook/pythonpath.dsv'
[9.632s] INFO:colcon.colcon_core.shell:Creating environment hook '/home/intern1/ros2_ws/install/turtlesim/share/turtlesim/hook/pythonpath.sh'
[9.633s] Level 1:colcon.colcon_core.environment:checking '/home/intern1/ros2_ws/install/turtlesim/bin'
[9.634s] INFO:colcon.colcon_core.shell:Creating package script '/home/intern1/ros2_ws/install/turtlesim/share/turtlesim/package.ps1'
[9.635s] INFO:colcon.colcon_core.shell:Creating package descriptor '/home/intern1/ros2_ws/install/turtlesim/share/turtlesim/package.dsv'
[9.636s] INFO:colcon.colcon_core.shell:Creating package script '/home/intern1/ros2_ws/install/turtlesim/share/turtlesim/package.sh'
[9.636s] INFO:colcon.colcon_core.shell:Creating package script '/home/intern1/ros2_ws/install/turtlesim/share/turtlesim/package.bash'
[9.637s] INFO:colcon.colcon_core.shell:Creating package script '/home/intern1/ros2_ws/install/turtlesim/share/turtlesim/package.zsh'
[9.638s] Level 1:colcon.colcon_core.environment:create_file_with_runtime_dependencies(/home/intern1/ros2_ws/install/turtlesim/share/colcon-core/packages/turtlesim)
[9.639s] Level 1:colcon.colcon_core.environment:create_environment_scripts_only(turtlesim)
[9.639s] Level 1:colcon.colcon_core.environment:checking '/home/intern1/ros2_ws/install/turtlesim' for CMake module files
[9.641s] Level 1:colcon.colcon_core.environment:checking '/home/intern1/ros2_ws/install/turtlesim' for CMake config files
[9.642s] Level 1:colcon.colcon_core.shell:create_environment_hook('turtlesim', 'cmake_prefix_path')
[9.642s] INFO:colcon.colcon_core.shell:Creating environment hook '/home/intern1/ros2_ws/install/turtlesim/share/turtlesim/hook/cmake_prefix_path.ps1'
[9.643s] INFO:colcon.colcon_core.shell:Creating environment descriptor '/home/intern1/ros2_ws/install/turtlesim/share/turtlesim/hook/cmake_prefix_path.dsv'
[9.644s] INFO:colcon.colcon_core.shell:Creating environment hook '/home/intern1/ros2_ws/install/turtlesim/share/turtlesim/hook/cmake_prefix_path.sh'
[9.644s] Level 1:colcon.colcon_core.environment:checking '/home/intern1/ros2_ws/install/turtlesim/lib'
[9.645s] Level 1:colcon.colcon_core.shell:create_environment_hook('turtlesim', 'ld_library_path_lib')
[9.645s] INFO:colcon.colcon_core.shell:Creating environment hook '/home/intern1/ros2_ws/install/turtlesim/share/turtlesim/hook/ld_library_path_lib.ps1'
[9.646s] INFO:colcon.colcon_core.shell:Creating environment descriptor '/home/intern1/ros2_ws/install/turtlesim/share/turtlesim/hook/ld_library_path_lib.dsv'
[9.647s] INFO:colcon.colcon_core.shell:Creating environment hook '/home/intern1/ros2_ws/install/turtlesim/share/turtlesim/hook/ld_library_path_lib.sh'
[9.648s] Level 1:colcon.colcon_core.environment:checking '/home/intern1/ros2_ws/install/turtlesim/bin'
[9.648s] Level 1:colcon.colcon_core.environment:checking '/home/intern1/ros2_ws/install/turtlesim/lib/pkgconfig/turtlesim.pc'
[9.648s] Level 1:colcon.colcon_core.environment:checking '/home/intern1/ros2_ws/install/turtlesim/lib/python3.12/site-packages'
[9.648s] Level 1:colcon.colcon_core.shell:create_environment_hook('turtlesim', 'pythonpath')
[9.649s] INFO:colcon.colcon_core.shell:Creating environment hook '/home/intern1/ros2_ws/install/turtlesim/share/turtlesim/hook/pythonpath.ps1'
[9.649s] INFO:colcon.colcon_core.shell:Creating environment descriptor '/home/intern1/ros2_ws/install/turtlesim/share/turtlesim/hook/pythonpath.dsv'
[9.650s] INFO:colcon.colcon_core.shell:Creating environment hook '/home/intern1/ros2_ws/install/turtlesim/share/turtlesim/hook/pythonpath.sh'
[9.651s] Level 1:colcon.colcon_core.environment:checking '/home/intern1/ros2_ws/install/turtlesim/bin'
[9.651s] INFO:colcon.colcon_core.shell:Creating package script '/home/intern1/ros2_ws/install/turtlesim/share/turtlesim/package.ps1'
[9.652s] INFO:colcon.colcon_core.shell:Creating package descriptor '/home/intern1/ros2_ws/install/turtlesim/share/turtlesim/package.dsv'
[9.653s] INFO:colcon.colcon_core.shell:Creating package script '/home/intern1/ros2_ws/install/turtlesim/share/turtlesim/package.sh'
[9.654s] INFO:colcon.colcon_core.shell:Creating package script '/home/intern1/ros2_ws/install/turtlesim/share/turtlesim/package.bash'
[9.654s] INFO:colcon.colcon_core.shell:Creating package script '/home/intern1/ros2_ws/install/turtlesim/share/turtlesim/package.zsh'
[9.655s] Level 1:colcon.colcon_core.environment:create_file_with_runtime_dependencies(/home/intern1/ros2_ws/install/turtlesim/share/colcon-core/packages/turtlesim)
[9.657s] Level 1:colcon.colcon_core.environment:checking '/home/intern1/ros2_ws/install/examples_rclpy_minimal_service' for CMake module files
[9.658s] DEBUG:colcon.colcon_core.event_handler.log_command:Invoked command in '/home/intern1/ros2_ws/src/examples/rclpy/services/minimal_service' returned '0': DEBUGINFOD_URLS=https://debuginfod.ubuntu.com PYTHONPATH=/home/intern1/ros2_ws/build/examples_rclpy_minimal_service/prefix_override:/usr/lib/python3/dist-packages/colcon_core/task/python/colcon_distutils_commands:/home/intern1/ros2_ws/install/examples_rclpy_minimal_service/lib/python3.12/site-packages:${PYTHONPATH} /usr/bin/python3 -W ignore:setup.py install is deprecated -W ignore:easy_install command is deprecated setup.py egg_info --egg-base ../../../../../build/examples_rclpy_minimal_service build --build-base /home/intern1/ros2_ws/build/examples_rclpy_minimal_service/build install --record /home/intern1/ros2_ws/build/examples_rclpy_minimal_service/install.log --single-version-externally-managed install_data
[9.659s] Level 1:colcon.colcon_core.environment:checking '/home/intern1/ros2_ws/install/examples_rclpy_minimal_service' for CMake config files
[9.659s] Level 1:colcon.colcon_core.environment:checking '/home/intern1/ros2_ws/install/examples_rclpy_minimal_service/lib'
[9.659s] Level 1:colcon.colcon_core.environment:checking '/home/intern1/ros2_ws/install/examples_rclpy_minimal_service/bin'
[9.660s] Level 1:colcon.colcon_core.environment:checking '/home/intern1/ros2_ws/install/examples_rclpy_minimal_service/lib/pkgconfig/examples_rclpy_minimal_service.pc'
[9.660s] Level 1:colcon.colcon_core.environment:checking '/home/intern1/ros2_ws/install/examples_rclpy_minimal_service/lib/python3.12/site-packages'
[9.660s] Level 1:colcon.colcon_core.shell:create_environment_hook('examples_rclpy_minimal_service', 'pythonpath')
[9.660s] INFO:colcon.colcon_core.shell:Creating environment hook '/home/intern1/ros2_ws/install/examples_rclpy_minimal_service/share/examples_rclpy_minimal_service/hook/pythonpath.ps1'
[9.661s] INFO:colcon.colcon_core.shell:Creating environment descriptor '/home/intern1/ros2_ws/install/examples_rclpy_minimal_service/share/examples_rclpy_minimal_service/hook/pythonpath.dsv'
[9.661s] INFO:colcon.colcon_core.shell:Creating environment hook '/home/intern1/ros2_ws/install/examples_rclpy_minimal_service/share/examples_rclpy_minimal_service/hook/pythonpath.sh'
[9.662s] Level 1:colcon.colcon_core.environment:checking '/home/intern1/ros2_ws/install/examples_rclpy_minimal_service/bin'
[9.663s] Level 1:colcon.colcon_core.environment:create_environment_scripts_only(examples_rclpy_minimal_service)
[9.663s] INFO:colcon.colcon_core.shell:Creating package script '/home/intern1/ros2_ws/install/examples_rclpy_minimal_service/share/examples_rclpy_minimal_service/package.ps1'
[9.664s] INFO:colcon.colcon_core.shell:Creating package descriptor '/home/intern1/ros2_ws/install/examples_rclpy_minimal_service/share/examples_rclpy_minimal_service/package.dsv'
[9.664s] INFO:colcon.colcon_core.shell:Creating package script '/home/intern1/ros2_ws/install/examples_rclpy_minimal_service/share/examples_rclpy_minimal_service/package.sh'
[9.665s] INFO:colcon.colcon_core.shell:Creating package script '/home/intern1/ros2_ws/install/examples_rclpy_minimal_service/share/examples_rclpy_minimal_service/package.bash'
[9.665s] INFO:colcon.colcon_core.shell:Creating package script '/home/intern1/ros2_ws/install/examples_rclpy_minimal_service/share/examples_rclpy_minimal_service/package.zsh'
[9.666s] Level 1:colcon.colcon_core.environment:create_file_with_runtime_dependencies(/home/intern1/ros2_ws/install/examples_rclpy_minimal_service/share/colcon-core/packages/examples_rclpy_minimal_service)
[9.668s] Level 1:colcon.colcon_core.environment:checking '/home/intern1/ros2_ws/install/examples_rclpy_minimal_publisher' for CMake module files
[9.670s] DEBUG:colcon.colcon_core.event_handler.log_command:Invoked command in '/home/intern1/ros2_ws/src/examples/rclpy/topics/minimal_publisher' returned '0': DEBUGINFOD_URLS=https://debuginfod.ubuntu.com PYTHONPATH=/home/intern1/ros2_ws/build/examples_rclpy_minimal_publisher/prefix_override:/usr/lib/python3/dist-packages/colcon_core/task/python/colcon_distutils_commands:/home/intern1/ros2_ws/install/examples_rclpy_minimal_publisher/lib/python3.12/site-packages:${PYTHONPATH} /usr/bin/python3 -W ignore:setup.py install is deprecated -W ignore:easy_install command is deprecated setup.py egg_info --egg-base ../../../../../build/examples_rclpy_minimal_publisher build --build-base /home/intern1/ros2_ws/build/examples_rclpy_minimal_publisher/build install --record /home/intern1/ros2_ws/build/examples_rclpy_minimal_publisher/install.log --single-version-externally-managed install_data
[9.670s] Level 1:colcon.colcon_core.environment:checking '/home/intern1/ros2_ws/install/examples_rclpy_minimal_publisher' for CMake config files
[9.671s] Level 1:colcon.colcon_core.environment:checking '/home/intern1/ros2_ws/install/examples_rclpy_minimal_publisher/lib'
[9.671s] Level 1:colcon.colcon_core.environment:checking '/home/intern1/ros2_ws/install/examples_rclpy_minimal_publisher/bin'
[9.671s] Level 1:colcon.colcon_core.environment:checking '/home/intern1/ros2_ws/install/examples_rclpy_minimal_publisher/lib/pkgconfig/examples_rclpy_minimal_publisher.pc'
[9.672s] Level 1:colcon.colcon_core.environment:checking '/home/intern1/ros2_ws/install/examples_rclpy_minimal_publisher/lib/python3.12/site-packages'
[9.672s] Level 1:colcon.colcon_core.shell:create_environment_hook('examples_rclpy_minimal_publisher', 'pythonpath')
[9.672s] INFO:colcon.colcon_core.shell:Creating environment hook '/home/intern1/ros2_ws/install/examples_rclpy_minimal_publisher/share/examples_rclpy_minimal_publisher/hook/pythonpath.ps1'
[9.673s] INFO:colcon.colcon_core.shell:Creating environment descriptor '/home/intern1/ros2_ws/install/examples_rclpy_minimal_publisher/share/examples_rclpy_minimal_publisher/hook/pythonpath.dsv'
[9.673s] INFO:colcon.colcon_core.shell:Creating environment hook '/home/intern1/ros2_ws/install/examples_rclpy_minimal_publisher/share/examples_rclpy_minimal_publisher/hook/pythonpath.sh'
[9.674s] Level 1:colcon.colcon_core.environment:checking '/home/intern1/ros2_ws/install/examples_rclpy_minimal_publisher/bin'
[9.674s] Level 1:colcon.colcon_core.environment:create_environment_scripts_only(examples_rclpy_minimal_publisher)
[9.675s] INFO:colcon.colcon_core.shell:Creating package script '/home/intern1/ros2_ws/install/examples_rclpy_minimal_publisher/share/examples_rclpy_minimal_publisher/package.ps1'
[9.676s] INFO:colcon.colcon_core.shell:Creating package descriptor '/home/intern1/ros2_ws/install/examples_rclpy_minimal_publisher/share/examples_rclpy_minimal_publisher/package.dsv'
[9.677s] INFO:colcon.colcon_core.shell:Creating package script '/home/intern1/ros2_ws/install/examples_rclpy_minimal_publisher/share/examples_rclpy_minimal_publisher/package.sh'
[9.677s] INFO:colcon.colcon_core.shell:Creating package script '/home/intern1/ros2_ws/install/examples_rclpy_minimal_publisher/share/examples_rclpy_minimal_publisher/package.bash'
[9.678s] INFO:colcon.colcon_core.shell:Creating package script '/home/intern1/ros2_ws/install/examples_rclpy_minimal_publisher/share/examples_rclpy_minimal_publisher/package.zsh'
[9.679s] Level 1:colcon.colcon_core.environment:create_file_with_runtime_dependencies(/home/intern1/ros2_ws/install/examples_rclpy_minimal_publisher/share/colcon-core/packages/examples_rclpy_minimal_publisher)
[9.682s] Level 1:colcon.colcon_core.environment:checking '/home/intern1/ros2_ws/install/examples_rclpy_minimal_subscriber' for CMake module files
[9.684s] DEBUG:colcon.colcon_core.event_handler.log_command:Invoked command in '/home/intern1/ros2_ws/src/examples/rclpy/topics/minimal_subscriber' returned '0': DEBUGINFOD_URLS=https://debuginfod.ubuntu.com PYTHONPATH=/home/intern1/ros2_ws/build/examples_rclpy_minimal_subscriber/prefix_override:/usr/lib/python3/dist-packages/colcon_core/task/python/colcon_distutils_commands:/home/intern1/ros2_ws/install/examples_rclpy_minimal_subscriber/lib/python3.12/site-packages:${PYTHONPATH} /usr/bin/python3 -W ignore:setup.py install is deprecated -W ignore:easy_install command is deprecated setup.py egg_info --egg-base ../../../../../build/examples_rclpy_minimal_subscriber build --build-base /home/intern1/ros2_ws/build/examples_rclpy_minimal_subscriber/build install --record /home/intern1/ros2_ws/build/examples_rclpy_minimal_subscriber/install.log --single-version-externally-managed install_data
[9.685s] Level 1:colcon.colcon_core.environment:checking '/home/intern1/ros2_ws/install/examples_rclpy_minimal_subscriber' for CMake config files
[9.686s] Level 1:colcon.colcon_core.environment:checking '/home/intern1/ros2_ws/install/examples_rclpy_minimal_subscriber/lib'
[9.686s] Level 1:colcon.colcon_core.environment:checking '/home/intern1/ros2_ws/install/examples_rclpy_minimal_subscriber/bin'
[9.687s] Level 1:colcon.colcon_core.environment:checking '/home/intern1/ros2_ws/install/examples_rclpy_minimal_subscriber/lib/pkgconfig/examples_rclpy_minimal_subscriber.pc'
[9.687s] Level 1:colcon.colcon_core.environment:checking '/home/intern1/ros2_ws/install/examples_rclpy_minimal_subscriber/lib/python3.12/site-packages'
[9.688s] Level 1:colcon.colcon_core.shell:create_environment_hook('examples_rclpy_minimal_subscriber', 'pythonpath')
[9.688s] INFO:colcon.colcon_core.shell:Creating environment hook '/home/intern1/ros2_ws/install/examples_rclpy_minimal_subscriber/share/examples_rclpy_minimal_subscriber/hook/pythonpath.ps1'
[9.689s] INFO:colcon.colcon_core.shell:Creating environment descriptor '/home/intern1/ros2_ws/install/examples_rclpy_minimal_subscriber/share/examples_rclpy_minimal_subscriber/hook/pythonpath.dsv'
[9.690s] INFO:colcon.colcon_core.shell:Creating environment hook '/home/intern1/ros2_ws/install/examples_rclpy_minimal_subscriber/share/examples_rclpy_minimal_subscriber/hook/pythonpath.sh'
[9.691s] Level 1:colcon.colcon_core.environment:checking '/home/intern1/ros2_ws/install/examples_rclpy_minimal_subscriber/bin'
[9.691s] Level 1:colcon.colcon_core.environment:create_environment_scripts_only(examples_rclpy_minimal_subscriber)
[9.692s] INFO:colcon.colcon_core.shell:Creating package script '/home/intern1/ros2_ws/install/examples_rclpy_minimal_subscriber/share/examples_rclpy_minimal_subscriber/package.ps1'
[9.693s] INFO:colcon.colcon_core.shell:Creating package descriptor '/home/intern1/ros2_ws/install/examples_rclpy_minimal_subscriber/share/examples_rclpy_minimal_subscriber/package.dsv'
[9.694s] INFO:colcon.colcon_core.shell:Creating package script '/home/intern1/ros2_ws/install/examples_rclpy_minimal_subscriber/share/examples_rclpy_minimal_subscriber/package.sh'
[9.695s] INFO:colcon.colcon_core.shell:Creating package script '/home/intern1/ros2_ws/install/examples_rclpy_minimal_subscriber/share/examples_rclpy_minimal_subscriber/package.bash'
[9.695s] INFO:colcon.colcon_core.shell:Creating package script '/home/intern1/ros2_ws/install/examples_rclpy_minimal_subscriber/share/examples_rclpy_minimal_subscriber/package.zsh'
[9.696s] Level 1:colcon.colcon_core.environment:create_file_with_runtime_dependencies(/home/intern1/ros2_ws/install/examples_rclpy_minimal_subscriber/share/colcon-core/packages/examples_rclpy_minimal_subscriber)
[9.732s] Level 1:colcon.colcon_core.environment:checking '/home/intern1/ros2_ws/install/examples_rclpy_minimal_action_client' for CMake module files
[9.733s] DEBUG:colcon.colcon_core.event_handler.log_command:Invoked command in '/home/intern1/ros2_ws/src/examples/rclpy/actions/minimal_action_client' returned '0': DEBUGINFOD_URLS=https://debuginfod.ubuntu.com PYTHONPATH=/home/intern1/ros2_ws/build/examples_rclpy_minimal_action_client/prefix_override:/usr/lib/python3/dist-packages/colcon_core/task/python/colcon_distutils_commands:/home/intern1/ros2_ws/install/examples_rclpy_minimal_action_client/lib/python3.12/site-packages:${PYTHONPATH} /usr/bin/python3 -W ignore:setup.py install is deprecated -W ignore:easy_install command is deprecated setup.py egg_info --egg-base ../../../../../build/examples_rclpy_minimal_action_client build --build-base /home/intern1/ros2_ws/build/examples_rclpy_minimal_action_client/build install --record /home/intern1/ros2_ws/build/examples_rclpy_minimal_action_client/install.log --single-version-externally-managed install_data
[9.734s] Level 1:colcon.colcon_core.environment:checking '/home/intern1/ros2_ws/install/examples_rclpy_minimal_action_client' for CMake config files
[9.736s] Level 1:colcon.colcon_core.environment:checking '/home/intern1/ros2_ws/install/examples_rclpy_minimal_action_client/lib'
[9.736s] Level 1:colcon.colcon_core.environment:checking '/home/intern1/ros2_ws/install/examples_rclpy_minimal_action_client/bin'
[9.736s] Level 1:colcon.colcon_core.environment:checking '/home/intern1/ros2_ws/install/examples_rclpy_minimal_action_client/lib/pkgconfig/examples_rclpy_minimal_action_client.pc'
[9.737s] Level 1:colcon.colcon_core.environment:checking '/home/intern1/ros2_ws/install/examples_rclpy_minimal_action_client/lib/python3.12/site-packages'
[9.737s] Level 1:colcon.colcon_core.shell:create_environment_hook('examples_rclpy_minimal_action_client', 'pythonpath')
[9.738s] INFO:colcon.colcon_core.shell:Creating environment hook '/home/intern1/ros2_ws/install/examples_rclpy_minimal_action_client/share/examples_rclpy_minimal_action_client/hook/pythonpath.ps1'
[9.739s] INFO:colcon.colcon_core.shell:Creating environment descriptor '/home/intern1/ros2_ws/install/examples_rclpy_minimal_action_client/share/examples_rclpy_minimal_action_client/hook/pythonpath.dsv'
[9.740s] INFO:colcon.colcon_core.shell:Creating environment hook '/home/intern1/ros2_ws/install/examples_rclpy_minimal_action_client/share/examples_rclpy_minimal_action_client/hook/pythonpath.sh'
[9.741s] Level 1:colcon.colcon_core.environment:checking '/home/intern1/ros2_ws/install/examples_rclpy_minimal_action_client/bin'
[9.742s] Level 1:colcon.colcon_core.environment:create_environment_scripts_only(examples_rclpy_minimal_action_client)
[9.742s] INFO:colcon.colcon_core.shell:Creating package script '/home/intern1/ros2_ws/install/examples_rclpy_minimal_action_client/share/examples_rclpy_minimal_action_client/package.ps1'
[9.743s] INFO:colcon.colcon_core.shell:Creating package descriptor '/home/intern1/ros2_ws/install/examples_rclpy_minimal_action_client/share/examples_rclpy_minimal_action_client/package.dsv'
[9.744s] INFO:colcon.colcon_core.shell:Creating package script '/home/intern1/ros2_ws/install/examples_rclpy_minimal_action_client/share/examples_rclpy_minimal_action_client/package.sh'
[9.745s] INFO:colcon.colcon_core.shell:Creating package script '/home/intern1/ros2_ws/install/examples_rclpy_minimal_action_client/share/examples_rclpy_minimal_action_client/package.bash'
[9.746s] INFO:colcon.colcon_core.shell:Creating package script '/home/intern1/ros2_ws/install/examples_rclpy_minimal_action_client/share/examples_rclpy_minimal_action_client/package.zsh'
[9.747s] Level 1:colcon.colcon_core.environment:create_file_with_runtime_dependencies(/home/intern1/ros2_ws/install/examples_rclpy_minimal_action_client/share/colcon-core/packages/examples_rclpy_minimal_action_client)
[9.861s] Level 1:colcon.colcon_core.environment:checking '/home/intern1/ros2_ws/install/launch_testing_examples' for CMake module files
[9.863s] DEBUG:colcon.colcon_core.event_handler.log_command:Invoked command in '/home/intern1/ros2_ws/src/examples/launch_testing/launch_testing_examples' returned '0': DEBUGINFOD_URLS=https://debuginfod.ubuntu.com PYTHONPATH=/home/intern1/ros2_ws/build/launch_testing_examples/prefix_override:/usr/lib/python3/dist-packages/colcon_core/task/python/colcon_distutils_commands:/home/intern1/ros2_ws/install/launch_testing_examples/lib/python3.12/site-packages:${PYTHONPATH} /usr/bin/python3 -W ignore:setup.py install is deprecated -W ignore:easy_install command is deprecated setup.py egg_info --egg-base ../../../../build/launch_testing_examples build --build-base /home/intern1/ros2_ws/build/launch_testing_examples/build install --record /home/intern1/ros2_ws/build/launch_testing_examples/install.log --single-version-externally-managed install_data
[9.863s] Level 1:colcon.colcon_core.environment:checking '/home/intern1/ros2_ws/install/launch_testing_examples' for CMake config files
[9.864s] Level 1:colcon.colcon_core.environment:checking '/home/intern1/ros2_ws/install/launch_testing_examples/lib'
[9.864s] Level 1:colcon.colcon_core.environment:checking '/home/intern1/ros2_ws/install/launch_testing_examples/bin'
[9.865s] Level 1:colcon.colcon_core.environment:checking '/home/intern1/ros2_ws/install/launch_testing_examples/lib/pkgconfig/launch_testing_examples.pc'
[9.865s] Level 1:colcon.colcon_core.environment:checking '/home/intern1/ros2_ws/install/launch_testing_examples/lib/python3.12/site-packages'
[9.865s] Level 1:colcon.colcon_core.shell:create_environment_hook('launch_testing_examples', 'pythonpath')
[9.866s] INFO:colcon.colcon_core.shell:Creating environment hook '/home/intern1/ros2_ws/install/launch_testing_examples/share/launch_testing_examples/hook/pythonpath.ps1'
[9.867s] INFO:colcon.colcon_core.shell:Creating environment descriptor '/home/intern1/ros2_ws/install/launch_testing_examples/share/launch_testing_examples/hook/pythonpath.dsv'
[9.868s] INFO:colcon.colcon_core.shell:Creating environment hook '/home/intern1/ros2_ws/install/launch_testing_examples/share/launch_testing_examples/hook/pythonpath.sh'
[9.870s] Level 1:colcon.colcon_core.environment:checking '/home/intern1/ros2_ws/install/launch_testing_examples/bin'
[9.870s] Level 1:colcon.colcon_core.environment:create_environment_scripts_only(launch_testing_examples)
[9.871s] INFO:colcon.colcon_core.shell:Creating package script '/home/intern1/ros2_ws/install/launch_testing_examples/share/launch_testing_examples/package.ps1'
[9.872s] INFO:colcon.colcon_core.shell:Creating package descriptor '/home/intern1/ros2_ws/install/launch_testing_examples/share/launch_testing_examples/package.dsv'
[9.873s] INFO:colcon.colcon_core.shell:Creating package script '/home/intern1/ros2_ws/install/launch_testing_examples/share/launch_testing_examples/package.sh'
[9.874s] INFO:colcon.colcon_core.shell:Creating package script '/home/intern1/ros2_ws/install/launch_testing_examples/share/launch_testing_examples/package.bash'
[9.875s] INFO:colcon.colcon_core.shell:Creating package script '/home/intern1/ros2_ws/install/launch_testing_examples/share/launch_testing_examples/package.zsh'
[9.876s] Level 1:colcon.colcon_core.environment:create_file_with_runtime_dependencies(/home/intern1/ros2_ws/install/launch_testing_examples/share/colcon-core/packages/launch_testing_examples)
[10.011s] Level 1:colcon.colcon_core.environment:checking '/home/intern1/ros2_ws/install/tb3_multi_robot' for CMake module files
[10.012s] DEBUG:colcon.colcon_core.event_handler.log_command:Invoked command in '/home/intern1/ros2_ws/src/tb3_multi_robot' returned '0': DEBUGINFOD_URLS=https://debuginfod.ubuntu.com PYTHONPATH=/home/intern1/ros2_ws/build/tb3_multi_robot/prefix_override:/usr/lib/python3/dist-packages/colcon_core/task/python/colcon_distutils_commands:/home/intern1/ros2_ws/install/tb3_multi_robot/lib/python3.12/site-packages:${PYTHONPATH} /usr/bin/python3 -W ignore:setup.py install is deprecated -W ignore:easy_install command is deprecated setup.py egg_info --egg-base ../../build/tb3_multi_robot build --build-base /home/intern1/ros2_ws/build/tb3_multi_robot/build install --record /home/intern1/ros2_ws/build/tb3_multi_robot/install.log --single-version-externally-managed install_data
[10.014s] Level 1:colcon.colcon_core.environment:checking '/home/intern1/ros2_ws/install/tb3_multi_robot' for CMake config files
[10.016s] Level 1:colcon.colcon_core.environment:checking '/home/intern1/ros2_ws/install/tb3_multi_robot/lib'
[10.017s] Level 1:colcon.colcon_core.environment:checking '/home/intern1/ros2_ws/install/tb3_multi_robot/bin'
[10.017s] Level 1:colcon.colcon_core.shell:create_environment_hook('tb3_multi_robot', 'path')
[10.018s] INFO:colcon.colcon_core.shell:Creating environment hook '/home/intern1/ros2_ws/install/tb3_multi_robot/share/tb3_multi_robot/hook/path.ps1'
[10.019s] INFO:colcon.colcon_core.shell:Creating environment descriptor '/home/intern1/ros2_ws/install/tb3_multi_robot/share/tb3_multi_robot/hook/path.dsv'
[10.021s] INFO:colcon.colcon_core.shell:Creating environment hook '/home/intern1/ros2_ws/install/tb3_multi_robot/share/tb3_multi_robot/hook/path.sh'
[10.022s] Level 1:colcon.colcon_core.environment:checking '/home/intern1/ros2_ws/install/tb3_multi_robot/lib/pkgconfig/tb3_multi_robot.pc'
[10.023s] Level 1:colcon.colcon_core.environment:checking '/home/intern1/ros2_ws/install/tb3_multi_robot/lib/python3.12/site-packages'
[10.023s] Level 1:colcon.colcon_core.shell:create_environment_hook('tb3_multi_robot', 'pythonpath')
[10.024s] INFO:colcon.colcon_core.shell:Creating environment hook '/home/intern1/ros2_ws/install/tb3_multi_robot/share/tb3_multi_robot/hook/pythonpath.ps1'
[10.026s] INFO:colcon.colcon_core.shell:Creating environment descriptor '/home/intern1/ros2_ws/install/tb3_multi_robot/share/tb3_multi_robot/hook/pythonpath.dsv'
[10.027s] INFO:colcon.colcon_core.shell:Creating environment hook '/home/intern1/ros2_ws/install/tb3_multi_robot/share/tb3_multi_robot/hook/pythonpath.sh'
[10.029s] Level 1:colcon.colcon_core.environment:checking '/home/intern1/ros2_ws/install/tb3_multi_robot/bin'
[10.029s] Level 1:colcon.colcon_core.shell:create_environment_hook('tb3_multi_robot', 'pythonscriptspath')
[10.030s] INFO:colcon.colcon_core.shell:Creating environment hook '/home/intern1/ros2_ws/install/tb3_multi_robot/share/tb3_multi_robot/hook/pythonscriptspath.ps1'
[10.031s] INFO:colcon.colcon_core.shell:Creating environment descriptor '/home/intern1/ros2_ws/install/tb3_multi_robot/share/tb3_multi_robot/hook/pythonscriptspath.dsv'
[10.032s] INFO:colcon.colcon_core.shell:Creating environment hook '/home/intern1/ros2_ws/install/tb3_multi_robot/share/tb3_multi_robot/hook/pythonscriptspath.sh'
[10.032s] Level 1:colcon.colcon_core.environment:create_environment_scripts_only(tb3_multi_robot)
[10.033s] INFO:colcon.colcon_core.shell:Creating package script '/home/intern1/ros2_ws/install/tb3_multi_robot/share/tb3_multi_robot/package.ps1'
[10.034s] INFO:colcon.colcon_core.shell:Creating package descriptor '/home/intern1/ros2_ws/install/tb3_multi_robot/share/tb3_multi_robot/package.dsv'
[10.035s] INFO:colcon.colcon_core.shell:Creating package script '/home/intern1/ros2_ws/install/tb3_multi_robot/share/tb3_multi_robot/package.sh'
[10.036s] INFO:colcon.colcon_core.shell:Creating package script '/home/intern1/ros2_ws/install/tb3_multi_robot/share/tb3_multi_robot/package.bash'
[10.036s] INFO:colcon.colcon_core.shell:Creating package script '/home/intern1/ros2_ws/install/tb3_multi_robot/share/tb3_multi_robot/package.zsh'
[10.037s] Level 1:colcon.colcon_core.environment:create_file_with_runtime_dependencies(/home/intern1/ros2_ws/install/tb3_multi_robot/share/colcon-core/packages/tb3_multi_robot)
[10.037s] DEBUG:colcon.colcon_parallel_executor.executor.parallel:closing loop
[10.038s] DEBUG:colcon.colcon_parallel_executor.executor.parallel:loop closed
[10.038s] DEBUG:colcon.colcon_parallel_executor.executor.parallel:run_until_complete finished with '0'
[10.038s] DEBUG:colcon.colcon_core.event_reactor:joining thread
[10.059s] INFO:colcon.colcon_core.plugin_system:Skipping extension 'colcon_notification.desktop_notification.terminal_notifier': Not used on non-Darwin systems
[10.059s] INFO:colcon.colcon_core.plugin_system:Skipping extension 'colcon_notification.desktop_notification.win32': Not used on non-Windows systems
[10.059s] INFO:colcon.colcon_notification.desktop_notification:Sending desktop notification using 'notify2'
[10.092s] DEBUG:colcon.colcon_core.event_reactor:joined thread
[10.093s] INFO:colcon.colcon_core.shell:Creating prefix script '/home/intern1/ros2_ws/install/local_setup.ps1'
[10.096s] INFO:colcon.colcon_core.shell:Creating prefix util module '/home/intern1/ros2_ws/install/_local_setup_util_ps1.py'
[10.100s] INFO:colcon.colcon_core.shell:Creating prefix chain script '/home/intern1/ros2_ws/install/setup.ps1'
[10.103s] INFO:colcon.colcon_core.shell:Creating prefix script '/home/intern1/ros2_ws/install/local_setup.sh'
[10.103s] INFO:colcon.colcon_core.shell:Creating prefix util module '/home/intern1/ros2_ws/install/_local_setup_util_sh.py'
[10.104s] INFO:colcon.colcon_core.shell:Creating prefix chain script '/home/intern1/ros2_ws/install/setup.sh'
[10.107s] INFO:colcon.colcon_core.shell:Creating prefix script '/home/intern1/ros2_ws/install/local_setup.bash'
[10.107s] INFO:colcon.colcon_core.shell:Creating prefix chain script '/home/intern1/ros2_ws/install/setup.bash'
[10.109s] INFO:colcon.colcon_core.shell:Creating prefix script '/home/intern1/ros2_ws/install/local_setup.zsh'
[10.110s] INFO:colcon.colcon_core.shell:Creating prefix chain script '/home/intern1/ros2_ws/install/setup.zsh'
